# Model for the 3D surface pages: a spire with near-vertical flanks, a broad dome
# and a clipped plateau, filling the 4 x 3 x 0.75 in stock. The mix of gradients is
# the point: cleanup removes what a finish leaves in the steep regions.
o terrain
v 0.4000 0.3600 0.0508
v 0.4337 0.3600 0.0509
v 0.4337 0.3940 0.0516
v 0.4000 0.3940 0.0515
v 0.4337 0.4281 0.0529
v 0.4000 0.4281 0.0528
v 0.4337 0.4621 0.0550
v 0.4000 0.4621 0.0548
v 0.4337 0.4961 0.0582
v 0.4000 0.4961 0.0577
v 0.4337 0.5301 0.0626
v 0.4000 0.5301 0.0620
v 0.4337 0.5642 0.0685
v 0.4000 0.5642 0.0676
v 0.4337 0.5982 0.0758
v 0.4000 0.5982 0.0746
v 0.4337 0.6322 0.0841
v 0.4000 0.6322 0.0825
v 0.4337 0.6663 0.0928
v 0.4000 0.6663 0.0907
v 0.4337 0.7003 0.1008
v 0.4000 0.7003 0.0983
v 0.4337 0.7343 0.1073
v 0.4000 0.7343 0.1044
v 0.4337 0.7684 0.1112
v 0.4000 0.7684 0.1082
v 0.4337 0.8024 0.1120
v 0.4000 0.8024 0.1089
v 0.4337 0.8364 0.1095
v 0.4000 0.8364 0.1066
v 0.4337 0.8704 0.1042
v 0.4000 0.8704 0.1015
v 0.4337 0.9045 0.0968
v 0.4000 0.9045 0.0945
v 0.4337 0.9385 0.0884
v 0.4000 0.9385 0.0865
v 0.4337 0.9725 0.0799
v 0.4000 0.9725 0.0784
v 0.4337 1.0066 0.0721
v 0.4000 1.0066 0.0710
v 0.4337 1.0406 0.0656
v 0.4000 1.0406 0.0648
v 0.4337 1.0746 0.0605
v 0.4000 1.0746 0.0599
v 0.4337 1.1087 0.0568
v 0.4000 1.1087 0.0564
v 0.4337 1.1427 0.0543
v 0.4000 1.1427 0.0541
v 0.4337 1.1767 0.0528
v 0.4000 1.1767 0.0525
v 0.4337 1.2107 0.0518
v 0.4000 1.2107 0.0516
v 0.4337 1.2448 0.0513
v 0.4000 1.2448 0.0511
v 0.4337 1.2788 0.0510
v 0.4000 1.2788 0.0509
v 0.4337 1.3128 0.0509
v 0.4000 1.3128 0.0508
v 0.4337 1.3469 0.0508
v 0.4000 1.3469 0.0507
v 0.4337 1.3809 0.0508
v 0.4000 1.3809 0.0507
v 0.4337 1.4149 0.0508
v 0.4000 1.4149 0.0507
v 0.4337 1.4490 0.0509
v 0.4000 1.4490 0.0507
v 0.4337 1.4830 0.0509
v 0.4000 1.4830 0.0507
v 0.4337 1.5170 0.0509
v 0.4000 1.5170 0.0507
v 0.4337 1.5510 0.0509
v 0.4000 1.5510 0.0507
v 0.4337 1.5851 0.0510
v 0.4000 1.5851 0.0507
v 0.4337 1.6191 0.0510
v 0.4000 1.6191 0.0507
v 0.4337 1.6531 0.0510
v 0.4000 1.6531 0.0507
v 0.4337 1.6872 0.0510
v 0.4000 1.6872 0.0507
v 0.4337 1.7212 0.0509
v 0.4000 1.7212 0.0507
v 0.4337 1.7552 0.0509
v 0.4000 1.7552 0.0506
v 0.4337 1.7893 0.0508
v 0.4000 1.7893 0.0506
v 0.4337 1.8233 0.0507
v 0.4000 1.8233 0.0505
v 0.4337 1.8573 0.0507
v 0.4000 1.8573 0.0505
v 0.4337 1.8913 0.0506
v 0.4000 1.8913 0.0504
v 0.4337 1.9254 0.0505
v 0.4000 1.9254 0.0504
v 0.4337 1.9594 0.0504
v 0.4000 1.9594 0.0503
v 0.4337 1.9934 0.0504
v 0.4000 1.9934 0.0503
v 0.4337 2.0275 0.0503
v 0.4000 2.0275 0.0503
v 0.4337 2.0615 0.0503
v 0.4000 2.0615 0.0502
v 0.4337 2.0955 0.0502
v 0.4000 2.0955 0.0502
v 0.4337 2.1296 0.0502
v 0.4000 2.1296 0.0502
v 0.4337 2.1636 0.0502
v 0.4000 2.1636 0.0501
v 0.4337 2.1976 0.0502
v 0.4000 2.1976 0.0501
v 0.4337 2.2316 0.0501
v 0.4000 2.2316 0.0501
v 0.4337 2.2657 0.0501
v 0.4000 2.2657 0.0501
v 0.4337 2.2997 0.0501
v 0.4000 2.2997 0.0501
v 0.4337 2.3337 0.0501
v 0.4000 2.3337 0.0501
v 0.4337 2.3678 0.0501
v 0.4000 2.3678 0.0501
v 0.4337 2.4018 0.0501
v 0.4000 2.4018 0.0501
v 0.4337 2.4358 0.0501
v 0.4000 2.4358 0.0500
v 0.4337 2.4699 0.0500
v 0.4000 2.4699 0.0500
v 0.4337 2.5039 0.0500
v 0.4000 2.5039 0.0500
v 0.4337 2.5379 0.0500
v 0.4000 2.5379 0.0500
v 0.4337 2.5719 0.0500
v 0.4000 2.5719 0.0500
v 0.4337 2.6060 0.0500
v 0.4000 2.6060 0.0500
v 0.4337 2.6400 0.0500
v 0.4000 2.6400 0.0500
v 0.4674 0.3600 0.0509
v 0.4674 0.3940 0.0517
v 0.4674 0.4281 0.0531
v 0.4674 0.4621 0.0553
v 0.4674 0.4961 0.0586
v 0.4674 0.5301 0.0633
v 0.4674 0.5642 0.0695
v 0.4674 0.5982 0.0772
v 0.4674 0.6322 0.0859
v 0.4674 0.6663 0.0950
v 0.4674 0.7003 0.1034
v 0.4674 0.7343 0.1102
v 0.4674 0.7684 0.1143
v 0.4674 0.8024 0.1151
v 0.4674 0.8364 0.1125
v 0.4674 0.8704 0.1070
v 0.4674 0.9045 0.0992
v 0.4674 0.9385 0.0904
v 0.4674 0.9725 0.0815
v 0.4674 1.0066 0.0733
v 0.4674 1.0406 0.0665
v 0.4674 1.0746 0.0611
v 0.4674 1.1087 0.0573
v 0.4674 1.1427 0.0547
v 0.4674 1.1767 0.0530
v 0.4674 1.2107 0.0520
v 0.4674 1.2448 0.0515
v 0.4674 1.2788 0.0512
v 0.4674 1.3128 0.0511
v 0.4674 1.3469 0.0510
v 0.4674 1.3809 0.0510
v 0.4674 1.4149 0.0510
v 0.4674 1.4490 0.0511
v 0.4674 1.4830 0.0511
v 0.4674 1.5170 0.0512
v 0.4674 1.5510 0.0512
v 0.4674 1.5851 0.0513
v 0.4674 1.6191 0.0513
v 0.4674 1.6531 0.0514
v 0.4674 1.6872 0.0513
v 0.4674 1.7212 0.0513
v 0.4674 1.7552 0.0512
v 0.4674 1.7893 0.0511
v 0.4674 1.8233 0.0510
v 0.4674 1.8573 0.0509
v 0.4674 1.8913 0.0508
v 0.4674 1.9254 0.0507
v 0.4674 1.9594 0.0506
v 0.4674 1.9934 0.0505
v 0.4674 2.0275 0.0504
v 0.4674 2.0615 0.0503
v 0.4674 2.0955 0.0503
v 0.4674 2.1296 0.0503
v 0.4674 2.1636 0.0502
v 0.4674 2.1976 0.0502
v 0.4674 2.2316 0.0502
v 0.4674 2.2657 0.0501
v 0.4674 2.2997 0.0501
v 0.4674 2.3337 0.0501
v 0.4674 2.3678 0.0501
v 0.4674 2.4018 0.0501
v 0.4674 2.4358 0.0501
v 0.4674 2.4699 0.0501
v 0.4674 2.5039 0.0500
v 0.4674 2.5379 0.0500
v 0.4674 2.5719 0.0500
v 0.4674 2.6060 0.0500
v 0.4674 2.6400 0.0500
v 0.5011 0.3600 0.0510
v 0.5011 0.3940 0.0518
v 0.5011 0.4281 0.0532
v 0.5011 0.4621 0.0556
v 0.5011 0.4961 0.0590
v 0.5011 0.5301 0.0640
v 0.5011 0.5642 0.0705
v 0.5011 0.5982 0.0785
v 0.5011 0.6322 0.0877
v 0.5011 0.6663 0.0972
v 0.5011 0.7003 0.1061
v 0.5011 0.7343 0.1132
v 0.5011 0.7684 0.1175
v 0.5011 0.8024 0.1184
v 0.5011 0.8364 0.1157
v 0.5011 0.8704 0.1098
v 0.5011 0.9045 0.1017
v 0.5011 0.9385 0.0925
v 0.5011 0.9725 0.0831
v 0.5011 1.0066 0.0746
v 0.5011 1.0406 0.0674
v 0.5011 1.0746 0.0618
v 0.5011 1.1087 0.0578
v 0.5011 1.1427 0.0550
v 0.5011 1.1767 0.0533
v 0.5011 1.2107 0.0523
v 0.5011 1.2448 0.0517
v 0.5011 1.2788 0.0514
v 0.5011 1.3128 0.0513
v 0.5011 1.3469 0.0512
v 0.5011 1.3809 0.0513
v 0.5011 1.4149 0.0513
v 0.5011 1.4490 0.0514
v 0.5011 1.4830 0.0515
v 0.5011 1.5170 0.0516
v 0.5011 1.5510 0.0517
v 0.5011 1.5851 0.0518
v 0.5011 1.6191 0.0519
v 0.5011 1.6531 0.0519
v 0.5011 1.6872 0.0519
v 0.5011 1.7212 0.0519
v 0.5011 1.7552 0.0518
v 0.5011 1.7893 0.0517
v 0.5011 1.8233 0.0515
v 0.5011 1.8573 0.0513
v 0.5011 1.8913 0.0511
v 0.5011 1.9254 0.0509
v 0.5011 1.9594 0.0508
v 0.5011 1.9934 0.0507
v 0.5011 2.0275 0.0505
v 0.5011 2.0615 0.0504
v 0.5011 2.0955 0.0504
v 0.5011 2.1296 0.0503
v 0.5011 2.1636 0.0503
v 0.5011 2.1976 0.0502
v 0.5011 2.2316 0.0502
v 0.5011 2.2657 0.0502
v 0.5011 2.2997 0.0501
v 0.5011 2.3337 0.0501
v 0.5011 2.3678 0.0501
v 0.5011 2.4018 0.0501
v 0.5011 2.4358 0.0501
v 0.5011 2.4699 0.0501
v 0.5011 2.5039 0.0501
v 0.5011 2.5379 0.0500
v 0.5011 2.5719 0.0500
v 0.5011 2.6060 0.0500
v 0.5011 2.6400 0.0500
v 0.5347 0.3600 0.0510
v 0.5347 0.3940 0.0519
v 0.5347 0.4281 0.0534
v 0.5347 0.4621 0.0558
v 0.5347 0.4961 0.0595
v 0.5347 0.5301 0.0646
v 0.5347 0.5642 0.0715
v 0.5347 0.5982 0.0799
v 0.5347 0.6322 0.0895
v 0.5347 0.6663 0.0995
v 0.5347 0.7003 0.1088
v 0.5347 0.7343 0.1163
v 0.5347 0.7684 0.1208
v 0.5347 0.8024 0.1217
v 0.5347 0.8364 0.1189
v 0.5347 0.8704 0.1128
v 0.5347 0.9045 0.1043
v 0.5347 0.9385 0.0946
v 0.5347 0.9725 0.0848
v 0.5347 1.0066 0.0759
v 0.5347 1.0406 0.0683
v 0.5347 1.0746 0.0625
v 0.5347 1.1087 0.0583
v 0.5347 1.1427 0.0554
v 0.5347 1.1767 0.0536
v 0.5347 1.2107 0.0525
v 0.5347 1.2448 0.0519
v 0.5347 1.2788 0.0517
v 0.5347 1.3128 0.0515
v 0.5347 1.3469 0.0515
v 0.5347 1.3809 0.0516
v 0.5347 1.4149 0.0517
v 0.5347 1.4490 0.0518
v 0.5347 1.4830 0.0520
v 0.5347 1.5170 0.0522
v 0.5347 1.5510 0.0524
v 0.5347 1.5851 0.0526
v 0.5347 1.6191 0.0527
v 0.5347 1.6531 0.0528
v 0.5347 1.6872 0.0529
v 0.5347 1.7212 0.0528
v 0.5347 1.7552 0.0527
v 0.5347 1.7893 0.0525
v 0.5347 1.8233 0.0522
v 0.5347 1.8573 0.0519
v 0.5347 1.8913 0.0516
v 0.5347 1.9254 0.0513
v 0.5347 1.9594 0.0511
v 0.5347 1.9934 0.0509
v 0.5347 2.0275 0.0507
v 0.5347 2.0615 0.0506
v 0.5347 2.0955 0.0505
v 0.5347 2.1296 0.0504
v 0.5347 2.1636 0.0503
v 0.5347 2.1976 0.0503
v 0.5347 2.2316 0.0502
v 0.5347 2.2657 0.0502
v 0.5347 2.2997 0.0502
v 0.5347 2.3337 0.0501
v 0.5347 2.3678 0.0501
v 0.5347 2.4018 0.0501
v 0.5347 2.4358 0.0501
v 0.5347 2.4699 0.0501
v 0.5347 2.5039 0.0501
v 0.5347 2.5379 0.0501
v 0.5347 2.5719 0.0500
v 0.5347 2.6060 0.0500
v 0.5347 2.6400 0.0500
v 0.5684 0.3600 0.0511
v 0.5684 0.3940 0.0520
v 0.5684 0.4281 0.0536
v 0.5684 0.4621 0.0561
v 0.5684 0.4961 0.0600
v 0.5684 0.5301 0.0654
v 0.5684 0.5642 0.0725
v 0.5684 0.5982 0.0814
v 0.5684 0.6322 0.0914
v 0.5684 0.6663 0.1019
v 0.5684 0.7003 0.1116
v 0.5684 0.7343 0.1194
v 0.5684 0.7684 0.1242
v 0.5684 0.8024 0.1252
v 0.5684 0.8364 0.1222
v 0.5684 0.8704 0.1158
v 0.5684 0.9045 0.1070
v 0.5684 0.9385 0.0968
v 0.5684 0.9725 0.0866
v 0.5684 1.0066 0.0772
v 0.5684 1.0406 0.0694
v 0.5684 1.0746 0.0632
v 0.5684 1.1087 0.0588
v 0.5684 1.1427 0.0558
v 0.5684 1.1767 0.0539
v 0.5684 1.2107 0.0528
v 0.5684 1.2448 0.0522
v 0.5684 1.2788 0.0520
v 0.5684 1.3128 0.0519
v 0.5684 1.3469 0.0519
v 0.5684 1.3809 0.0520
v 0.5684 1.4149 0.0522
v 0.5684 1.4490 0.0524
v 0.5684 1.4830 0.0527
v 0.5684 1.5170 0.0530
v 0.5684 1.5510 0.0534
v 0.5684 1.5851 0.0537
v 0.5684 1.6191 0.0540
v 0.5684 1.6531 0.0542
v 0.5684 1.6872 0.0543
v 0.5684 1.7212 0.0542
v 0.5684 1.7552 0.0540
v 0.5684 1.7893 0.0537
v 0.5684 1.8233 0.0533
v 0.5684 1.8573 0.0528
v 0.5684 1.8913 0.0524
v 0.5684 1.9254 0.0519
v 0.5684 1.9594 0.0515
v 0.5684 1.9934 0.0512
v 0.5684 2.0275 0.0510
v 0.5684 2.0615 0.0508
v 0.5684 2.0955 0.0506
v 0.5684 2.1296 0.0505
v 0.5684 2.1636 0.0504
v 0.5684 2.1976 0.0503
v 0.5684 2.2316 0.0503
v 0.5684 2.2657 0.0502
v 0.5684 2.2997 0.0502
v 0.5684 2.3337 0.0502
v 0.5684 2.3678 0.0501
v 0.5684 2.4018 0.0501
v 0.5684 2.4358 0.0501
v 0.5684 2.4699 0.0501
v 0.5684 2.5039 0.0501
v 0.5684 2.5379 0.0501
v 0.5684 2.5719 0.0501
v 0.5684 2.6060 0.0500
v 0.5684 2.6400 0.0500
v 0.6021 0.3600 0.0512
v 0.6021 0.3940 0.0521
v 0.6021 0.4281 0.0538
v 0.6021 0.4621 0.0564
v 0.6021 0.4961 0.0604
v 0.6021 0.5301 0.0661
v 0.6021 0.5642 0.0736
v 0.6021 0.5982 0.0829
v 0.6021 0.6322 0.0934
v 0.6021 0.6663 0.1043
v 0.6021 0.7003 0.1145
v 0.6021 0.7343 0.1227
v 0.6021 0.7684 0.1277
v 0.6021 0.8024 0.1287
v 0.6021 0.8364 0.1256
v 0.6021 0.8704 0.1190
v 0.6021 0.9045 0.1097
v 0.6021 0.9385 0.0991
v 0.6021 0.9725 0.0884
v 0.6021 1.0066 0.0786
v 0.6021 1.0406 0.0704
v 0.6021 1.0746 0.0640
v 0.6021 1.1087 0.0594
v 0.6021 1.1427 0.0563
v 0.6021 1.1767 0.0543
v 0.6021 1.2107 0.0532
v 0.6021 1.2448 0.0526
v 0.6021 1.2788 0.0523
v 0.6021 1.3128 0.0523
v 0.6021 1.3469 0.0523
v 0.6021 1.3809 0.0525
v 0.6021 1.4149 0.0528
v 0.6021 1.4490 0.0532
v 0.6021 1.4830 0.0537
v 0.6021 1.5170 0.0542
v 0.6021 1.5510 0.0548
v 0.6021 1.5851 0.0554
v 0.6021 1.6191 0.0559
v 0.6021 1.6531 0.0562
v 0.6021 1.6872 0.0564
v 0.6021 1.7212 0.0563
v 0.6021 1.7552 0.0560
v 0.6021 1.7893 0.0555
v 0.6021 1.8233 0.0549
v 0.6021 1.8573 0.0542
v 0.6021 1.8913 0.0535
v 0.6021 1.9254 0.0528
v 0.6021 1.9594 0.0522
v 0.6021 1.9934 0.0517
v 0.6021 2.0275 0.0513
v 0.6021 2.0615 0.0510
v 0.6021 2.0955 0.0508
v 0.6021 2.1296 0.0506
v 0.6021 2.1636 0.0505
v 0.6021 2.1976 0.0504
v 0.6021 2.2316 0.0503
v 0.6021 2.2657 0.0503
v 0.6021 2.2997 0.0502
v 0.6021 2.3337 0.0502
v 0.6021 2.3678 0.0502
v 0.6021 2.4018 0.0502
v 0.6021 2.4358 0.0501
v 0.6021 2.4699 0.0501
v 0.6021 2.5039 0.0501
v 0.6021 2.5379 0.0501
v 0.6021 2.5719 0.0501
v 0.6021 2.6060 0.0500
v 0.6021 2.6400 0.0500
v 0.6358 0.3600 0.0512
v 0.6358 0.3940 0.0523
v 0.6358 0.4281 0.0540
v 0.6358 0.4621 0.0568
v 0.6358 0.4961 0.0609
v 0.6358 0.5301 0.0669
v 0.6358 0.5642 0.0747
v 0.6358 0.5982 0.0844
v 0.6358 0.6322 0.0954
v 0.6358 0.6663 0.1068
v 0.6358 0.7003 0.1175
v 0.6358 0.7343 0.1260
v 0.6358 0.7684 0.1312
v 0.6358 0.8024 0.1323
v 0.6358 0.8364 0.1291
v 0.6358 0.8704 0.1222
v 0.6358 0.9045 0.1125
v 0.6358 0.9385 0.1014
v 0.6358 0.9725 0.0903
v 0.6358 1.0066 0.0801
v 0.6358 1.0406 0.0715
v 0.6358 1.0746 0.0649
v 0.6358 1.1087 0.0601
v 0.6358 1.1427 0.0568
v 0.6358 1.1767 0.0548
v 0.6358 1.2107 0.0536
v 0.6358 1.2448 0.0530
v 0.6358 1.2788 0.0528
v 0.6358 1.3128 0.0527
v 0.6358 1.3469 0.0529
v 0.6358 1.3809 0.0532
v 0.6358 1.4149 0.0537
v 0.6358 1.4490 0.0543
v 0.6358 1.4830 0.0551
v 0.6358 1.5170 0.0560
v 0.6358 1.5510 0.0569
v 0.6358 1.5851 0.0579
v 0.6358 1.6191 0.0587
v 0.6358 1.6531 0.0593
v 0.6358 1.6872 0.0595
v 0.6358 1.7212 0.0594
v 0.6358 1.7552 0.0590
v 0.6358 1.7893 0.0583
v 0.6358 1.8233 0.0573
v 0.6358 1.8573 0.0562
v 0.6358 1.8913 0.0551
v 0.6358 1.9254 0.0541
v 0.6358 1.9594 0.0531
v 0.6358 1.9934 0.0524
v 0.6358 2.0275 0.0518
v 0.6358 2.0615 0.0513
v 0.6358 2.0955 0.0510
v 0.6358 2.1296 0.0508
v 0.6358 2.1636 0.0506
v 0.6358 2.1976 0.0505
v 0.6358 2.2316 0.0504
v 0.6358 2.2657 0.0504
v 0.6358 2.2997 0.0503
v 0.6358 2.3337 0.0503
v 0.6358 2.3678 0.0502
v 0.6358 2.4018 0.0502
v 0.6358 2.4358 0.0502
v 0.6358 2.4699 0.0501
v 0.6358 2.5039 0.0501
v 0.6358 2.5379 0.0501
v 0.6358 2.5719 0.0501
v 0.6358 2.6060 0.0501
v 0.6358 2.6400 0.0500
v 0.6695 0.3600 0.0513
v 0.6695 0.3940 0.0524
v 0.6695 0.4281 0.0542
v 0.6695 0.4621 0.0571
v 0.6695 0.4961 0.0615
v 0.6695 0.5301 0.0677
v 0.6695 0.5642 0.0758
v 0.6695 0.5982 0.0859
v 0.6695 0.6322 0.0974
v 0.6695 0.6663 0.1094
v 0.6695 0.7003 0.1205
v 0.6695 0.7343 0.1294
v 0.6695 0.7684 0.1349
v 0.6695 0.8024 0.1360
v 0.6695 0.8364 0.1327
v 0.6695 0.8704 0.1255
v 0.6695 0.9045 0.1154
v 0.6695 0.9385 0.1039
v 0.6695 0.9725 0.0922
v 0.6695 1.0066 0.0816
v 0.6695 1.0406 0.0727
v 0.6695 1.0746 0.0658
v 0.6695 1.1087 0.0608
v 0.6695 1.1427 0.0574
v 0.6695 1.1767 0.0553
v 0.6695 1.2107 0.0541
v 0.6695 1.2448 0.0535
v 0.6695 1.2788 0.0533
v 0.6695 1.3128 0.0534
v 0.6695 1.3469 0.0537
v 0.6695 1.3809 0.0542
v 0.6695 1.4149 0.0549
v 0.6695 1.4490 0.0559
v 0.6695 1.4830 0.0571
v 0.6695 1.5170 0.0585
v 0.6695 1.5510 0.0600
v 0.6695 1.5851 0.0615
v 0.6695 1.6191 0.0627
v 0.6695 1.6531 0.0637
v 0.6695 1.6872 0.0641
v 0.6695 1.7212 0.0640
v 0.6695 1.7552 0.0634
v 0.6695 1.7893 0.0623
v 0.6695 1.8233 0.0608
v 0.6695 1.8573 0.0591
v 0.6695 1.8913 0.0575
v 0.6695 1.9254 0.0559
v 0.6695 1.9594 0.0545
v 0.6695 1.9934 0.0534
v 0.6695 2.0275 0.0525
v 0.6695 2.0615 0.0518
v 0.6695 2.0955 0.0513
v 0.6695 2.1296 0.0510
v 0.6695 2.1636 0.0508
v 0.6695 2.1976 0.0506
v 0.6695 2.2316 0.0505
v 0.6695 2.2657 0.0504
v 0.6695 2.2997 0.0504
v 0.6695 2.3337 0.0503
v 0.6695 2.3678 0.0503
v 0.6695 2.4018 0.0502
v 0.6695 2.4358 0.0502
v 0.6695 2.4699 0.0501
v 0.6695 2.5039 0.0501
v 0.6695 2.5379 0.0501
v 0.6695 2.5719 0.0501
v 0.6695 2.6060 0.0501
v 0.6695 2.6400 0.0501
v 0.7032 0.3600 0.0514
v 0.7032 0.3940 0.0525
v 0.7032 0.4281 0.0544
v 0.7032 0.4621 0.0574
v 0.7032 0.4961 0.0620
v 0.7032 0.5301 0.0685
v 0.7032 0.5642 0.0770
v 0.7032 0.5982 0.0875
v 0.7032 0.6322 0.0995
v 0.7032 0.6663 0.1120
v 0.7032 0.7003 0.1236
v 0.7032 0.7343 0.1329
v 0.7032 0.7684 0.1386
v 0.7032 0.8024 0.1398
v 0.7032 0.8364 0.1364
v 0.7032 0.8704 0.1289
v 0.7032 0.9045 0.1184
v 0.7032 0.9385 0.1064
v 0.7032 0.9725 0.0943
v 0.7032 1.0066 0.0832
v 0.7032 1.0406 0.0739
v 0.7032 1.0746 0.0667
v 0.7032 1.1087 0.0616
v 0.7032 1.1427 0.0581
v 0.7032 1.1767 0.0559
v 0.7032 1.2107 0.0547
v 0.7032 1.2448 0.0541
v 0.7032 1.2788 0.0539
v 0.7032 1.3128 0.0541
v 0.7032 1.3469 0.0546
v 0.7032 1.3809 0.0554
v 0.7032 1.4149 0.0566
v 0.7032 1.4490 0.0581
v 0.7032 1.4830 0.0599
v 0.7032 1.5170 0.0621
v 0.7032 1.5510 0.0643
v 0.7032 1.5851 0.0666
v 0.7032 1.6191 0.0686
v 0.7032 1.6531 0.0700
v 0.7032 1.6872 0.0707
v 0.7032 1.7212 0.0706
v 0.7032 1.7552 0.0697
v 0.7032 1.7893 0.0680
v 0.7032 1.8233 0.0658
v 0.7032 1.8573 0.0634
v 0.7032 1.8913 0.0608
v 0.7032 1.9254 0.0585
v 0.7032 1.9594 0.0564
v 0.7032 1.9934 0.0548
v 0.7032 2.0275 0.0534
v 0.7032 2.0615 0.0525
v 0.7032 2.0955 0.0518
v 0.7032 2.1296 0.0513
v 0.7032 2.1636 0.0510
v 0.7032 2.1976 0.0508
v 0.7032 2.2316 0.0506
v 0.7032 2.2657 0.0505
v 0.7032 2.2997 0.0504
v 0.7032 2.3337 0.0504
v 0.7032 2.3678 0.0503
v 0.7032 2.4018 0.0503
v 0.7032 2.4358 0.0502
v 0.7032 2.4699 0.0502
v 0.7032 2.5039 0.0501
v 0.7032 2.5379 0.0501
v 0.7032 2.5719 0.0501
v 0.7032 2.6060 0.0501
v 0.7032 2.6400 0.0501
v 0.7368 0.3600 0.0515
v 0.7368 0.3940 0.0527
v 0.7368 0.4281 0.0546
v 0.7368 0.4621 0.0578
v 0.7368 0.4961 0.0626
v 0.7368 0.5301 0.0693
v 0.7368 0.5642 0.0782
v 0.7368 0.5982 0.0892
v 0.7368 0.6322 0.1017
v 0.7368 0.6663 0.1147
v 0.7368 0.7003 0.1268
v 0.7368 0.7343 0.1365
v 0.7368 0.7684 0.1425
v 0.7368 0.8024 0.1437
v 0.7368 0.8364 0.1402
v 0.7368 0.8704 0.1324
v 0.7368 0.9045 0.1215
v 0.7368 0.9385 0.1090
v 0.7368 0.9725 0.0964
v 0.7368 1.0066 0.0849
v 0.7368 1.0406 0.0753
v 0.7368 1.0746 0.0678
v 0.7368 1.1087 0.0624
v 0.7368 1.1427 0.0588
v 0.7368 1.1767 0.0566
v 0.7368 1.2107 0.0553
v 0.7368 1.2448 0.0548
v 0.7368 1.2788 0.0547
v 0.7368 1.3128 0.0551
v 0.7368 1.3469 0.0559
v 0.7368 1.3809 0.0571
v 0.7368 1.4149 0.0588
v 0.7368 1.4490 0.0610
v 0.7368 1.4830 0.0638
v 0.7368 1.5170 0.0670
v 0.7368 1.5510 0.0704
v 0.7368 1.5851 0.0737
v 0.7368 1.6191 0.0767
v 0.7368 1.6531 0.0789
v 0.7368 1.6872 0.0800
v 0.7368 1.7212 0.0798
v 0.7368 1.7552 0.0785
v 0.7368 1.7893 0.0761
v 0.7368 1.8233 0.0729
v 0.7368 1.8573 0.0693
v 0.7368 1.8913 0.0656
v 0.7368 1.9254 0.0621
v 0.7368 1.9594 0.0591
v 0.7368 1.9934 0.0567
v 0.7368 2.0275 0.0548
v 0.7368 2.0615 0.0534
v 0.7368 2.0955 0.0524
v 0.7368 2.1296 0.0517
v 0.7368 2.1636 0.0512
v 0.7368 2.1976 0.0510
v 0.7368 2.2316 0.0507
v 0.7368 2.2657 0.0506
v 0.7368 2.2997 0.0505
v 0.7368 2.3337 0.0504
v 0.7368 2.3678 0.0504
v 0.7368 2.4018 0.0503
v 0.7368 2.4358 0.0502
v 0.7368 2.4699 0.0502
v 0.7368 2.5039 0.0502
v 0.7368 2.5379 0.0501
v 0.7368 2.5719 0.0501
v 0.7368 2.6060 0.0501
v 0.7368 2.6400 0.0501
v 0.7705 0.3600 0.0516
v 0.7705 0.3940 0.0528
v 0.7705 0.4281 0.0549
v 0.7705 0.4621 0.0582
v 0.7705 0.4961 0.0631
v 0.7705 0.5301 0.0702
v 0.7705 0.5642 0.0794
v 0.7705 0.5982 0.0909
v 0.7705 0.6322 0.1039
v 0.7705 0.6663 0.1174
v 0.7705 0.7003 0.1300
v 0.7705 0.7343 0.1402
v 0.7705 0.7684 0.1464
v 0.7705 0.8024 0.1477
v 0.7705 0.8364 0.1440
v 0.7705 0.8704 0.1359
v 0.7705 0.9045 0.1246
v 0.7705 0.9385 0.1117
v 0.7705 0.9725 0.0986
v 0.7705 1.0066 0.0866
v 0.7705 1.0406 0.0767
v 0.7705 1.0746 0.0689
v 0.7705 1.1087 0.0633
v 0.7705 1.1427 0.0596
v 0.7705 1.1767 0.0573
v 0.7705 1.2107 0.0561
v 0.7705 1.2448 0.0556
v 0.7705 1.2788 0.0557
v 0.7705 1.3128 0.0563
v 0.7705 1.3469 0.0575
v 0.7705 1.3809 0.0592
v 0.7705 1.4149 0.0617
v 0.7705 1.4490 0.0649
v 0.7705 1.4830 0.0689
v 0.7705 1.5170 0.0736
v 0.7705 1.5510 0.0786
v 0.7705 1.5851 0.0835
v 0.7705 1.6191 0.0878
v 0.7705 1.6531 0.0910
v 0.7705 1.6872 0.0926
v 0.7705 1.7212 0.0925
v 0.7705 1.7552 0.0906
v 0.7705 1.7893 0.0871
v 0.7705 1.8233 0.0825
v 0.7705 1.8573 0.0773
v 0.7705 1.8913 0.0720
v 0.7705 1.9254 0.0671
v 0.7705 1.9594 0.0628
v 0.7705 1.9934 0.0592
v 0.7705 2.0275 0.0565
v 0.7705 2.0615 0.0545
v 0.7705 2.0955 0.0531
v 0.7705 2.1296 0.0522
v 0.7705 2.1636 0.0516
v 0.7705 2.1976 0.0512
v 0.7705 2.2316 0.0509
v 0.7705 2.2657 0.0507
v 0.7705 2.2997 0.0506
v 0.7705 2.3337 0.0505
v 0.7705 2.3678 0.0504
v 0.7705 2.4018 0.0503
v 0.7705 2.4358 0.0503
v 0.7705 2.4699 0.0502
v 0.7705 2.5039 0.0502
v 0.7705 2.5379 0.0502
v 0.7705 2.5719 0.0501
v 0.7705 2.6060 0.0501
v 0.7705 2.6400 0.0501
v 0.8042 0.3600 0.0517
v 0.8042 0.3940 0.0530
v 0.8042 0.4281 0.0551
v 0.8042 0.4621 0.0586
v 0.8042 0.4961 0.0637
v 0.8042 0.5301 0.0710
v 0.8042 0.5642 0.0807
v 0.8042 0.5982 0.0926
v 0.8042 0.6322 0.1061
v 0.8042 0.6663 0.1202
v 0.8042 0.7003 0.1334
v 0.8042 0.7343 0.1439
v 0.8042 0.7684 0.1504
v 0.8042 0.8024 0.1518
v 0.8042 0.8364 0.1480
v 0.8042 0.8704 0.1396
v 0.8042 0.9045 0.1279
v 0.8042 0.9385 0.1144
v 0.8042 0.9725 0.1009
v 0.8042 1.0066 0.0885
v 0.8042 1.0406 0.0781
v 0.8042 1.0746 0.0701
v 0.8042 1.1087 0.0643
v 0.8042 1.1427 0.0605
v 0.8042 1.1767 0.0582
v 0.8042 1.2107 0.0570
v 0.8042 1.2448 0.0566
v 0.8042 1.2788 0.0569
v 0.8042 1.3128 0.0578
v 0.8042 1.3469 0.0595
v 0.8042 1.3809 0.0620
v 0.8042 1.4149 0.0655
v 0.8042 1.4490 0.0701
v 0.8042 1.4830 0.0758
v 0.8042 1.5170 0.0824
v 0.8042 1.5510 0.0895
v 0.8042 1.5851 0.0964
v 0.8042 1.6191 0.1026
v 0.8042 1.6531 0.1071
v 0.8042 1.6872 0.1095
v 0.8042 1.7212 0.1094
v 0.8042 1.7552 0.1067
v 0.8042 1.7893 0.1018
v 0.8042 1.8233 0.0954
v 0.8042 1.8573 0.0881
v 0.8042 1.8913 0.0806
v 0.8042 1.9254 0.0736
v 0.8042 1.9594 0.0676
v 0.8042 1.9934 0.0626
v 0.8042 2.0275 0.0588
v 0.8042 2.0615 0.0561
v 0.8042 2.0955 0.0541
v 0.8042 2.1296 0.0528
v 0.8042 2.1636 0.0520
v 0.8042 2.1976 0.0515
v 0.8042 2.2316 0.0511
v 0.8042 2.2657 0.0509
v 0.8042 2.2997 0.0507
v 0.8042 2.3337 0.0506
v 0.8042 2.3678 0.0505
v 0.8042 2.4018 0.0504
v 0.8042 2.4358 0.0503
v 0.8042 2.4699 0.0503
v 0.8042 2.5039 0.0502
v 0.8042 2.5379 0.0502
v 0.8042 2.5719 0.0502
v 0.8042 2.6060 0.0501
v 0.8042 2.6400 0.0501
v 0.8379 0.3600 0.0518
v 0.8379 0.3940 0.0531
v 0.8379 0.4281 0.0554
v 0.8379 0.4621 0.0590
v 0.8379 0.4961 0.0644
v 0.8379 0.5301 0.0720
v 0.8379 0.5642 0.0820
v 0.8379 0.5982 0.0944
v 0.8379 0.6322 0.1084
v 0.8379 0.6663 0.1231
v 0.8379 0.7003 0.1367
v 0.8379 0.7343 0.1477
v 0.8379 0.7684 0.1544
v 0.8379 0.8024 0.1559
v 0.8379 0.8364 0.1520
v 0.8379 0.8704 0.1433
v 0.8379 0.9045 0.1312
v 0.8379 0.9385 0.1173
v 0.8379 0.9725 0.1032
v 0.8379 1.0066 0.0904
v 0.8379 1.0406 0.0797
v 0.8379 1.0746 0.0714
v 0.8379 1.1087 0.0654
v 0.8379 1.1427 0.0615
v 0.8379 1.1767 0.0592
v 0.8379 1.2107 0.0580
v 0.8379 1.2448 0.0578
v 0.8379 1.2788 0.0583
v 0.8379 1.3128 0.0597
v 0.8379 1.3469 0.0620
v 0.8379 1.3809 0.0655
v 0.8379 1.4149 0.0703
v 0.8379 1.4490 0.0767
v 0.8379 1.4830 0.0846
v 0.8379 1.5170 0.0937
v 0.8379 1.5510 0.1036
v 0.8379 1.5851 0.1132
v 0.8379 1.6191 0.1218
v 0.8379 1.6531 0.1281
v 0.8379 1.6872 0.1314
v 0.8379 1.7212 0.1313
v 0.8379 1.7552 0.1277
v 0.8379 1.7893 0.1210
v 0.8379 1.8233 0.1121
v 0.8379 1.8573 0.1020
v 0.8379 1.8913 0.0918
v 0.8379 1.9254 0.0822
v 0.8379 1.9594 0.0739
v 0.8379 1.9934 0.0671
v 0.8379 2.0275 0.0618
v 0.8379 2.0615 0.0580
v 0.8379 2.0955 0.0554
v 0.8379 2.1296 0.0536
v 0.8379 2.1636 0.0525
v 0.8379 2.1976 0.0518
v 0.8379 2.2316 0.0513
v 0.8379 2.2657 0.0510
v 0.8379 2.2997 0.0508
v 0.8379 2.3337 0.0507
v 0.8379 2.3678 0.0506
v 0.8379 2.4018 0.0505
v 0.8379 2.4358 0.0504
v 0.8379 2.4699 0.0503
v 0.8379 2.5039 0.0503
v 0.8379 2.5379 0.0502
v 0.8379 2.5719 0.0502
v 0.8379 2.6060 0.0502
v 0.8379 2.6400 0.0501
v 0.8716 0.3600 0.0519
v 0.8716 0.3940 0.0533
v 0.8716 0.4281 0.0557
v 0.8716 0.4621 0.0594
v 0.8716 0.4961 0.0650
v 0.8716 0.5301 0.0729
v 0.8716 0.5642 0.0833
v 0.8716 0.5982 0.0962
v 0.8716 0.6322 0.1108
v 0.8716 0.6663 0.1260
v 0.8716 0.7003 0.1402
v 0.8716 0.7343 0.1516
v 0.8716 0.7684 0.1586
v 0.8716 0.8024 0.1602
v 0.8716 0.8364 0.1562
v 0.8716 0.8704 0.1472
v 0.8716 0.9045 0.1346
v 0.8716 0.9385 0.1202
v 0.8716 0.9725 0.1057
v 0.8716 1.0066 0.0925
v 0.8716 1.0406 0.0814
v 0.8716 1.0746 0.0728
v 0.8716 1.1087 0.0667
v 0.8716 1.1427 0.0626
v 0.8716 1.1767 0.0603
v 0.8716 1.2107 0.0592
v 0.8716 1.2448 0.0591
v 0.8716 1.2788 0.0600
v 0.8716 1.3128 0.0619
v 0.8716 1.3469 0.0651
v 0.8716 1.3809 0.0698
v 0.8716 1.4149 0.0763
v 0.8716 1.4490 0.0850
v 0.8716 1.4830 0.0957
v 0.8716 1.5170 0.1081
v 0.8716 1.5510 0.1214
v 0.8716 1.5851 0.1345
v 0.8716 1.6191 0.1461
v 0.8716 1.6531 0.1547
v 0.8716 1.6872 0.1593
v 0.8716 1.7212 0.1591
v 0.8716 1.7552 0.1542
v 0.8716 1.7893 0.1453
v 0.8716 1.8233 0.1333
v 0.8716 1.8573 0.1197
v 0.8716 1.8913 0.1059
v 0.8716 1.9254 0.0930
v 0.8716 1.9594 0.0818
v 0.8716 1.9934 0.0726
v 0.8716 2.0275 0.0656
v 0.8716 2.0615 0.0605
v 0.8716 2.0955 0.0570
v 0.8716 2.1296 0.0546
v 0.8716 2.1636 0.0531
v 0.8716 2.1976 0.0522
v 0.8716 2.2316 0.0516
v 0.8716 2.2657 0.0512
v 0.8716 2.2997 0.0510
v 0.8716 2.3337 0.0508
v 0.8716 2.3678 0.0507
v 0.8716 2.4018 0.0506
v 0.8716 2.4358 0.0505
v 0.8716 2.4699 0.0504
v 0.8716 2.5039 0.0503
v 0.8716 2.5379 0.0503
v 0.8716 2.5719 0.0502
v 0.8716 2.6060 0.0502
v 0.8716 2.6400 0.0501
v 0.9053 0.3600 0.0521
v 0.9053 0.3940 0.0535
v 0.9053 0.4281 0.0560
v 0.9053 0.4621 0.0598
v 0.9053 0.4961 0.0657
v 0.9053 0.5301 0.0739
v 0.9053 0.5642 0.0847
v 0.9053 0.5982 0.0980
v 0.9053 0.6322 0.1131
v 0.9053 0.6663 0.1289
v 0.9053 0.7003 0.1437
v 0.9053 0.7343 0.1555
v 0.9053 0.7684 0.1628
v 0.9053 0.8024 0.1645
v 0.9053 0.8364 0.1604
v 0.9053 0.8704 0.1511
v 0.9053 0.9045 0.1381
v 0.9053 0.9385 0.1233
v 0.9053 0.9725 0.1083
v 0.9053 1.0066 0.0946
v 0.9053 1.0406 0.0832
v 0.9053 1.0746 0.0743
v 0.9053 1.1087 0.0680
v 0.9053 1.1427 0.0639
v 0.9053 1.1767 0.0616
v 0.9053 1.2107 0.0606
v 0.9053 1.2448 0.0607
v 0.9053 1.2788 0.0620
v 0.9053 1.3128 0.0646
v 0.9053 1.3469 0.0688
v 0.9053 1.3809 0.0750
v 0.9053 1.4149 0.0837
v 0.9053 1.4490 0.0951
v 0.9053 1.4830 0.1093
v 0.9053 1.5170 0.1257
v 0.9053 1.5510 0.1433
v 0.9053 1.5851 0.1607
v 0.9053 1.6191 0.1760
v 0.9053 1.6531 0.1874
v 0.9053 1.6872 0.1935
v 0.9053 1.7212 0.1933
v 0.9053 1.7552 0.1870
v 0.9053 1.7893 0.1752
v 0.9053 1.8233 0.1594
v 0.9053 1.8573 0.1415
v 0.9053 1.8913 0.1233
v 0.9053 1.9254 0.1063
v 0.9053 1.9594 0.0915
v 0.9053 1.9934 0.0794
v 0.9053 2.0275 0.0702
v 0.9053 2.0615 0.0635
v 0.9053 2.0955 0.0589
v 0.9053 2.1296 0.0558
v 0.9053 2.1636 0.0539
v 0.9053 2.1976 0.0527
v 0.9053 2.2316 0.0519
v 0.9053 2.2657 0.0515
v 0.9053 2.2997 0.0512
v 0.9053 2.3337 0.0509
v 0.9053 2.3678 0.0508
v 0.9053 2.4018 0.0507
v 0.9053 2.4358 0.0505
v 0.9053 2.4699 0.0505
v 0.9053 2.5039 0.0504
v 0.9053 2.5379 0.0503
v 0.9053 2.5719 0.0503
v 0.9053 2.6060 0.0502
v 0.9053 2.6400 0.0502
v 0.9389 0.3600 0.0522
v 0.9389 0.3940 0.0537
v 0.9389 0.4281 0.0563
v 0.9389 0.4621 0.0603
v 0.9389 0.4961 0.0663
v 0.9389 0.5301 0.0748
v 0.9389 0.5642 0.0861
v 0.9389 0.5982 0.0999
v 0.9389 0.6322 0.1156
v 0.9389 0.6663 0.1319
v 0.9389 0.7003 0.1472
v 0.9389 0.7343 0.1595
v 0.9389 0.7684 0.1671
v 0.9389 0.8024 0.1689
v 0.9389 0.8364 0.1647
v 0.9389 0.8704 0.1551
v 0.9389 0.9045 0.1418
v 0.9389 0.9385 0.1264
v 0.9389 0.9725 0.1110
v 0.9389 1.0066 0.0968
v 0.9389 1.0406 0.0851
v 0.9389 1.0746 0.0760
v 0.9389 1.1087 0.0695
v 0.9389 1.1427 0.0653
v 0.9389 1.1767 0.0630
v 0.9389 1.2107 0.0621
v 0.9389 1.2448 0.0626
v 0.9389 1.2788 0.0644
v 0.9389 1.3128 0.0677
v 0.9389 1.3469 0.0731
v 0.9389 1.3809 0.0812
v 0.9389 1.4149 0.0924
v 0.9389 1.4490 0.1072
v 0.9389 1.4830 0.1255
v 0.9389 1.5170 0.1467
v 0.9389 1.5510 0.1695
v 0.9389 1.5851 0.1920
v 0.9389 1.6191 0.2118
v 0.9389 1.6531 0.2266
v 0.9389 1.6872 0.2345
v 0.9389 1.7212 0.2343
v 0.9389 1.7552 0.2261
v 0.9389 1.7893 0.2109
v 0.9389 1.8233 0.1906
v 0.9389 1.8573 0.1675
v 0.9389 1.8913 0.1441
v 0.9389 1.9254 0.1221
v 0.9389 1.9594 0.1031
v 0.9389 1.9934 0.0876
v 0.9389 2.0275 0.0757
v 0.9389 2.0615 0.0671
v 0.9389 2.0955 0.0612
v 0.9389 2.1296 0.0573
v 0.9389 2.1636 0.0548
v 0.9389 2.1976 0.0533
v 0.9389 2.2316 0.0523
v 0.9389 2.2657 0.0517
v 0.9389 2.2997 0.0514
v 0.9389 2.3337 0.0511
v 0.9389 2.3678 0.0509
v 0.9389 2.4018 0.0508
v 0.9389 2.4358 0.0506
v 0.9389 2.4699 0.0505
v 0.9389 2.5039 0.0504
v 0.9389 2.5379 0.0504
v 0.9389 2.5719 0.0503
v 0.9389 2.6060 0.0502
v 0.9389 2.6400 0.0502
v 0.9726 0.3600 0.0524
v 0.9726 0.3940 0.0540
v 0.9726 0.4281 0.0566
v 0.9726 0.4621 0.0608
v 0.9726 0.4961 0.0671
v 0.9726 0.5301 0.0759
v 0.9726 0.5642 0.0875
v 0.9726 0.5982 0.1018
v 0.9726 0.6322 0.1181
v 0.9726 0.6663 0.1350
v 0.9726 0.7003 0.1508
v 0.9726 0.7343 0.1636
v 0.9726 0.7684 0.1715
v 0.9726 0.8024 0.1734
v 0.9726 0.8364 0.1691
v 0.9726 0.8704 0.1593
v 0.9726 0.9045 0.1455
v 0.9726 0.9385 0.1297
v 0.9726 0.9725 0.1138
v 0.9726 1.0066 0.0992
v 0.9726 1.0406 0.0871
v 0.9726 1.0746 0.0778
v 0.9726 1.1087 0.0712
v 0.9726 1.1427 0.0669
v 0.9726 1.1767 0.0646
v 0.9726 1.2107 0.0639
v 0.9726 1.2448 0.0647
v 0.9726 1.2788 0.0670
v 0.9726 1.3128 0.0713
v 0.9726 1.3469 0.0782
v 0.9726 1.3809 0.0884
v 0.9726 1.4149 0.1025
v 0.9726 1.4490 0.1212
v 0.9726 1.4830 0.1443
v 0.9726 1.5170 0.1711
v 0.9726 1.5510 0.1999
v 0.9726 1.5851 0.2283
v 0.9726 1.6191 0.2533
v 0.9726 1.6531 0.2720
v 0.9726 1.6872 0.2820
v 0.9726 1.7212 0.2819
v 0.9726 1.7552 0.2716
v 0.9726 1.7893 0.2524
v 0.9726 1.8233 0.2268
v 0.9726 1.8573 0.1978
v 0.9726 1.8913 0.1682
v 0.9726 1.9254 0.1405
v 0.9726 1.9594 0.1165
v 0.9726 1.9934 0.0970
v 0.9726 2.0275 0.0821
v 0.9726 2.0615 0.0713
v 0.9726 2.0955 0.0638
v 0.9726 2.1296 0.0589
v 0.9726 2.1636 0.0558
v 0.9726 2.1976 0.0539
v 0.9726 2.2316 0.0528
v 0.9726 2.2657 0.0520
v 0.9726 2.2997 0.0516
v 0.9726 2.3337 0.0513
v 0.9726 2.3678 0.0511
v 0.9726 2.4018 0.0509
v 0.9726 2.4358 0.0507
v 0.9726 2.4699 0.0506
v 0.9726 2.5039 0.0505
v 0.9726 2.5379 0.0504
v 0.9726 2.5719 0.0503
v 0.9726 2.6060 0.0503
v 0.9726 2.6400 0.0502
v 1.0063 0.3600 0.0526
v 1.0063 0.3940 0.0542
v 1.0063 0.4281 0.0570
v 1.0063 0.4621 0.0613
v 1.0063 0.4961 0.0678
v 1.0063 0.5301 0.0769
v 1.0063 0.5642 0.0890
v 1.0063 0.5982 0.1038
v 1.0063 0.6322 0.1206
v 1.0063 0.6663 0.1381
v 1.0063 0.7003 0.1545
v 1.0063 0.7343 0.1677
v 1.0063 0.7684 0.1759
v 1.0063 0.8024 0.1779
v 1.0063 0.8364 0.1735
v 1.0063 0.8704 0.1635
v 1.0063 0.9045 0.1493
v 1.0063 0.9385 0.1331
v 1.0063 0.9725 0.1167
v 1.0063 1.0066 0.1017
v 1.0063 1.0406 0.0893
v 1.0063 1.0746 0.0797
v 1.0063 1.1087 0.0730
v 1.0063 1.1427 0.0687
v 1.0063 1.1767 0.0664
v 1.0063 1.2107 0.0659
v 1.0063 1.2448 0.0671
v 1.0063 1.2788 0.0700
v 1.0063 1.3128 0.0754
v 1.0063 1.3469 0.0839
v 1.0063 1.3809 0.0964
v 1.0063 1.4149 0.1139
v 1.0063 1.4490 0.1370
v 1.0063 1.4830 0.1655
v 1.0063 1.5170 0.1985
v 1.0063 1.5510 0.2341
v 1.0063 1.5851 0.2691
v 1.0063 1.6191 0.3000
v 1.0063 1.6531 0.3231
v 1.0063 1.6872 0.3354
v 1.0063 1.7212 0.3353
v 1.0063 1.7552 0.3226
v 1.0063 1.7893 0.2991
v 1.0063 1.8233 0.2676
v 1.0063 1.8573 0.2317
v 1.0063 1.8913 0.1953
v 1.0063 1.9254 0.1612
v 1.0063 1.9594 0.1317
v 1.0063 1.9934 0.1077
v 1.0063 2.0275 0.0893
v 1.0063 2.0615 0.0760
v 1.0063 2.0955 0.0668
v 1.0063 2.1296 0.0608
v 1.0063 2.1636 0.0570
v 1.0063 2.1976 0.0546
v 1.0063 2.2316 0.0532
v 1.0063 2.2657 0.0524
v 1.0063 2.2997 0.0518
v 1.0063 2.3337 0.0515
v 1.0063 2.3678 0.0512
v 1.0063 2.4018 0.0510
v 1.0063 2.4358 0.0508
v 1.0063 2.4699 0.0507
v 1.0063 2.5039 0.0506
v 1.0063 2.5379 0.0505
v 1.0063 2.5719 0.0504
v 1.0063 2.6060 0.0503
v 1.0063 2.6400 0.0503
v 1.0400 0.3600 0.0527
v 1.0400 0.3940 0.0545
v 1.0400 0.4281 0.0573
v 1.0400 0.4621 0.0618
v 1.0400 0.4961 0.0686
v 1.0400 0.5301 0.0780
v 1.0400 0.5642 0.0905
v 1.0400 0.5982 0.1058
v 1.0400 0.6322 0.1232
v 1.0400 0.6663 0.1413
v 1.0400 0.7003 0.1583
v 1.0400 0.7343 0.1719
v 1.0400 0.7684 0.1804
v 1.0400 0.8024 0.1826
v 1.0400 0.8364 0.1781
v 1.0400 0.8704 0.1678
v 1.0400 0.9045 0.1533
v 1.0400 0.9385 0.1366
v 1.0400 0.9725 0.1197
v 1.0400 1.0066 0.1044
v 1.0400 1.0406 0.0916
v 1.0400 1.0746 0.0818
v 1.0400 1.1087 0.0749
v 1.0400 1.1427 0.0706
v 1.0400 1.1767 0.0685
v 1.0400 1.2107 0.0682
v 1.0400 1.2448 0.0697
v 1.0400 1.2788 0.0734
v 1.0400 1.3128 0.0798
v 1.0400 1.3469 0.0901
v 1.0400 1.3809 0.1052
v 1.0400 1.4149 0.1263
v 1.0400 1.4490 0.1541
v 1.0400 1.4830 0.1885
v 1.0400 1.5170 0.2283
v 1.0400 1.5510 0.2712
v 1.0400 1.5851 0.3134
v 1.0400 1.6191 0.3507
v 1.0400 1.6531 0.3786
v 1.0400 1.6872 0.3935
v 1.0400 1.7212 0.3933
v 1.0400 1.7552 0.3781
v 1.0400 1.7893 0.3497
v 1.0400 1.8233 0.3118
v 1.0400 1.8573 0.2686
v 1.0400 1.8913 0.2247
v 1.0400 1.9254 0.1837
v 1.0400 1.9594 0.1481
v 1.0400 1.9934 0.1192
v 1.0400 2.0275 0.0971
v 1.0400 2.0615 0.0810
v 1.0400 2.0955 0.0700
v 1.0400 2.1296 0.0628
v 1.0400 2.1636 0.0582
v 1.0400 2.1976 0.0555
v 1.0400 2.2316 0.0538
v 1.0400 2.2657 0.0528
v 1.0400 2.2997 0.0521
v 1.0400 2.3337 0.0517
v 1.0400 2.3678 0.0514
v 1.0400 2.4018 0.0512
v 1.0400 2.4358 0.0510
v 1.0400 2.4699 0.0508
v 1.0400 2.5039 0.0507
v 1.0400 2.5379 0.0506
v 1.0400 2.5719 0.0505
v 1.0400 2.6060 0.0504
v 1.0400 2.6400 0.0503
v 1.0737 0.3600 0.0530
v 1.0737 0.3940 0.0548
v 1.0737 0.4281 0.0577
v 1.0737 0.4621 0.0624
v 1.0737 0.4961 0.0694
v 1.0737 0.5301 0.0791
v 1.0737 0.5642 0.0920
v 1.0737 0.5982 0.1078
v 1.0737 0.6322 0.1258
v 1.0737 0.6663 0.1445
v 1.0737 0.7003 0.1621
v 1.0737 0.7343 0.1762
v 1.0737 0.7684 0.1850
v 1.0737 0.8024 0.1873
v 1.0737 0.8364 0.1828
v 1.0737 0.8704 0.1722
v 1.0737 0.9045 0.1573
v 1.0737 0.9385 0.1402
v 1.0737 0.9725 0.1229
v 1.0737 1.0066 0.1072
v 1.0737 1.0406 0.0941
v 1.0737 1.0746 0.0841
v 1.0737 1.1087 0.0771
v 1.0737 1.1427 0.0728
v 1.0737 1.1767 0.0707
v 1.0737 1.2107 0.0706
v 1.0737 1.2448 0.0726
v 1.0737 1.2788 0.0770
v 1.0737 1.3128 0.0847
v 1.0737 1.3469 0.0967
v 1.0737 1.3809 0.1146
v 1.0737 1.4149 0.1394
v 1.0737 1.4490 0.1722
v 1.0737 1.4830 0.2127
v 1.0737 1.5170 0.2596
v 1.0737 1.5510 0.3101
v 1.0737 1.5851 0.3598
v 1.0737 1.6191 0.4037
v 1.0737 1.6531 0.4366
v 1.0737 1.6872 0.4541
v 1.0737 1.7212 0.4540
v 1.0737 1.7552 0.4361
v 1.0737 1.7893 0.4027
v 1.0737 1.8233 0.3580
v 1.0737 1.8573 0.3072
v 1.0737 1.8913 0.2555
v 1.0737 1.9254 0.2073
v 1.0737 1.9594 0.1654
v 1.0737 1.9934 0.1313
v 1.0737 2.0275 0.1053
v 1.0737 2.0615 0.0864
v 1.0737 2.0955 0.0735
v 1.0737 2.1296 0.0650
v 1.0737 2.1636 0.0596
v 1.0737 2.1976 0.0563
v 1.0737 2.2316 0.0544
v 1.0737 2.2657 0.0532
v 1.0737 2.2997 0.0525
v 1.0737 2.3337 0.0520
v 1.0737 2.3678 0.0516
v 1.0737 2.4018 0.0513
v 1.0737 2.4358 0.0511
v 1.0737 2.4699 0.0509
v 1.0737 2.5039 0.0508
v 1.0737 2.5379 0.0506
v 1.0737 2.5719 0.0505
v 1.0737 2.6060 0.0504
v 1.0737 2.6400 0.0503
v 1.1074 0.3600 0.0532
v 1.1074 0.3940 0.0551
v 1.1074 0.4281 0.0582
v 1.1074 0.4621 0.0630
v 1.1074 0.4961 0.0702
v 1.1074 0.5301 0.0803
v 1.1074 0.5642 0.0936
v 1.1074 0.5982 0.1099
v 1.1074 0.6322 0.1285
v 1.1074 0.6663 0.1478
v 1.1074 0.7003 0.1659
v 1.1074 0.7343 0.1805
v 1.1074 0.7684 0.1897
v 1.1074 0.8024 0.1921
v 1.1074 0.8364 0.1875
v 1.1074 0.8704 0.1768
v 1.1074 0.9045 0.1615
v 1.1074 0.9385 0.1440
v 1.1074 0.9725 0.1263
v 1.1074 1.0066 0.1102
v 1.1074 1.0406 0.0968
v 1.1074 1.0746 0.0866
v 1.1074 1.1087 0.0795
v 1.1074 1.1427 0.0751
v 1.1074 1.1767 0.0732
v 1.1074 1.2107 0.0733
v 1.1074 1.2448 0.0757
v 1.1074 1.2788 0.0809
v 1.1074 1.3128 0.0897
v 1.1074 1.3469 0.1036
v 1.1074 1.3809 0.1242
v 1.1074 1.4149 0.1528
v 1.1074 1.4490 0.1905
v 1.1074 1.4830 0.2371
v 1.1074 1.5170 0.2911
v 1.1074 1.5510 0.3492
v 1.1074 1.5851 0.4064
v 1.1074 1.6191 0.4570
v 1.1074 1.6531 0.4948
v 1.1074 1.6872 0.5150
v 1.1074 1.7212 0.5149
v 1.1074 1.7552 0.4943
v 1.1074 1.7893 0.4558
v 1.1074 1.8233 0.4044
v 1.1074 1.8573 0.3460
v 1.1074 1.8913 0.2865
v 1.1074 1.9254 0.2309
v 1.1074 1.9594 0.1827
v 1.1074 1.9934 0.1435
v 1.1074 2.0275 0.1136
v 1.1074 2.0615 0.0919
v 1.1074 2.0955 0.0770
v 1.1074 2.1296 0.0672
v 1.1074 2.1636 0.0610
v 1.1074 2.1976 0.0573
v 1.1074 2.2316 0.0550
v 1.1074 2.2657 0.0537
v 1.1074 2.2997 0.0528
v 1.1074 2.3337 0.0522
v 1.1074 2.3678 0.0518
v 1.1074 2.4018 0.0515
v 1.1074 2.4358 0.0513
v 1.1074 2.4699 0.0511
v 1.1074 2.5039 0.0509
v 1.1074 2.5379 0.0507
v 1.1074 2.5719 0.0506
v 1.1074 2.6060 0.0505
v 1.1074 2.6400 0.0504
v 1.1411 0.3600 0.0534
v 1.1411 0.3940 0.0554
v 1.1411 0.4281 0.0586
v 1.1411 0.4621 0.0636
v 1.1411 0.4961 0.0711
v 1.1411 0.5301 0.0815
v 1.1411 0.5642 0.0952
v 1.1411 0.5982 0.1120
v 1.1411 0.6322 0.1312
v 1.1411 0.6663 0.1511
v 1.1411 0.7003 0.1698
v 1.1411 0.7343 0.1849
v 1.1411 0.7684 0.1944
v 1.1411 0.8024 0.1970
v 1.1411 0.8364 0.1924
v 1.1411 0.8704 0.1814
v 1.1411 0.9045 0.1658
v 1.1411 0.9385 0.1479
v 1.1411 0.9725 0.1298
v 1.1411 1.0066 0.1134
v 1.1411 1.0406 0.0997
v 1.1411 1.0746 0.0893
v 1.1411 1.1087 0.0821
v 1.1411 1.1427 0.0777
v 1.1411 1.1767 0.0759
v 1.1411 1.2107 0.0762
v 1.1411 1.2448 0.0791
v 1.1411 1.2788 0.0849
v 1.1411 1.3128 0.0949
v 1.1411 1.3469 0.1106
v 1.1411 1.3809 0.1337
v 1.1411 1.4149 0.1659
v 1.1411 1.4490 0.2083
v 1.1411 1.4830 0.2607
v 1.1411 1.5170 0.3214
v 1.1411 1.5510 0.3868
v 1.1411 1.5851 0.4512
v 1.1411 1.6191 0.5080
v 1.1411 1.6531 0.5505
v 1.1411 1.6872 0.5733
v 1.1411 1.7212 0.5731
v 1.1411 1.7552 0.5499
v 1.1411 1.7893 0.5066
v 1.1411 1.8233 0.4488
v 1.1411 1.8573 0.3831
v 1.1411 1.8913 0.3161
v 1.1411 1.9254 0.2536
v 1.1411 1.9594 0.1994
v 1.1411 1.9934 0.1553
v 1.1411 2.0275 0.1216
v 1.1411 2.0615 0.0972
v 1.1411 2.0955 0.0804
v 1.1411 2.1296 0.0694
v 1.1411 2.1636 0.0625
v 1.1411 2.1976 0.0582
v 1.1411 2.2316 0.0557
v 1.1411 2.2657 0.0542
v 1.1411 2.2997 0.0532
v 1.1411 2.3337 0.0525
v 1.1411 2.3678 0.0521
v 1.1411 2.4018 0.0517
v 1.1411 2.4358 0.0514
v 1.1411 2.4699 0.0512
v 1.1411 2.5039 0.0510
v 1.1411 2.5379 0.0508
v 1.1411 2.5719 0.0507
v 1.1411 2.6060 0.0506
v 1.1411 2.6400 0.0504
v 1.1747 0.3600 0.0537
v 1.1747 0.3940 0.0557
v 1.1747 0.4281 0.0591
v 1.1747 0.4621 0.0643
v 1.1747 0.4961 0.0720
v 1.1747 0.5301 0.0827
v 1.1747 0.5642 0.0969
v 1.1747 0.5982 0.1142
v 1.1747 0.6322 0.1340
v 1.1747 0.6663 0.1545
v 1.1747 0.7003 0.1738
v 1.1747 0.7343 0.1894
v 1.1747 0.7684 0.1993
v 1.1747 0.8024 0.2020
v 1.1747 0.8364 0.1973
v 1.1747 0.8704 0.1862
v 1.1747 0.9045 0.1703
v 1.1747 0.9385 0.1520
v 1.1747 0.9725 0.1335
v 1.1747 1.0066 0.1167
v 1.1747 1.0406 0.1028
v 1.1747 1.0746 0.0922
v 1.1747 1.1087 0.0849
v 1.1747 1.1427 0.0806
v 1.1747 1.1767 0.0788
v 1.1747 1.2107 0.0794
v 1.1747 1.2448 0.0826
v 1.1747 1.2788 0.0891
v 1.1747 1.3128 0.1001
v 1.1747 1.3469 0.1174
v 1.1747 1.3809 0.1428
v 1.1747 1.4149 0.1782
v 1.1747 1.4490 0.2247
v 1.1747 1.4830 0.2824
v 1.1747 1.5170 0.3491
v 1.1747 1.5510 0.4209
v 1.1747 1.5851 0.4916
v 1.1747 1.6191 0.5541
v 1.1747 1.6531 0.6008
v 1.1747 1.6872 0.6258
v 1.1747 1.7212 0.6255
v 1.1747 1.7552 0.6000
v 1.1747 1.7893 0.5524
v 1.1747 1.8233 0.4888
v 1.1747 1.8573 0.4165
v 1.1747 1.8913 0.3429
v 1.1747 1.9254 0.2742
v 1.1747 1.9594 0.2146
v 1.1747 1.9934 0.1661
v 1.1747 2.0275 0.1290
v 1.1747 2.0615 0.1021
v 1.1747 2.0955 0.0836
v 1.1747 2.1296 0.0715
v 1.1747 2.1636 0.0639
v 1.1747 2.1976 0.0592
v 1.1747 2.2316 0.0564
v 1.1747 2.2657 0.0547
v 1.1747 2.2997 0.0536
v 1.1747 2.3337 0.0529
v 1.1747 2.3678 0.0524
v 1.1747 2.4018 0.0520
v 1.1747 2.4358 0.0516
v 1.1747 2.4699 0.0514
v 1.1747 2.5039 0.0511
v 1.1747 2.5379 0.0509
v 1.1747 2.5719 0.0508
v 1.1747 2.6060 0.0506
v 1.1747 2.6400 0.0505
v 1.2084 0.3600 0.0540
v 1.2084 0.3940 0.0561
v 1.2084 0.4281 0.0596
v 1.2084 0.4621 0.0650
v 1.2084 0.4961 0.0729
v 1.2084 0.5301 0.0840
v 1.2084 0.5642 0.0986
v 1.2084 0.5982 0.1164
v 1.2084 0.6322 0.1368
v 1.2084 0.6663 0.1580
v 1.2084 0.7003 0.1778
v 1.2084 0.7343 0.1939
v 1.2084 0.7684 0.2041
v 1.2084 0.8024 0.2071
v 1.2084 0.8364 0.2024
v 1.2084 0.8704 0.1911
v 1.2084 0.9045 0.1749
v 1.2084 0.9385 0.1562
v 1.2084 0.9725 0.1374
v 1.2084 1.0066 0.1203
v 1.2084 1.0406 0.1061
v 1.2084 1.0746 0.0954
v 1.2084 1.1087 0.0880
v 1.2084 1.1427 0.0837
v 1.2084 1.1767 0.0820
v 1.2084 1.2107 0.0828
v 1.2084 1.2448 0.0863
v 1.2084 1.2788 0.0934
v 1.2084 1.3128 0.1053
v 1.2084 1.3469 0.1238
v 1.2084 1.3809 0.1511
v 1.2084 1.4149 0.1891
v 1.2084 1.4490 0.2391
v 1.2084 1.4830 0.3010
v 1.2084 1.5170 0.3726
v 1.2084 1.5510 0.4497
v 1.2084 1.5851 0.5256
v 1.2084 1.6191 0.5926
v 1.2084 1.6531 0.6428
v 1.2084 1.6872 0.6695
v 1.2084 1.7212 0.6692
v 1.2084 1.7552 0.6417
v 1.2084 1.7893 0.5906
v 1.2084 1.8233 0.5222
v 1.2084 1.8573 0.4445
v 1.2084 1.8913 0.3654
v 1.2084 1.9254 0.2915
v 1.2084 1.9594 0.2274
v 1.2084 1.9934 0.1753
v 1.2084 2.0275 0.1353
v 1.2084 2.0615 0.1064
v 1.2084 2.0955 0.0866
v 1.2084 2.1296 0.0735
v 1.2084 2.1636 0.0652
v 1.2084 2.1976 0.0602
v 1.2084 2.2316 0.0571
v 1.2084 2.2657 0.0552
v 1.2084 2.2997 0.0541
v 1.2084 2.3337 0.0533
v 1.2084 2.3678 0.0527
v 1.2084 2.4018 0.0522
v 1.2084 2.4358 0.0518
v 1.2084 2.4699 0.0515
v 1.2084 2.5039 0.0513
v 1.2084 2.5379 0.0511
v 1.2084 2.5719 0.0509
v 1.2084 2.6060 0.0507
v 1.2084 2.6400 0.0506
v 1.2421 0.3600 0.0543
v 1.2421 0.3940 0.0565
v 1.2421 0.4281 0.0601
v 1.2421 0.4621 0.0657
v 1.2421 0.4961 0.0739
v 1.2421 0.5301 0.0853
v 1.2421 0.5642 0.1003
v 1.2421 0.5982 0.1187
v 1.2421 0.6322 0.1396
v 1.2421 0.6663 0.1614
v 1.2421 0.7003 0.1819
v 1.2421 0.7343 0.1985
v 1.2421 0.7684 0.2091
v 1.2421 0.8024 0.2122
v 1.2421 0.8364 0.2076
v 1.2421 0.8704 0.1961
v 1.2421 0.9045 0.1796
v 1.2421 0.9385 0.1606
v 1.2421 0.9725 0.1415
v 1.2421 1.0066 0.1241
v 1.2421 1.0406 0.1097
v 1.2421 1.0746 0.0988
v 1.2421 1.1087 0.0914
v 1.2421 1.1427 0.0871
v 1.2421 1.1767 0.0854
v 1.2421 1.2107 0.0864
v 1.2421 1.2448 0.0902
v 1.2421 1.2788 0.0977
v 1.2421 1.3128 0.1102
v 1.2421 1.3469 0.1297
v 1.2421 1.3809 0.1583
v 1.2421 1.4149 0.1982
v 1.2421 1.4490 0.2507
v 1.2421 1.4830 0.3156
v 1.2421 1.5170 0.3907
v 1.2421 1.5510 0.4716
v 1.2421 1.5851 0.5512
v 1.2421 1.6191 0.6215
v 1.2421 1.6531 0.6740
v 1.2421 1.6872 0.7000
v 1.2421 1.7212 0.7000
v 1.2421 1.7552 0.6727
v 1.2421 1.7893 0.6189
v 1.2421 1.8233 0.5470
v 1.2421 1.8573 0.4654
v 1.2421 1.8913 0.3822
v 1.2421 1.9254 0.3046
v 1.2421 1.9594 0.2372
v 1.2421 1.9934 0.1824
v 1.2421 2.0275 0.1404
v 1.2421 2.0615 0.1100
v 1.2421 2.0955 0.0890
v 1.2421 2.1296 0.0752
v 1.2421 2.1636 0.0665
v 1.2421 2.1976 0.0611
v 1.2421 2.2316 0.0578
v 1.2421 2.2657 0.0558
v 1.2421 2.2997 0.0545
v 1.2421 2.3337 0.0537
v 1.2421 2.3678 0.0530
v 1.2421 2.4018 0.0525
v 1.2421 2.4358 0.0521
v 1.2421 2.4699 0.0517
v 1.2421 2.5039 0.0514
v 1.2421 2.5379 0.0512
v 1.2421 2.5719 0.0510
v 1.2421 2.6060 0.0508
v 1.2421 2.6400 0.0507
v 1.2758 0.3600 0.0546
v 1.2758 0.3940 0.0570
v 1.2758 0.4281 0.0607
v 1.2758 0.4621 0.0664
v 1.2758 0.4961 0.0749
v 1.2758 0.5301 0.0867
v 1.2758 0.5642 0.1021
v 1.2758 0.5982 0.1210
v 1.2758 0.6322 0.1426
v 1.2758 0.6663 0.1650
v 1.2758 0.7003 0.1860
v 1.2758 0.7343 0.2032
v 1.2758 0.7684 0.2141
v 1.2758 0.8024 0.2174
v 1.2758 0.8364 0.2128
v 1.2758 0.8704 0.2012
v 1.2758 0.9045 0.1845
v 1.2758 0.9385 0.1652
v 1.2758 0.9725 0.1457
v 1.2758 1.0066 0.1281
v 1.2758 1.0406 0.1135
v 1.2758 1.0746 0.1025
v 1.2758 1.1087 0.0950
v 1.2758 1.1427 0.0907
v 1.2758 1.1767 0.0892
v 1.2758 1.2107 0.0903
v 1.2758 1.2448 0.0942
v 1.2758 1.2788 0.1020
v 1.2758 1.3128 0.1148
v 1.2758 1.3469 0.1348
v 1.2758 1.3809 0.1642
v 1.2758 1.4149 0.2051
v 1.2758 1.4490 0.2589
v 1.2758 1.4830 0.3255
v 1.2758 1.5170 0.4025
v 1.2758 1.5510 0.4853
v 1.2758 1.5851 0.5670
v 1.2758 1.6191 0.6389
v 1.2758 1.6531 0.6927
v 1.2758 1.6872 0.7000
v 1.2758 1.7212 0.7000
v 1.2758 1.7552 0.6909
v 1.2758 1.7893 0.6356
v 1.2758 1.8233 0.5617
v 1.2758 1.8573 0.4778
v 1.2758 1.8913 0.3924
v 1.2758 1.9254 0.3126
v 1.2758 1.9594 0.2434
v 1.2758 1.9934 0.1870
v 1.2758 2.0275 0.1438
v 1.2758 2.0615 0.1125
v 1.2758 2.0955 0.0909
v 1.2758 2.1296 0.0767
v 1.2758 2.1636 0.0676
v 1.2758 2.1976 0.0620
v 1.2758 2.2316 0.0586
v 1.2758 2.2657 0.0564
v 1.2758 2.2997 0.0551
v 1.2758 2.3337 0.0541
v 1.2758 2.3678 0.0534
v 1.2758 2.4018 0.0528
v 1.2758 2.4358 0.0524
v 1.2758 2.4699 0.0520
v 1.2758 2.5039 0.0516
v 1.2758 2.5379 0.0513
v 1.2758 2.5719 0.0511
v 1.2758 2.6060 0.0509
v 1.2758 2.6400 0.0507
v 1.3095 0.3600 0.0550
v 1.3095 0.3940 0.0575
v 1.3095 0.4281 0.0613
v 1.3095 0.4621 0.0673
v 1.3095 0.4961 0.0760
v 1.3095 0.5301 0.0881
v 1.3095 0.5642 0.1040
v 1.3095 0.5982 0.1234
v 1.3095 0.6322 0.1455
v 1.3095 0.6663 0.1686
v 1.3095 0.7003 0.1902
v 1.3095 0.7343 0.2079
v 1.3095 0.7684 0.2192
v 1.3095 0.8024 0.2227
v 1.3095 0.8364 0.2182
v 1.3095 0.8704 0.2064
v 1.3095 0.9045 0.1895
v 1.3095 0.9385 0.1700
v 1.3095 0.9725 0.1502
v 1.3095 1.0066 0.1323
v 1.3095 1.0406 0.1176
v 1.3095 1.0746 0.1065
v 1.3095 1.1087 0.0990
v 1.3095 1.1427 0.0947
v 1.3095 1.1767 0.0932
v 1.3095 1.2107 0.0944
v 1.3095 1.2448 0.0984
v 1.3095 1.2788 0.1062
v 1.3095 1.3128 0.1192
v 1.3095 1.3469 0.1393
v 1.3095 1.3809 0.1688
v 1.3095 1.4149 0.2098
v 1.3095 1.4490 0.2636
v 1.3095 1.4830 0.3303
v 1.3095 1.5170 0.4074
v 1.3095 1.5510 0.4903
v 1.3095 1.5851 0.5720
v 1.3095 1.6191 0.6440
v 1.3095 1.6531 0.6978
v 1.3095 1.6872 0.7000
v 1.3095 1.7212 0.7000
v 1.3095 1.7552 0.6954
v 1.3095 1.7893 0.6398
v 1.3095 1.8233 0.5656
v 1.3095 1.8573 0.4813
v 1.3095 1.8913 0.3955
v 1.3095 1.9254 0.3153
v 1.3095 1.9594 0.2457
v 1.3095 1.9934 0.1891
v 1.3095 2.0275 0.1456
v 1.3095 2.0615 0.1141
v 1.3095 2.0955 0.0922
v 1.3095 2.1296 0.0778
v 1.3095 2.1636 0.0686
v 1.3095 2.1976 0.0629
v 1.3095 2.2316 0.0593
v 1.3095 2.2657 0.0571
v 1.3095 2.2997 0.0556
v 1.3095 2.3337 0.0546
v 1.3095 2.3678 0.0538
v 1.3095 2.4018 0.0532
v 1.3095 2.4358 0.0526
v 1.3095 2.4699 0.0522
v 1.3095 2.5039 0.0518
v 1.3095 2.5379 0.0515
v 1.3095 2.5719 0.0512
v 1.3095 2.6060 0.0510
v 1.3095 2.6400 0.0508
v 1.3432 0.3600 0.0554
v 1.3432 0.3940 0.0580
v 1.3432 0.4281 0.0620
v 1.3432 0.4621 0.0681
v 1.3432 0.4961 0.0771
v 1.3432 0.5301 0.0895
v 1.3432 0.5642 0.1059
v 1.3432 0.5982 0.1258
v 1.3432 0.6322 0.1485
v 1.3432 0.6663 0.1722
v 1.3432 0.7003 0.1944
v 1.3432 0.7343 0.2126
v 1.3432 0.7684 0.2244
v 1.3432 0.8024 0.2281
v 1.3432 0.8364 0.2236
v 1.3432 0.8704 0.2118
v 1.3432 0.9045 0.1947
v 1.3432 0.9385 0.1749
v 1.3432 0.9725 0.1549
v 1.3432 1.0066 0.1368
v 1.3432 1.0406 0.1219
v 1.3432 1.0746 0.1107
v 1.3432 1.1087 0.1032
v 1.3432 1.1427 0.0989
v 1.3432 1.1767 0.0975
v 1.3432 1.2107 0.0987
v 1.3432 1.2448 0.1028
v 1.3432 1.2788 0.1105
v 1.3432 1.3128 0.1233
v 1.3432 1.3469 0.1430
v 1.3432 1.3809 0.1719
v 1.3432 1.4149 0.2120
v 1.3432 1.4490 0.2648
v 1.3432 1.4830 0.3299
v 1.3432 1.5170 0.4054
v 1.3432 1.5510 0.4865
v 1.3432 1.5851 0.5663
v 1.3432 1.6191 0.6367
v 1.3432 1.6531 0.6891
v 1.3432 1.6872 0.7000
v 1.3432 1.7212 0.7000
v 1.3432 1.7552 0.6861
v 1.3432 1.7893 0.6314
v 1.3432 1.8233 0.5585
v 1.3432 1.8573 0.4757
v 1.3432 1.8913 0.3914
v 1.3432 1.9254 0.3126
v 1.3432 1.9594 0.2442
v 1.3432 1.9934 0.1884
v 1.3432 2.0275 0.1457
v 1.3432 2.0615 0.1145
v 1.3432 2.0955 0.0930
v 1.3432 2.1296 0.0787
v 1.3432 2.1636 0.0695
v 1.3432 2.1976 0.0637
v 1.3432 2.2316 0.0601
v 1.3432 2.2657 0.0578
v 1.3432 2.2997 0.0562
v 1.3432 2.3337 0.0551
v 1.3432 2.3678 0.0542
v 1.3432 2.4018 0.0535
v 1.3432 2.4358 0.0530
v 1.3432 2.4699 0.0525
v 1.3432 2.5039 0.0520
v 1.3432 2.5379 0.0517
v 1.3432 2.5719 0.0514
v 1.3432 2.6060 0.0511
v 1.3432 2.6400 0.0509
v 1.3768 0.3600 0.0558
v 1.3768 0.3940 0.0585
v 1.3768 0.4281 0.0627
v 1.3768 0.4621 0.0690
v 1.3768 0.4961 0.0782
v 1.3768 0.5301 0.0911
v 1.3768 0.5642 0.1078
v 1.3768 0.5982 0.1283
v 1.3768 0.6322 0.1516
v 1.3768 0.6663 0.1759
v 1.3768 0.7003 0.1987
v 1.3768 0.7343 0.2174
v 1.3768 0.7684 0.2296
v 1.3768 0.8024 0.2336
v 1.3768 0.8364 0.2292
v 1.3768 0.8704 0.2174
v 1.3768 0.9045 0.2001
v 1.3768 0.9385 0.1801
v 1.3768 0.9725 0.1599
v 1.3768 1.0066 0.1416
v 1.3768 1.0406 0.1266
v 1.3768 1.0746 0.1153
v 1.3768 1.1087 0.1078
v 1.3768 1.1427 0.1036
v 1.3768 1.1767 0.1022
v 1.3768 1.2107 0.1034
v 1.3768 1.2448 0.1074
v 1.3768 1.2788 0.1148
v 1.3768 1.3128 0.1271
v 1.3768 1.3469 0.1461
v 1.3768 1.3809 0.1737
v 1.3768 1.4149 0.2121
v 1.3768 1.4490 0.2626
v 1.3768 1.4830 0.3249
v 1.3768 1.5170 0.3970
v 1.3768 1.5510 0.4744
v 1.3768 1.5851 0.5506
v 1.3768 1.6191 0.6177
v 1.3768 1.6531 0.6677
v 1.3768 1.6872 0.6939
v 1.3768 1.7212 0.6927
v 1.3768 1.7552 0.6639
v 1.3768 1.7893 0.6113
v 1.3768 1.8233 0.5411
v 1.3768 1.8573 0.4615
v 1.3768 1.8913 0.3805
v 1.3768 1.9254 0.3048
v 1.3768 1.9594 0.2390
v 1.3768 1.9934 0.1854
v 1.3768 2.0275 0.1441
v 1.3768 2.0615 0.1141
v 1.3768 2.0955 0.0932
v 1.3768 2.1296 0.0793
v 1.3768 2.1636 0.0703
v 1.3768 2.1976 0.0645
v 1.3768 2.2316 0.0609
v 1.3768 2.2657 0.0585
v 1.3768 2.2997 0.0569
v 1.3768 2.3337 0.0556
v 1.3768 2.3678 0.0547
v 1.3768 2.4018 0.0539
v 1.3768 2.4358 0.0533
v 1.3768 2.4699 0.0527
v 1.3768 2.5039 0.0523
v 1.3768 2.5379 0.0519
v 1.3768 2.5719 0.0516
v 1.3768 2.6060 0.0513
v 1.3768 2.6400 0.0510
v 1.4105 0.3600 0.0563
v 1.4105 0.3940 0.0591
v 1.4105 0.4281 0.0634
v 1.4105 0.4621 0.0699
v 1.4105 0.4961 0.0794
v 1.4105 0.5301 0.0926
v 1.4105 0.5642 0.1098
v 1.4105 0.5982 0.1308
v 1.4105 0.6322 0.1547
v 1.4105 0.6663 0.1796
v 1.4105 0.7003 0.2031
v 1.4105 0.7343 0.2223
v 1.4105 0.7684 0.2349
v 1.4105 0.8024 0.2392
v 1.4105 0.8364 0.2349
v 1.4105 0.8704 0.2230
v 1.4105 0.9045 0.2056
v 1.4105 0.9385 0.1854
v 1.4105 0.9725 0.1651
v 1.4105 1.0066 0.1466
v 1.4105 1.0406 0.1315
v 1.4105 1.0746 0.1203
v 1.4105 1.1087 0.1127
v 1.4105 1.1427 0.1086
v 1.4105 1.1767 0.1072
v 1.4105 1.2107 0.1084
v 1.4105 1.2448 0.1122
v 1.4105 1.2788 0.1193
v 1.4105 1.3128 0.1309
v 1.4105 1.3469 0.1487
v 1.4105 1.3809 0.1746
v 1.4105 1.4149 0.2105
v 1.4105 1.4490 0.2576
v 1.4105 1.4830 0.3157
v 1.4105 1.5170 0.3830
v 1.4105 1.5510 0.4552
v 1.4105 1.5851 0.5263
v 1.4105 1.6191 0.5888
v 1.4105 1.6531 0.6351
v 1.4105 1.6872 0.6593
v 1.4105 1.7212 0.6578
v 1.4105 1.7552 0.6306
v 1.4105 1.7893 0.5809
v 1.4105 1.8233 0.5149
v 1.4105 1.8573 0.4400
v 1.4105 1.8913 0.3639
v 1.4105 1.9254 0.2926
v 1.4105 1.9594 0.2307
v 1.4105 1.9934 0.1802
v 1.4105 2.0275 0.1413
v 1.4105 2.0615 0.1128
v 1.4105 2.0955 0.0930
v 1.4105 2.1296 0.0796
v 1.4105 2.1636 0.0709
v 1.4105 2.1976 0.0653
v 1.4105 2.2316 0.0617
v 1.4105 2.2657 0.0593
v 1.4105 2.2997 0.0575
v 1.4105 2.3337 0.0562
v 1.4105 2.3678 0.0552
v 1.4105 2.4018 0.0544
v 1.4105 2.4358 0.0537
v 1.4105 2.4699 0.0531
v 1.4105 2.5039 0.0525
v 1.4105 2.5379 0.0521
v 1.4105 2.5719 0.0517
v 1.4105 2.6060 0.0514
v 1.4105 2.6400 0.0511
v 1.4442 0.3600 0.0568
v 1.4442 0.3940 0.0597
v 1.4442 0.4281 0.0642
v 1.4442 0.4621 0.0709
v 1.4442 0.4961 0.0807
v 1.4442 0.5301 0.0942
v 1.4442 0.5642 0.1119
v 1.4442 0.5982 0.1334
v 1.4442 0.6322 0.1579
v 1.4442 0.6663 0.1834
v 1.4442 0.7003 0.2075
v 1.4442 0.7343 0.2273
v 1.4442 0.7684 0.2403
v 1.4442 0.8024 0.2449
v 1.4442 0.8364 0.2407
v 1.4442 0.8704 0.2288
v 1.4442 0.9045 0.2114
v 1.4442 0.9385 0.1910
v 1.4442 0.9725 0.1705
v 1.4442 1.0066 0.1520
v 1.4442 1.0406 0.1368
v 1.4442 1.0746 0.1255
v 1.4442 1.1087 0.1180
v 1.4442 1.1427 0.1139
v 1.4442 1.1767 0.1126
v 1.4442 1.2107 0.1137
v 1.4442 1.2448 0.1173
v 1.4442 1.2788 0.1239
v 1.4442 1.3128 0.1347
v 1.4442 1.3469 0.1510
v 1.4442 1.3809 0.1747
v 1.4442 1.4149 0.2075
v 1.4442 1.4490 0.2504
v 1.4442 1.4830 0.3035
v 1.4442 1.5170 0.3647
v 1.4442 1.5510 0.4305
v 1.4442 1.5851 0.4952
v 1.4442 1.6191 0.5519
v 1.4442 1.6531 0.5939
v 1.4442 1.6872 0.6156
v 1.4442 1.7212 0.6138
v 1.4442 1.7552 0.5884
v 1.4442 1.7893 0.5425
v 1.4442 1.8233 0.4817
v 1.4442 1.8573 0.4128
v 1.4442 1.8913 0.3426
v 1.4442 1.9254 0.2771
v 1.4442 1.9594 0.2200
v 1.4442 1.9934 0.1734
v 1.4442 2.0275 0.1373
v 1.4442 2.0615 0.1109
v 1.4442 2.0955 0.0924
v 1.4442 2.1296 0.0799
v 1.4442 2.1636 0.0716
v 1.4442 2.1976 0.0662
v 1.4442 2.2316 0.0626
v 1.4442 2.2657 0.0601
v 1.4442 2.2997 0.0583
v 1.4442 2.3337 0.0569
v 1.4442 2.3678 0.0558
v 1.4442 2.4018 0.0549
v 1.4442 2.4358 0.0541
v 1.4442 2.4699 0.0534
v 1.4442 2.5039 0.0528
v 1.4442 2.5379 0.0523
v 1.4442 2.5719 0.0519
v 1.4442 2.6060 0.0516
v 1.4442 2.6400 0.0513
v 1.4779 0.3600 0.0573
v 1.4779 0.3940 0.0603
v 1.4779 0.4281 0.0650
v 1.4779 0.4621 0.0719
v 1.4779 0.4961 0.0820
v 1.4779 0.5301 0.0959
v 1.4779 0.5642 0.1140
v 1.4779 0.5982 0.1361
v 1.4779 0.6322 0.1611
v 1.4779 0.6663 0.1872
v 1.4779 0.7003 0.2119
v 1.4779 0.7343 0.2322
v 1.4779 0.7684 0.2457
v 1.4779 0.8024 0.2506
v 1.4779 0.8364 0.2466
v 1.4779 0.8704 0.2348
v 1.4779 0.9045 0.2173
v 1.4779 0.9385 0.1968
v 1.4779 0.9725 0.1762
v 1.4779 1.0066 0.1576
v 1.4779 1.0406 0.1424
v 1.4779 1.0746 0.1311
v 1.4779 1.1087 0.1237
v 1.4779 1.1427 0.1197
v 1.4779 1.1767 0.1184
v 1.4779 1.2107 0.1194
v 1.4779 1.2448 0.1228
v 1.4779 1.2788 0.1289
v 1.4779 1.3128 0.1386
v 1.4779 1.3469 0.1533
v 1.4779 1.3809 0.1745
v 1.4779 1.4149 0.2038
v 1.4779 1.4490 0.2420
v 1.4779 1.4830 0.2892
v 1.4779 1.5170 0.3437
v 1.4779 1.5510 0.4021
v 1.4779 1.5851 0.4595
v 1.4779 1.6191 0.5098
v 1.4779 1.6531 0.5468
v 1.4779 1.6872 0.5657
v 1.4779 1.7212 0.5635
v 1.4779 1.7552 0.5403
v 1.4779 1.7893 0.4987
v 1.4779 1.8233 0.4438
v 1.4779 1.8573 0.3816
v 1.4779 1.8913 0.3184
v 1.4779 1.9254 0.2592
v 1.4779 1.9594 0.2077
v 1.4779 1.9934 0.1655
v 1.4779 2.0275 0.1328
v 1.4779 2.0615 0.1087
v 1.4779 2.0955 0.0917
v 1.4779 2.1296 0.0800
v 1.4779 2.1636 0.0722
v 1.4779 2.1976 0.0670
v 1.4779 2.2316 0.0635
v 1.4779 2.2657 0.0610
v 1.4779 2.2997 0.0591
v 1.4779 2.3337 0.0576
v 1.4779 2.3678 0.0564
v 1.4779 2.4018 0.0554
v 1.4779 2.4358 0.0545
v 1.4779 2.4699 0.0538
v 1.4779 2.5039 0.0531
v 1.4779 2.5379 0.0526
v 1.4779 2.5719 0.0521
v 1.4779 2.6060 0.0517
v 1.4779 2.6400 0.0514
v 1.5116 0.3600 0.0579
v 1.5116 0.3940 0.0610
v 1.5116 0.4281 0.0658
v 1.5116 0.4621 0.0730
v 1.5116 0.4961 0.0834
v 1.5116 0.5301 0.0976
v 1.5116 0.5642 0.1161
v 1.5116 0.5982 0.1387
v 1.5116 0.6322 0.1644
v 1.5116 0.6663 0.1911
v 1.5116 0.7003 0.2164
v 1.5116 0.7343 0.2373
v 1.5116 0.7684 0.2512
v 1.5116 0.8024 0.2564
v 1.5116 0.8364 0.2526
v 1.5116 0.8704 0.2408
v 1.5116 0.9045 0.2233
v 1.5116 0.9385 0.2028
v 1.5116 0.9725 0.1821
v 1.5116 1.0066 0.1635
v 1.5116 1.0406 0.1483
v 1.5116 1.0746 0.1371
v 1.5116 1.1087 0.1298
v 1.5116 1.1427 0.1258
v 1.5116 1.1767 0.1246
v 1.5116 1.2107 0.1256
v 1.5116 1.2448 0.1287
v 1.5116 1.2788 0.1342
v 1.5116 1.3128 0.1429
v 1.5116 1.3469 0.1558
v 1.5116 1.3809 0.1744
v 1.5116 1.4149 0.1999
v 1.5116 1.4490 0.2331
v 1.5116 1.4830 0.2741
v 1.5116 1.5170 0.3214
v 1.5116 1.5510 0.3720
v 1.5116 1.5851 0.4217
v 1.5116 1.6191 0.4651
v 1.5116 1.6531 0.4968
v 1.5116 1.6872 0.5127
v 1.5116 1.7212 0.5101
v 1.5116 1.7552 0.4892
v 1.5116 1.7893 0.4522
v 1.5116 1.8233 0.4035
v 1.5116 1.8573 0.3485
v 1.5116 1.8913 0.2926
v 1.5116 1.9254 0.2403
v 1.5116 1.9594 0.1946
v 1.5116 1.9934 0.1571
v 1.5116 2.0275 0.1279
v 1.5116 2.0615 0.1063
v 1.5116 2.0955 0.0909
v 1.5116 2.1296 0.0802
v 1.5116 2.1636 0.0730
v 1.5116 2.1976 0.0680
v 1.5116 2.2316 0.0645
v 1.5116 2.2657 0.0619
v 1.5116 2.2997 0.0599
v 1.5116 2.3337 0.0583
v 1.5116 2.3678 0.0570
v 1.5116 2.4018 0.0559
v 1.5116 2.4358 0.0550
v 1.5116 2.4699 0.0542
v 1.5116 2.5039 0.0535
v 1.5116 2.5379 0.0529
v 1.5116 2.5719 0.0523
v 1.5116 2.6060 0.0519
v 1.5116 2.6400 0.0516
v 1.5453 0.3600 0.0585
v 1.5453 0.3940 0.0618
v 1.5453 0.4281 0.0668
v 1.5453 0.4621 0.0742
v 1.5453 0.4961 0.0848
v 1.5453 0.5301 0.0994
v 1.5453 0.5642 0.1184
v 1.5453 0.5982 0.1415
v 1.5453 0.6322 0.1677
v 1.5453 0.6663 0.1950
v 1.5453 0.7003 0.2209
v 1.5453 0.7343 0.2423
v 1.5453 0.7684 0.2567
v 1.5453 0.8024 0.2623
v 1.5453 0.8364 0.2587
v 1.5453 0.8704 0.2471
v 1.5453 0.9045 0.2296
v 1.5453 0.9385 0.2091
v 1.5453 0.9725 0.1884
v 1.5453 1.0066 0.1697
v 1.5453 1.0406 0.1546
v 1.5453 1.0746 0.1435
v 1.5453 1.1087 0.1363
v 1.5453 1.1427 0.1324
v 1.5453 1.1767 0.1312
v 1.5453 1.2107 0.1322
v 1.5453 1.2448 0.1351
v 1.5453 1.2788 0.1400
v 1.5453 1.3128 0.1476
v 1.5453 1.3469 0.1588
v 1.5453 1.3809 0.1747
v 1.5453 1.4149 0.1964
v 1.5453 1.4490 0.2246
v 1.5453 1.4830 0.2593
v 1.5453 1.5170 0.2993
v 1.5453 1.5510 0.3421
v 1.5453 1.5851 0.3839
v 1.5453 1.6191 0.4203
v 1.5453 1.6531 0.4467
v 1.5453 1.6872 0.4595
v 1.5453 1.7212 0.4566
v 1.5453 1.7552 0.4379
v 1.5453 1.7893 0.4055
v 1.5453 1.8233 0.3631
v 1.5453 1.8573 0.3154
v 1.5453 1.8913 0.2669
v 1.5453 1.9254 0.2214
v 1.5453 1.9594 0.1816
v 1.5453 1.9934 0.1489
v 1.5453 2.0275 0.1232
v 1.5453 2.0615 0.1041
v 1.5453 2.0955 0.0903
v 1.5453 2.1296 0.0806
v 1.5453 2.1636 0.0738
v 1.5453 2.1976 0.0690
v 1.5453 2.2316 0.0655
v 1.5453 2.2657 0.0629
v 1.5453 2.2997 0.0608
v 1.5453 2.3337 0.0592
v 1.5453 2.3678 0.0577
v 1.5453 2.4018 0.0565
v 1.5453 2.4358 0.0555
v 1.5453 2.4699 0.0546
v 1.5453 2.5039 0.0538
v 1.5453 2.5379 0.0531
v 1.5453 2.5719 0.0526
v 1.5453 2.6060 0.0521
v 1.5453 2.6400 0.0517
v 1.5789 0.3600 0.0591
v 1.5789 0.3940 0.0626
v 1.5789 0.4281 0.0677
v 1.5789 0.4621 0.0753
v 1.5789 0.4961 0.0863
v 1.5789 0.5301 0.1012
v 1.5789 0.5642 0.1206
v 1.5789 0.5982 0.1442
v 1.5789 0.6322 0.1710
v 1.5789 0.6663 0.1990
v 1.5789 0.7003 0.2255
v 1.5789 0.7343 0.2475
v 1.5789 0.7684 0.2623
v 1.5789 0.8024 0.2682
v 1.5789 0.8364 0.2649
v 1.5789 0.8704 0.2534
v 1.5789 0.9045 0.2360
v 1.5789 0.9385 0.2155
v 1.5789 0.9725 0.1948
v 1.5789 1.0066 0.1763
v 1.5789 1.0406 0.1612
v 1.5789 1.0746 0.1502
v 1.5789 1.1087 0.1432
v 1.5789 1.1427 0.1394
v 1.5789 1.1767 0.1384
v 1.5789 1.2107 0.1393
v 1.5789 1.2448 0.1419
v 1.5789 1.2788 0.1464
v 1.5789 1.3128 0.1529
v 1.5789 1.3469 0.1624
v 1.5789 1.3809 0.1757
v 1.5789 1.4149 0.1938
v 1.5789 1.4490 0.2171
v 1.5789 1.4830 0.2458
v 1.5789 1.5170 0.2787
v 1.5789 1.5510 0.3138
v 1.5789 1.5851 0.3481
v 1.5789 1.6191 0.3777
v 1.5789 1.6531 0.3990
v 1.5789 1.6872 0.4088
v 1.5789 1.7212 0.4054
v 1.5789 1.7552 0.3889
v 1.5789 1.7893 0.3609
v 1.5789 1.8233 0.3246
v 1.5789 1.8573 0.2838
v 1.5789 1.8913 0.2424
v 1.5789 1.9254 0.2035
v 1.5789 1.9594 0.1694
v 1.5789 1.9934 0.1412
v 1.5789 2.0275 0.1190
v 1.5789 2.0615 0.1022
v 1.5789 2.0955 0.0899
v 1.5789 2.1296 0.0811
v 1.5789 2.1636 0.0747
v 1.5789 2.1976 0.0701
v 1.5789 2.2316 0.0667
v 1.5789 2.2657 0.0640
v 1.5789 2.2997 0.0618
v 1.5789 2.3337 0.0600
v 1.5789 2.3678 0.0585
v 1.5789 2.4018 0.0572
v 1.5789 2.4358 0.0560
v 1.5789 2.4699 0.0550
v 1.5789 2.5039 0.0542
v 1.5789 2.5379 0.0534
v 1.5789 2.5719 0.0528
v 1.5789 2.6060 0.0523
v 1.5789 2.6400 0.0519
v 1.6126 0.3600 0.0598
v 1.6126 0.3940 0.0634
v 1.6126 0.4281 0.0687
v 1.6126 0.4621 0.0766
v 1.6126 0.4961 0.0878
v 1.6126 0.5301 0.1031
v 1.6126 0.5642 0.1229
v 1.6126 0.5982 0.1471
v 1.6126 0.6322 0.1744
v 1.6126 0.6663 0.2030
v 1.6126 0.7003 0.2301
v 1.6126 0.7343 0.2526
v 1.6126 0.7684 0.2679
v 1.6126 0.8024 0.2742
v 1.6126 0.8364 0.2712
v 1.6126 0.8704 0.2599
v 1.6126 0.9045 0.2426
v 1.6126 0.9385 0.2222
v 1.6126 0.9725 0.2016
v 1.6126 1.0066 0.1831
v 1.6126 1.0406 0.1682
v 1.6126 1.0746 0.1573
v 1.6126 1.1087 0.1505
v 1.6126 1.1427 0.1469
v 1.6126 1.1767 0.1459
v 1.6126 1.2107 0.1469
v 1.6126 1.2448 0.1494
v 1.6126 1.2788 0.1533
v 1.6126 1.3128 0.1589
v 1.6126 1.3469 0.1669
v 1.6126 1.3809 0.1778
v 1.6126 1.4149 0.1924
v 1.6126 1.4490 0.2113
v 1.6126 1.4830 0.2343
v 1.6126 1.5170 0.2606
v 1.6126 1.5510 0.2886
v 1.6126 1.5851 0.3158
v 1.6126 1.6191 0.3391
v 1.6126 1.6531 0.3555
v 1.6126 1.6872 0.3625
v 1.6126 1.7212 0.3588
v 1.6126 1.7552 0.3442
v 1.6126 1.7893 0.3203
v 1.6126 1.8233 0.2895
v 1.6126 1.8573 0.2551
v 1.6126 1.8913 0.2202
v 1.6126 1.9254 0.1874
v 1.6126 1.9594 0.1586
v 1.6126 1.9934 0.1345
v 1.6126 2.0275 0.1154
v 1.6126 2.0615 0.1007
v 1.6126 2.0955 0.0898
v 1.6126 2.1296 0.0818
v 1.6126 2.1636 0.0759
v 1.6126 2.1976 0.0714
v 1.6126 2.2316 0.0680
v 1.6126 2.2657 0.0652
v 1.6126 2.2997 0.0629
v 1.6126 2.3337 0.0609
v 1.6126 2.3678 0.0593
v 1.6126 2.4018 0.0578
v 1.6126 2.4358 0.0566
v 1.6126 2.4699 0.0555
v 1.6126 2.5039 0.0546
v 1.6126 2.5379 0.0538
v 1.6126 2.5719 0.0531
v 1.6126 2.6060 0.0525
v 1.6126 2.6400 0.0521
v 1.6463 0.3600 0.0605
v 1.6463 0.3940 0.0642
v 1.6463 0.4281 0.0698
v 1.6463 0.4621 0.0779
v 1.6463 0.4961 0.0894
v 1.6463 0.5301 0.1050
v 1.6463 0.5642 0.1253
v 1.6463 0.5982 0.1499
v 1.6463 0.6322 0.1778
v 1.6463 0.6663 0.2070
v 1.6463 0.7003 0.2347
v 1.6463 0.7343 0.2578
v 1.6463 0.7684 0.2736
v 1.6463 0.8024 0.2803
v 1.6463 0.8364 0.2776
v 1.6463 0.8704 0.2665
v 1.6463 0.9045 0.2493
v 1.6463 0.9385 0.2290
v 1.6463 0.9725 0.2086
v 1.6463 1.0066 0.1902
v 1.6463 1.0406 0.1754
v 1.6463 1.0746 0.1648
v 1.6463 1.1087 0.1582
v 1.6463 1.1427 0.1548
v 1.6463 1.1767 0.1540
v 1.6463 1.2107 0.1550
v 1.6463 1.2448 0.1574
v 1.6463 1.2788 0.1609
v 1.6463 1.3128 0.1657
v 1.6463 1.3469 0.1723
v 1.6463 1.3809 0.1810
v 1.6463 1.4149 0.1926
v 1.6463 1.4490 0.2074
v 1.6463 1.4830 0.2253
v 1.6463 1.5170 0.2457
v 1.6463 1.5510 0.2674
v 1.6463 1.5851 0.2882
v 1.6463 1.6191 0.3058
v 1.6463 1.6531 0.3178
v 1.6463 1.6872 0.3222
v 1.6463 1.7212 0.3180
v 1.6463 1.7552 0.3051
v 1.6463 1.7893 0.2848
v 1.6463 1.8233 0.2590
v 1.6463 1.8573 0.2303
v 1.6463 1.8913 0.2011
v 1.6463 1.9254 0.1737
v 1.6463 1.9594 0.1495
v 1.6463 1.9934 0.1291
v 1.6463 2.0275 0.1127
v 1.6463 2.0615 0.0999
v 1.6463 2.0955 0.0902
v 1.6463 2.1296 0.0828
v 1.6463 2.1636 0.0772
v 1.6463 2.1976 0.0728
v 1.6463 2.2316 0.0693
v 1.6463 2.2657 0.0664
v 1.6463 2.2997 0.0640
v 1.6463 2.3337 0.0619
v 1.6463 2.3678 0.0601
v 1.6463 2.4018 0.0585
v 1.6463 2.4358 0.0572
v 1.6463 2.4699 0.0560
v 1.6463 2.5039 0.0550
v 1.6463 2.5379 0.0541
v 1.6463 2.5719 0.0534
v 1.6463 2.6060 0.0528
v 1.6463 2.6400 0.0523
v 1.6800 0.3600 0.0613
v 1.6800 0.3940 0.0651
v 1.6800 0.4281 0.0709
v 1.6800 0.4621 0.0792
v 1.6800 0.4961 0.0910
v 1.6800 0.5301 0.1070
v 1.6800 0.5642 0.1277
v 1.6800 0.5982 0.1528
v 1.6800 0.6322 0.1813
v 1.6800 0.6663 0.2110
v 1.6800 0.7003 0.2393
v 1.6800 0.7343 0.2630
v 1.6800 0.7684 0.2793
v 1.6800 0.8024 0.2864
v 1.6800 0.8364 0.2840
v 1.6800 0.8704 0.2732
v 1.6800 0.9045 0.2562
v 1.6800 0.9385 0.2361
v 1.6800 0.9725 0.2158
v 1.6800 1.0066 0.1976
v 1.6800 1.0406 0.1831
v 1.6800 1.0746 0.1727
v 1.6800 1.1087 0.1663
v 1.6800 1.1427 0.1632
v 1.6800 1.1767 0.1625
v 1.6800 1.2107 0.1636
v 1.6800 1.2448 0.1659
v 1.6800 1.2788 0.1691
v 1.6800 1.3128 0.1733
v 1.6800 1.3469 0.1786
v 1.6800 1.3809 0.1856
v 1.6800 1.4149 0.1945
v 1.6800 1.4490 0.2057
v 1.6800 1.4830 0.2192
v 1.6800 1.5170 0.2345
v 1.6800 1.5510 0.2505
v 1.6800 1.5851 0.2658
v 1.6800 1.6191 0.2784
v 1.6800 1.6531 0.2865
v 1.6800 1.6872 0.2887
v 1.6800 1.7212 0.2840
v 1.6800 1.7552 0.2725
v 1.6800 1.7893 0.2551
v 1.6800 1.8233 0.2335
v 1.6800 1.8573 0.2097
v 1.6800 1.8913 0.1855
v 1.6800 1.9254 0.1627
v 1.6800 1.9594 0.1423
v 1.6800 1.9934 0.1251
v 1.6800 2.0275 0.1110
v 1.6800 2.0615 0.0998
v 1.6800 2.0955 0.0910
v 1.6800 2.1296 0.0842
v 1.6800 2.1636 0.0787
v 1.6800 2.1976 0.0744
v 1.6800 2.2316 0.0708
v 1.6800 2.2657 0.0678
v 1.6800 2.2997 0.0652
v 1.6800 2.3337 0.0630
v 1.6800 2.3678 0.0610
v 1.6800 2.4018 0.0593
v 1.6800 2.4358 0.0578
v 1.6800 2.4699 0.0565
v 1.6800 2.5039 0.0554
v 1.6800 2.5379 0.0545
v 1.6800 2.5719 0.0537
v 1.6800 2.6060 0.0530
v 1.6800 2.6400 0.0525
v 1.7137 0.3600 0.0620
v 1.7137 0.3940 0.0661
v 1.7137 0.4281 0.0720
v 1.7137 0.4621 0.0806
v 1.7137 0.4961 0.0927
v 1.7137 0.5301 0.1090
v 1.7137 0.5642 0.1302
v 1.7137 0.5982 0.1558
v 1.7137 0.6322 0.1847
v 1.7137 0.6663 0.2151
v 1.7137 0.7003 0.2439
v 1.7137 0.7343 0.2682
v 1.7137 0.7684 0.2850
v 1.7137 0.8024 0.2926
v 1.7137 0.8364 0.2905
v 1.7137 0.8704 0.2800
v 1.7137 0.9045 0.2632
v 1.7137 0.9385 0.2434
v 1.7137 0.9725 0.2233
v 1.7137 1.0066 0.2053
v 1.7137 1.0406 0.1910
v 1.7137 1.0746 0.1809
v 1.7137 1.1087 0.1748
v 1.7137 1.1427 0.1719
v 1.7137 1.1767 0.1715
v 1.7137 1.2107 0.1727
v 1.7137 1.2448 0.1750
v 1.7137 1.2788 0.1780
v 1.7137 1.3128 0.1816
v 1.7137 1.3469 0.1860
v 1.7137 1.3809 0.1914
v 1.7137 1.4149 0.1981
v 1.7137 1.4490 0.2063
v 1.7137 1.4830 0.2161
v 1.7137 1.5170 0.2270
v 1.7137 1.5510 0.2383
v 1.7137 1.5851 0.2488
v 1.7137 1.6191 0.2571
v 1.7137 1.6531 0.2619
v 1.7137 1.6872 0.2621
v 1.7137 1.7212 0.2569
v 1.7137 1.7552 0.2465
v 1.7137 1.7893 0.2316
v 1.7137 1.8233 0.2135
v 1.7137 1.8573 0.1936
v 1.7137 1.8913 0.1734
v 1.7137 1.9254 0.1544
v 1.7137 1.9594 0.1372
v 1.7137 1.9934 0.1225
v 1.7137 2.0275 0.1103
v 1.7137 2.0615 0.1003
v 1.7137 2.0955 0.0923
v 1.7137 2.1296 0.0858
v 1.7137 2.1636 0.0805
v 1.7137 2.1976 0.0761
v 1.7137 2.2316 0.0724
v 1.7137 2.2657 0.0692
v 1.7137 2.2997 0.0665
v 1.7137 2.3337 0.0640
v 1.7137 2.3678 0.0619
v 1.7137 2.4018 0.0601
v 1.7137 2.4358 0.0585
v 1.7137 2.4699 0.0571
v 1.7137 2.5039 0.0559
v 1.7137 2.5379 0.0549
v 1.7137 2.5719 0.0540
v 1.7137 2.6060 0.0533
v 1.7137 2.6400 0.0527
v 1.7474 0.3600 0.0629
v 1.7474 0.3940 0.0671
v 1.7474 0.4281 0.0732
v 1.7474 0.4621 0.0820
v 1.7474 0.4961 0.0944
v 1.7474 0.5301 0.1111
v 1.7474 0.5642 0.1326
v 1.7474 0.5982 0.1587
v 1.7474 0.6322 0.1882
v 1.7474 0.6663 0.2191
v 1.7474 0.7003 0.2486
v 1.7474 0.7343 0.2733
v 1.7474 0.7684 0.2907
v 1.7474 0.8024 0.2987
v 1.7474 0.8364 0.2971
v 1.7474 0.8704 0.2868
v 1.7474 0.9045 0.2704
v 1.7474 0.9385 0.2508
v 1.7474 0.9725 0.2309
v 1.7474 1.0066 0.2133
v 1.7474 1.0406 0.1993
v 1.7474 1.0746 0.1895
v 1.7474 1.1087 0.1836
v 1.7474 1.1427 0.1811
v 1.7474 1.1767 0.1809
v 1.7474 1.2107 0.1823
v 1.7474 1.2448 0.1847
v 1.7474 1.2788 0.1875
v 1.7474 1.3128 0.1907
v 1.7474 1.3469 0.1943
v 1.7474 1.3809 0.1985
v 1.7474 1.4149 0.2034
v 1.7474 1.4490 0.2091
v 1.7474 1.4830 0.2158
v 1.7474 1.5170 0.2231
v 1.7474 1.5510 0.2305
v 1.7474 1.5851 0.2371
v 1.7474 1.6191 0.2419
v 1.7474 1.6531 0.2439
v 1.7474 1.6872 0.2423
v 1.7474 1.7212 0.2366
v 1.7474 1.7552 0.2270
v 1.7474 1.7893 0.2140
v 1.7474 1.8233 0.1985
v 1.7474 1.8573 0.1818
v 1.7474 1.8913 0.1648
v 1.7474 1.9254 0.1487
v 1.7474 1.9594 0.1341
v 1.7474 1.9934 0.1214
v 1.7474 2.0275 0.1105
v 1.7474 2.0615 0.1015
v 1.7474 2.0955 0.0940
v 1.7474 2.1296 0.0877
v 1.7474 2.1636 0.0825
v 1.7474 2.1976 0.0780
v 1.7474 2.2316 0.0741
v 1.7474 2.2657 0.0707
v 1.7474 2.2997 0.0678
v 1.7474 2.3337 0.0652
v 1.7474 2.3678 0.0629
v 1.7474 2.4018 0.0609
v 1.7474 2.4358 0.0592
v 1.7474 2.4699 0.0577
v 1.7474 2.5039 0.0564
v 1.7474 2.5379 0.0553
v 1.7474 2.5719 0.0543
v 1.7474 2.6060 0.0535
v 1.7474 2.6400 0.0529
v 1.7811 0.3600 0.0637
v 1.7811 0.3940 0.0681
v 1.7811 0.4281 0.0744
v 1.7811 0.4621 0.0834
v 1.7811 0.4961 0.0961
v 1.7811 0.5301 0.1132
v 1.7811 0.5642 0.1351
v 1.7811 0.5982 0.1617
v 1.7811 0.6322 0.1917
v 1.7811 0.6663 0.2232
v 1.7811 0.7003 0.2532
v 1.7811 0.7343 0.2785
v 1.7811 0.7684 0.2964
v 1.7811 0.8024 0.3049
v 1.7811 0.8364 0.3036
v 1.7811 0.8704 0.2938
v 1.7811 0.9045 0.2777
v 1.7811 0.9385 0.2584
v 1.7811 0.9725 0.2388
v 1.7811 1.0066 0.2215
v 1.7811 1.0406 0.2078
v 1.7811 1.0746 0.1983
v 1.7811 1.1087 0.1929
v 1.7811 1.1427 0.1906
v 1.7811 1.1767 0.1908
v 1.7811 1.2107 0.1924
v 1.7811 1.2448 0.1948
v 1.7811 1.2788 0.1976
v 1.7811 1.3128 0.2006
v 1.7811 1.3469 0.2036
v 1.7811 1.3809 0.2067
v 1.7811 1.4149 0.2102
v 1.7811 1.4490 0.2140
v 1.7811 1.4830 0.2182
v 1.7811 1.5170 0.2226
v 1.7811 1.5510 0.2268
v 1.7811 1.5851 0.2302
v 1.7811 1.6191 0.2321
v 1.7811 1.6531 0.2318
v 1.7811 1.6872 0.2287
v 1.7811 1.7212 0.2226
v 1.7811 1.7552 0.2135
v 1.7811 1.7893 0.2018
v 1.7811 1.8233 0.1884
v 1.7811 1.8573 0.1740
v 1.7811 1.8913 0.1595
v 1.7811 1.9254 0.1456
v 1.7811 1.9594 0.1329
v 1.7811 1.9934 0.1215
v 1.7811 2.0275 0.1117
v 1.7811 2.0615 0.1033
v 1.7811 2.0955 0.0961
v 1.7811 2.1296 0.0899
v 1.7811 2.1636 0.0846
v 1.7811 2.1976 0.0800
v 1.7811 2.2316 0.0759
v 1.7811 2.2657 0.0723
v 1.7811 2.2997 0.0692
v 1.7811 2.3337 0.0664
v 1.7811 2.3678 0.0639
v 1.7811 2.4018 0.0618
v 1.7811 2.4358 0.0599
v 1.7811 2.4699 0.0583
v 1.7811 2.5039 0.0569
v 1.7811 2.5379 0.0557
v 1.7811 2.5719 0.0547
v 1.7811 2.6060 0.0538
v 1.7811 2.6400 0.0531
v 1.8147 0.3600 0.0646
v 1.8147 0.3940 0.0691
v 1.8147 0.4281 0.0756
v 1.8147 0.4621 0.0849
v 1.8147 0.4961 0.0979
v 1.8147 0.5301 0.1153
v 1.8147 0.5642 0.1377
v 1.8147 0.5982 0.1647
v 1.8147 0.6322 0.1952
v 1.8147 0.6663 0.2272
v 1.8147 0.7003 0.2578
v 1.8147 0.7343 0.2837
v 1.8147 0.7684 0.3020
v 1.8147 0.8024 0.3110
v 1.8147 0.8364 0.3102
v 1.8147 0.8704 0.3008
v 1.8147 0.9045 0.2850
v 1.8147 0.9385 0.2661
v 1.8147 0.9725 0.2469
v 1.8147 1.0066 0.2299
v 1.8147 1.0406 0.2166
v 1.8147 1.0746 0.2075
v 1.8147 1.1087 0.2024
v 1.8147 1.1427 0.2005
v 1.8147 1.1767 0.2010
v 1.8147 1.2107 0.2029
v 1.8147 1.2448 0.2055
v 1.8147 1.2788 0.2083
v 1.8147 1.3128 0.2110
v 1.8147 1.3469 0.2136
v 1.8147 1.3809 0.2160
v 1.8147 1.4149 0.2184
v 1.8147 1.4490 0.2206
v 1.8147 1.4830 0.2229
v 1.8147 1.5170 0.2250
v 1.8147 1.5510 0.2267
v 1.8147 1.5851 0.2275
v 1.8147 1.6191 0.2271
v 1.8147 1.6531 0.2249
v 1.8147 1.6872 0.2206
v 1.8147 1.7212 0.2140
v 1.8147 1.7552 0.2052
v 1.8147 1.7893 0.1945
v 1.8147 1.8233 0.1824
v 1.8147 1.8573 0.1697
v 1.8147 1.8913 0.1569
v 1.8147 1.9254 0.1446
v 1.8147 1.9594 0.1332
v 1.8147 1.9934 0.1229
v 1.8147 2.0275 0.1137
v 1.8147 2.0615 0.1056
v 1.8147 2.0955 0.0986
v 1.8147 2.1296 0.0924
v 1.8147 2.1636 0.0869
v 1.8147 2.1976 0.0821
v 1.8147 2.2316 0.0778
v 1.8147 2.2657 0.0740
v 1.8147 2.2997 0.0706
v 1.8147 2.3337 0.0676
v 1.8147 2.3678 0.0650
v 1.8147 2.4018 0.0627
v 1.8147 2.4358 0.0607
v 1.8147 2.4699 0.0589
v 1.8147 2.5039 0.0574
v 1.8147 2.5379 0.0561
v 1.8147 2.5719 0.0550
v 1.8147 2.6060 0.0541
v 1.8147 2.6400 0.0533
v 1.8484 0.3600 0.0655
v 1.8484 0.3940 0.0702
v 1.8484 0.4281 0.0769
v 1.8484 0.4621 0.0865
v 1.8484 0.4961 0.0997
v 1.8484 0.5301 0.1175
v 1.8484 0.5642 0.1402
v 1.8484 0.5982 0.1676
v 1.8484 0.6322 0.1987
v 1.8484 0.6663 0.2312
v 1.8484 0.7003 0.2623
v 1.8484 0.7343 0.2887
v 1.8484 0.7684 0.3077
v 1.8484 0.8024 0.3172
v 1.8484 0.8364 0.3168
v 1.8484 0.8704 0.3078
v 1.8484 0.9045 0.2925
v 1.8484 0.9385 0.2739
v 1.8484 0.9725 0.2551
v 1.8484 1.0066 0.2385
v 1.8484 1.0406 0.2256
v 1.8484 1.0746 0.2170
v 1.8484 1.1087 0.2123
v 1.8484 1.1427 0.2108
v 1.8484 1.1767 0.2115
v 1.8484 1.2107 0.2137
v 1.8484 1.2448 0.2165
v 1.8484 1.2788 0.2194
v 1.8484 1.3128 0.2221
v 1.8484 1.3469 0.2244
v 1.8484 1.3809 0.2262
v 1.8484 1.4149 0.2277
v 1.8484 1.4490 0.2288
v 1.8484 1.4830 0.2296
v 1.8484 1.5170 0.2299
v 1.8484 1.5510 0.2296
v 1.8484 1.5851 0.2285
v 1.8484 1.6191 0.2263
v 1.8484 1.6531 0.2226
v 1.8484 1.6872 0.2172
v 1.8484 1.7212 0.2101
v 1.8484 1.7552 0.2013
v 1.8484 1.7893 0.1911
v 1.8484 1.8233 0.1800
v 1.8484 1.8573 0.1683
v 1.8484 1.8913 0.1567
v 1.8484 1.9254 0.1454
v 1.8484 1.9594 0.1349
v 1.8484 1.9934 0.1251
v 1.8484 2.0275 0.1163
v 1.8484 2.0615 0.1084
v 1.8484 2.0955 0.1014
v 1.8484 2.1296 0.0950
v 1.8484 2.1636 0.0894
v 1.8484 2.1976 0.0843
v 1.8484 2.2316 0.0798
v 1.8484 2.2657 0.0757
v 1.8484 2.2997 0.0721
v 1.8484 2.3337 0.0689
v 1.8484 2.3678 0.0661
v 1.8484 2.4018 0.0636
v 1.8484 2.4358 0.0614
v 1.8484 2.4699 0.0596
v 1.8484 2.5039 0.0580
v 1.8484 2.5379 0.0566
v 1.8484 2.5719 0.0554
v 1.8484 2.6060 0.0544
v 1.8484 2.6400 0.0536
v 1.8821 0.3600 0.0664
v 1.8821 0.3940 0.0713
v 1.8821 0.4281 0.0782
v 1.8821 0.4621 0.0880
v 1.8821 0.4961 0.1015
v 1.8821 0.5301 0.1196
v 1.8821 0.5642 0.1427
v 1.8821 0.5982 0.1706
v 1.8821 0.6322 0.2021
v 1.8821 0.6663 0.2352
v 1.8821 0.7003 0.2668
v 1.8821 0.7343 0.2938
v 1.8821 0.7684 0.3132
v 1.8821 0.8024 0.3232
v 1.8821 0.8364 0.3234
v 1.8821 0.8704 0.3148
v 1.8821 0.9045 0.3000
v 1.8821 0.9385 0.2818
v 1.8821 0.9725 0.2635
v 1.8821 1.0066 0.2473
v 1.8821 1.0406 0.2349
v 1.8821 1.0746 0.2267
v 1.8821 1.1087 0.2224
v 1.8821 1.1427 0.2213
v 1.8821 1.1767 0.2224
v 1.8821 1.2107 0.2249
v 1.8821 1.2448 0.2279
v 1.8821 1.2788 0.2310
v 1.8821 1.3128 0.2336
v 1.8821 1.3469 0.2357
v 1.8821 1.3809 0.2372
v 1.8821 1.4149 0.2381
v 1.8821 1.4490 0.2383
v 1.8821 1.4830 0.2379
v 1.8821 1.5170 0.2369
v 1.8821 1.5510 0.2351
v 1.8821 1.5851 0.2324
v 1.8821 1.6191 0.2287
v 1.8821 1.6531 0.2238
v 1.8821 1.6872 0.2175
v 1.8821 1.7212 0.2098
v 1.8821 1.7552 0.2010
v 1.8821 1.7893 0.1910
v 1.8821 1.8233 0.1804
v 1.8821 1.8573 0.1694
v 1.8821 1.8913 0.1584
v 1.8821 1.9254 0.1478
v 1.8821 1.9594 0.1377
v 1.8821 1.9934 0.1282
v 1.8821 2.0275 0.1196
v 1.8821 2.0615 0.1116
v 1.8821 2.0955 0.1044
v 1.8821 2.1296 0.0979
v 1.8821 2.1636 0.0920
v 1.8821 2.1976 0.0866
v 1.8821 2.2316 0.0818
v 1.8821 2.2657 0.0775
v 1.8821 2.2997 0.0737
v 1.8821 2.3337 0.0702
v 1.8821 2.3678 0.0672
v 1.8821 2.4018 0.0646
v 1.8821 2.4358 0.0622
v 1.8821 2.4699 0.0602
v 1.8821 2.5039 0.0585
v 1.8821 2.5379 0.0570
v 1.8821 2.5719 0.0558
v 1.8821 2.6060 0.0547
v 1.8821 2.6400 0.0538
v 1.9158 0.3600 0.0673
v 1.9158 0.3940 0.0724
v 1.9158 0.4281 0.0795
v 1.9158 0.4621 0.0896
v 1.9158 0.4961 0.1034
v 1.9158 0.5301 0.1218
v 1.9158 0.5642 0.1453
v 1.9158 0.5982 0.1736
v 1.9158 0.6322 0.2055
v 1.9158 0.6663 0.2391
v 1.9158 0.7003 0.2712
v 1.9158 0.7343 0.2987
v 1.9158 0.7684 0.3187
v 1.9158 0.8024 0.3292
v 1.9158 0.8364 0.3299
v 1.9158 0.8704 0.3218
v 1.9158 0.9045 0.3074
v 1.9158 0.9385 0.2898
v 1.9158 0.9725 0.2719
v 1.9158 1.0066 0.2563
v 1.9158 1.0406 0.2443
v 1.9158 1.0746 0.2365
v 1.9158 1.1087 0.2327
v 1.9158 1.1427 0.2320
v 1.9158 1.1767 0.2336
v 1.9158 1.2107 0.2364
v 1.9158 1.2448 0.2397
v 1.9158 1.2788 0.2429
v 1.9158 1.3128 0.2456
v 1.9158 1.3469 0.2476
v 1.9158 1.3809 0.2488
v 1.9158 1.4149 0.2492
v 1.9158 1.4490 0.2488
v 1.9158 1.4830 0.2476
v 1.9158 1.5170 0.2455
v 1.9158 1.5510 0.2426
v 1.9158 1.5851 0.2387
v 1.9158 1.6191 0.2338
v 1.9158 1.6531 0.2279
v 1.9158 1.6872 0.2208
v 1.9158 1.7212 0.2126
v 1.9158 1.7552 0.2035
v 1.9158 1.7893 0.1935
v 1.9158 1.8233 0.1831
v 1.9158 1.8573 0.1724
v 1.9158 1.8913 0.1617
v 1.9158 1.9254 0.1513
v 1.9158 1.9594 0.1414
v 1.9158 1.9934 0.1320
v 1.9158 2.0275 0.1232
v 1.9158 2.0615 0.1151
v 1.9158 2.0955 0.1077
v 1.9158 2.1296 0.1009
v 1.9158 2.1636 0.0947
v 1.9158 2.1976 0.0890
v 1.9158 2.2316 0.0839
v 1.9158 2.2657 0.0794
v 1.9158 2.2997 0.0753
v 1.9158 2.3337 0.0716
v 1.9158 2.3678 0.0684
v 1.9158 2.4018 0.0655
v 1.9158 2.4358 0.0631
v 1.9158 2.4699 0.0609
v 1.9158 2.5039 0.0591
v 1.9158 2.5379 0.0575
v 1.9158 2.5719 0.0562
v 1.9158 2.6060 0.0551
v 1.9158 2.6400 0.0541
v 1.9495 0.3600 0.0683
v 1.9495 0.3940 0.0735
v 1.9495 0.4281 0.0809
v 1.9495 0.4621 0.0912
v 1.9495 0.4961 0.1053
v 1.9495 0.5301 0.1240
v 1.9495 0.5642 0.1478
v 1.9495 0.5982 0.1765
v 1.9495 0.6322 0.2089
v 1.9495 0.6663 0.2429
v 1.9495 0.7003 0.2755
v 1.9495 0.7343 0.3035
v 1.9495 0.7684 0.3240
v 1.9495 0.8024 0.3351
v 1.9495 0.8364 0.3363
v 1.9495 0.8704 0.3288
v 1.9495 0.9045 0.3149
v 1.9495 0.9385 0.2978
v 1.9495 0.9725 0.2805
v 1.9495 1.0066 0.2653
v 1.9495 1.0406 0.2538
v 1.9495 1.0746 0.2466
v 1.9495 1.1087 0.2432
v 1.9495 1.1427 0.2430
v 1.9495 1.1767 0.2450
v 1.9495 1.2107 0.2481
v 1.9495 1.2448 0.2517
v 1.9495 1.2788 0.2551
v 1.9495 1.3128 0.2579
v 1.9495 1.3469 0.2599
v 1.9495 1.3809 0.2609
v 1.9495 1.4149 0.2610
v 1.9495 1.4490 0.2601
v 1.9495 1.4830 0.2582
v 1.9495 1.5170 0.2553
v 1.9495 1.5510 0.2515
v 1.9495 1.5851 0.2467
v 1.9495 1.6191 0.2409
v 1.9495 1.6531 0.2341
v 1.9495 1.6872 0.2263
v 1.9495 1.7212 0.2176
v 1.9495 1.7552 0.2081
v 1.9495 1.7893 0.1980
v 1.9495 1.8233 0.1875
v 1.9495 1.8573 0.1768
v 1.9495 1.8913 0.1661
v 1.9495 1.9254 0.1557
v 1.9495 1.9594 0.1457
v 1.9495 1.9934 0.1362
v 1.9495 2.0275 0.1273
v 1.9495 2.0615 0.1189
v 1.9495 2.0955 0.1112
v 1.9495 2.1296 0.1040
v 1.9495 2.1636 0.0975
v 1.9495 2.1976 0.0915
v 1.9495 2.2316 0.0861
v 1.9495 2.2657 0.0812
v 1.9495 2.2997 0.0769
v 1.9495 2.3337 0.0730
v 1.9495 2.3678 0.0696
v 1.9495 2.4018 0.0665
v 1.9495 2.4358 0.0639
v 1.9495 2.4699 0.0616
v 1.9495 2.5039 0.0597
v 1.9495 2.5379 0.0580
v 1.9495 2.5719 0.0566
v 1.9495 2.6060 0.0554
v 1.9495 2.6400 0.0544
v 1.9832 0.3600 0.0692
v 1.9832 0.3940 0.0747
v 1.9832 0.4281 0.0822
v 1.9832 0.4621 0.0927
v 1.9832 0.4961 0.1071
v 1.9832 0.5301 0.1262
v 1.9832 0.5642 0.1503
v 1.9832 0.5982 0.1794
v 1.9832 0.6322 0.2122
v 1.9832 0.6663 0.2466
v 1.9832 0.7003 0.2797
v 1.9832 0.7343 0.3082
v 1.9832 0.7684 0.3293
v 1.9832 0.8024 0.3409
v 1.9832 0.8364 0.3426
v 1.9832 0.8704 0.3356
v 1.9832 0.9045 0.3223
v 1.9832 0.9385 0.3058
v 1.9832 0.9725 0.2890
v 1.9832 1.0066 0.2744
v 1.9832 1.0406 0.2635
v 1.9832 1.0746 0.2567
v 1.9832 1.1087 0.2539
v 1.9832 1.1427 0.2541
v 1.9832 1.1767 0.2565
v 1.9832 1.2107 0.2600
v 1.9832 1.2448 0.2639
v 1.9832 1.2788 0.2675
v 1.9832 1.3128 0.2704
v 1.9832 1.3469 0.2724
v 1.9832 1.3809 0.2734
v 1.9832 1.4149 0.2733
v 1.9832 1.4490 0.2720
v 1.9832 1.4830 0.2696
v 1.9832 1.5170 0.2661
v 1.9832 1.5510 0.2616
v 1.9832 1.5851 0.2560
v 1.9832 1.6191 0.2494
v 1.9832 1.6531 0.2419
v 1.9832 1.6872 0.2335
v 1.9832 1.7212 0.2242
v 1.9832 1.7552 0.2143
v 1.9832 1.7893 0.2039
v 1.9832 1.8233 0.1931
v 1.9832 1.8573 0.1823
v 1.9832 1.8913 0.1714
v 1.9832 1.9254 0.1608
v 1.9832 1.9594 0.1506
v 1.9832 1.9934 0.1408
v 1.9832 2.0275 0.1315
v 1.9832 2.0615 0.1228
v 1.9832 2.0955 0.1147
v 1.9832 2.1296 0.1072
v 1.9832 2.1636 0.1003
v 1.9832 2.1976 0.0940
v 1.9832 2.2316 0.0883
v 1.9832 2.2657 0.0831
v 1.9832 2.2997 0.0785
v 1.9832 2.3337 0.0744
v 1.9832 2.3678 0.0708
v 1.9832 2.4018 0.0676
v 1.9832 2.4358 0.0648
v 1.9832 2.4699 0.0623
v 1.9832 2.5039 0.0603
v 1.9832 2.5379 0.0585
v 1.9832 2.5719 0.0570
v 1.9832 2.6060 0.0557
v 1.9832 2.6400 0.0546
v 2.0168 0.3600 0.0702
v 2.0168 0.3940 0.0758
v 2.0168 0.4281 0.0836
v 2.0168 0.4621 0.0943
v 2.0168 0.4961 0.1090
v 2.0168 0.5301 0.1283
v 2.0168 0.5642 0.1528
v 2.0168 0.5982 0.1822
v 2.0168 0.6322 0.2154
v 2.0168 0.6663 0.2502
v 2.0168 0.7003 0.2838
v 2.0168 0.7343 0.3128
v 2.0168 0.7684 0.3343
v 2.0168 0.8024 0.3465
v 2.0168 0.8364 0.3488
v 2.0168 0.8704 0.3424
v 2.0168 0.9045 0.3297
v 2.0168 0.9385 0.3137
v 2.0168 0.9725 0.2975
v 2.0168 1.0066 0.2835
v 2.0168 1.0406 0.2731
v 2.0168 1.0746 0.2669
v 2.0168 1.1087 0.2646
v 2.0168 1.1427 0.2653
v 2.0168 1.1767 0.2681
v 2.0168 1.2107 0.2720
v 2.0168 1.2448 0.2762
v 2.0168 1.2788 0.2800
v 2.0168 1.3128 0.2831
v 2.0168 1.3469 0.2852
v 2.0168 1.3809 0.2861
v 2.0168 1.4149 0.2858
v 2.0168 1.4490 0.2843
v 2.0168 1.4830 0.2815
v 2.0168 1.5170 0.2775
v 2.0168 1.5510 0.2724
v 2.0168 1.5851 0.2662
v 2.0168 1.6191 0.2590
v 2.0168 1.6531 0.2508
v 2.0168 1.6872 0.2418
v 2.0168 1.7212 0.2320
v 2.0168 1.7552 0.2216
v 2.0168 1.7893 0.2108
v 2.0168 1.8233 0.1997
v 2.0168 1.8573 0.1885
v 2.0168 1.8913 0.1773
v 2.0168 1.9254 0.1664
v 2.0168 1.9594 0.1558
v 2.0168 1.9934 0.1456
v 2.0168 2.0275 0.1360
v 2.0168 2.0615 0.1269
v 2.0168 2.0955 0.1184
v 2.0168 2.1296 0.1105
v 2.0168 2.1636 0.1032
v 2.0168 2.1976 0.0966
v 2.0168 2.2316 0.0905
v 2.0168 2.2657 0.0851
v 2.0168 2.2997 0.0802
v 2.0168 2.3337 0.0758
v 2.0168 2.3678 0.0720
v 2.0168 2.4018 0.0686
v 2.0168 2.4358 0.0656
v 2.0168 2.4699 0.0631
v 2.0168 2.5039 0.0609
v 2.0168 2.5379 0.0590
v 2.0168 2.5719 0.0574
v 2.0168 2.6060 0.0560
v 2.0168 2.6400 0.0549
v 2.0505 0.3600 0.0712
v 2.0505 0.3940 0.0770
v 2.0505 0.4281 0.0849
v 2.0505 0.4621 0.0959
v 2.0505 0.4961 0.1108
v 2.0505 0.5301 0.1304
v 2.0505 0.5642 0.1552
v 2.0505 0.5982 0.1849
v 2.0505 0.6322 0.2185
v 2.0505 0.6663 0.2537
v 2.0505 0.7003 0.2877
v 2.0505 0.7343 0.3172
v 2.0505 0.7684 0.3392
v 2.0505 0.8024 0.3519
v 2.0505 0.8364 0.3548
v 2.0505 0.8704 0.3489
v 2.0505 0.9045 0.3368
v 2.0505 0.9385 0.3215
v 2.0505 0.9725 0.3059
v 2.0505 1.0066 0.2925
v 2.0505 1.0406 0.2828
v 2.0505 1.0746 0.2772
v 2.0505 1.1087 0.2754
v 2.0505 1.1427 0.2766
v 2.0505 1.1767 0.2798
v 2.0505 1.2107 0.2841
v 2.0505 1.2448 0.2885
v 2.0505 1.2788 0.2926
v 2.0505 1.3128 0.2959
v 2.0505 1.3469 0.2981
v 2.0505 1.3809 0.2990
v 2.0505 1.4149 0.2986
v 2.0505 1.4490 0.2968
v 2.0505 1.4830 0.2937
v 2.0505 1.5170 0.2894
v 2.0505 1.5510 0.2838
v 2.0505 1.5851 0.2771
v 2.0505 1.6191 0.2693
v 2.0505 1.6531 0.2605
v 2.0505 1.6872 0.2509
v 2.0505 1.7212 0.2406
v 2.0505 1.7552 0.2297
v 2.0505 1.7893 0.2184
v 2.0505 1.8233 0.2068
v 2.0505 1.8573 0.1952
v 2.0505 1.8913 0.1836
v 2.0505 1.9254 0.1722
v 2.0505 1.9594 0.1612
v 2.0505 1.9934 0.1506
v 2.0505 2.0275 0.1405
v 2.0505 2.0615 0.1310
v 2.0505 2.0955 0.1221
v 2.0505 2.1296 0.1138
v 2.0505 2.1636 0.1061
v 2.0505 2.1976 0.0991
v 2.0505 2.2316 0.0928
v 2.0505 2.2657 0.0870
v 2.0505 2.2997 0.0818
v 2.0505 2.3337 0.0772
v 2.0505 2.3678 0.0732
v 2.0505 2.4018 0.0696
v 2.0505 2.4358 0.0665
v 2.0505 2.4699 0.0638
v 2.0505 2.5039 0.0615
v 2.0505 2.5379 0.0595
v 2.0505 2.5719 0.0578
v 2.0505 2.6060 0.0564
v 2.0505 2.6400 0.0552
v 2.0842 0.3600 0.0721
v 2.0842 0.3940 0.0781
v 2.0842 0.4281 0.0863
v 2.0842 0.4621 0.0975
v 2.0842 0.4961 0.1126
v 2.0842 0.5301 0.1324
v 2.0842 0.5642 0.1575
v 2.0842 0.5982 0.1876
v 2.0842 0.6322 0.2215
v 2.0842 0.6663 0.2571
v 2.0842 0.7003 0.2915
v 2.0842 0.7343 0.3214
v 2.0842 0.7684 0.3439
v 2.0842 0.8024 0.3571
v 2.0842 0.8364 0.3605
v 2.0842 0.8704 0.3553
v 2.0842 0.9045 0.3439
v 2.0842 0.9385 0.3292
v 2.0842 0.9725 0.3143
v 2.0842 1.0066 0.3015
v 2.0842 1.0406 0.2924
v 2.0842 1.0746 0.2873
v 2.0842 1.1087 0.2861
v 2.0842 1.1427 0.2878
v 2.0842 1.1767 0.2914
v 2.0842 1.2107 0.2961
v 2.0842 1.2448 0.3009
v 2.0842 1.2788 0.3052
v 2.0842 1.3128 0.3087
v 2.0842 1.3469 0.3109
v 2.0842 1.3809 0.3119
v 2.0842 1.4149 0.3114
v 2.0842 1.4490 0.3095
v 2.0842 1.4830 0.3061
v 2.0842 1.5170 0.3014
v 2.0842 1.5510 0.2954
v 2.0842 1.5851 0.2882
v 2.0842 1.6191 0.2799
v 2.0842 1.6531 0.2706
v 2.0842 1.6872 0.2605
v 2.0842 1.7212 0.2496
v 2.0842 1.7552 0.2382
v 2.0842 1.7893 0.2264
v 2.0842 1.8233 0.2143
v 2.0842 1.8573 0.2022
v 2.0842 1.8913 0.1901
v 2.0842 1.9254 0.1783
v 2.0842 1.9594 0.1668
v 2.0842 1.9934 0.1557
v 2.0842 2.0275 0.1451
v 2.0842 2.0615 0.1352
v 2.0842 2.0955 0.1258
v 2.0842 2.1296 0.1171
v 2.0842 2.1636 0.1091
v 2.0842 2.1976 0.1017
v 2.0842 2.2316 0.0950
v 2.0842 2.2657 0.0889
v 2.0842 2.2997 0.0835
v 2.0842 2.3337 0.0787
v 2.0842 2.3678 0.0744
v 2.0842 2.4018 0.0706
v 2.0842 2.4358 0.0673
v 2.0842 2.4699 0.0645
v 2.0842 2.5039 0.0621
v 2.0842 2.5379 0.0600
v 2.0842 2.5719 0.0582
v 2.0842 2.6060 0.0567
v 2.0842 2.6400 0.0554
v 2.1179 0.3600 0.0731
v 2.1179 0.3940 0.0792
v 2.1179 0.4281 0.0876
v 2.1179 0.4621 0.0990
v 2.1179 0.4961 0.1143
v 2.1179 0.5301 0.1344
v 2.1179 0.5642 0.1598
v 2.1179 0.5982 0.1901
v 2.1179 0.6322 0.2243
v 2.1179 0.6663 0.2602
v 2.1179 0.7003 0.2950
v 2.1179 0.7343 0.3253
v 2.1179 0.7684 0.3483
v 2.1179 0.8024 0.3620
v 2.1179 0.8364 0.3661
v 2.1179 0.8704 0.3615
v 2.1179 0.9045 0.3507
v 2.1179 0.9385 0.3367
v 2.1179 0.9725 0.3224
v 2.1179 1.0066 0.3103
v 2.1179 1.0406 0.3018
v 2.1179 1.0746 0.2974
v 2.1179 1.1087 0.2967
v 2.1179 1.1427 0.2989
v 2.1179 1.1767 0.3030
v 2.1179 1.2107 0.3080
v 2.1179 1.2448 0.3132
v 2.1179 1.2788 0.3177
v 2.1179 1.3128 0.3214
v 2.1179 1.3469 0.3237
v 2.1179 1.3809 0.3247
v 2.1179 1.4149 0.3241
v 2.1179 1.4490 0.3221
v 2.1179 1.4830 0.3185
v 2.1179 1.5170 0.3135
v 2.1179 1.5510 0.3072
v 2.1179 1.5851 0.2995
v 2.1179 1.6191 0.2908
v 2.1179 1.6531 0.2810
v 2.1179 1.6872 0.2703
v 2.1179 1.7212 0.2589
v 2.1179 1.7552 0.2469
v 2.1179 1.7893 0.2346
v 2.1179 1.8233 0.2220
v 2.1179 1.8573 0.2093
v 2.1179 1.8913 0.1967
v 2.1179 1.9254 0.1844
v 2.1179 1.9594 0.1724
v 2.1179 1.9934 0.1608
v 2.1179 2.0275 0.1498
v 2.1179 2.0615 0.1393
v 2.1179 2.0955 0.1295
v 2.1179 2.1296 0.1204
v 2.1179 2.1636 0.1120
v 2.1179 2.1976 0.1042
v 2.1179 2.2316 0.0972
v 2.1179 2.2657 0.0908
v 2.1179 2.2997 0.0851
v 2.1179 2.3337 0.0801
v 2.1179 2.3678 0.0756
v 2.1179 2.4018 0.0716
v 2.1179 2.4358 0.0682
v 2.1179 2.4699 0.0652
v 2.1179 2.5039 0.0627
v 2.1179 2.5379 0.0605
v 2.1179 2.5719 0.0586
v 2.1179 2.6060 0.0570
v 2.1179 2.6400 0.0557
v 2.1516 0.3600 0.0740
v 2.1516 0.3940 0.0803
v 2.1516 0.4281 0.0889
v 2.1516 0.4621 0.1005
v 2.1516 0.4961 0.1160
v 2.1516 0.5301 0.1364
v 2.1516 0.5642 0.1619
v 2.1516 0.5982 0.1925
v 2.1516 0.6322 0.2270
v 2.1516 0.6663 0.2632
v 2.1516 0.7003 0.2983
v 2.1516 0.7343 0.3290
v 2.1516 0.7684 0.3525
v 2.1516 0.8024 0.3667
v 2.1516 0.8364 0.3713
v 2.1516 0.8704 0.3674
v 2.1516 0.9045 0.3573
v 2.1516 0.9385 0.3439
v 2.1516 0.9725 0.3304
v 2.1516 1.0066 0.3190
v 2.1516 1.0406 0.3111
v 2.1516 1.0746 0.3073
v 2.1516 1.1087 0.3071
v 2.1516 1.1427 0.3098
v 2.1516 1.1767 0.3144
v 2.1516 1.2107 0.3198
v 2.1516 1.2448 0.3252
v 2.1516 1.2788 0.3301
v 2.1516 1.3128 0.3339
v 2.1516 1.3469 0.3364
v 2.1516 1.3809 0.3374
v 2.1516 1.4149 0.3368
v 2.1516 1.4490 0.3346
v 2.1516 1.4830 0.3308
v 2.1516 1.5170 0.3256
v 2.1516 1.5510 0.3189
v 2.1516 1.5851 0.3108
v 2.1516 1.6191 0.3016
v 2.1516 1.6531 0.2913
v 2.1516 1.6872 0.2801
v 2.1516 1.7212 0.2682
v 2.1516 1.7552 0.2557
v 2.1516 1.7893 0.2428
v 2.1516 1.8233 0.2297
v 2.1516 1.8573 0.2165
v 2.1516 1.8913 0.2034
v 2.1516 1.9254 0.1905
v 2.1516 1.9594 0.1779
v 2.1516 1.9934 0.1659
v 2.1516 2.0275 0.1543
v 2.1516 2.0615 0.1434
v 2.1516 2.0955 0.1332
v 2.1516 2.1296 0.1236
v 2.1516 2.1636 0.1148
v 2.1516 2.1976 0.1067
v 2.1516 2.2316 0.0994
v 2.1516 2.2657 0.0927
v 2.1516 2.2997 0.0868
v 2.1516 2.3337 0.0815
v 2.1516 2.3678 0.0768
v 2.1516 2.4018 0.0726
v 2.1516 2.4358 0.0690
v 2.1516 2.4699 0.0659
v 2.1516 2.5039 0.0632
v 2.1516 2.5379 0.0609
v 2.1516 2.5719 0.0590
v 2.1516 2.6060 0.0574
v 2.1516 2.6400 0.0560
v 2.1853 0.3600 0.0750
v 2.1853 0.3940 0.0814
v 2.1853 0.4281 0.0901
v 2.1853 0.4621 0.1019
v 2.1853 0.4961 0.1177
v 2.1853 0.5301 0.1382
v 2.1853 0.5642 0.1640
v 2.1853 0.5982 0.1948
v 2.1853 0.6322 0.2295
v 2.1853 0.6663 0.2660
v 2.1853 0.7003 0.3014
v 2.1853 0.7343 0.3325
v 2.1853 0.7684 0.3563
v 2.1853 0.8024 0.3711
v 2.1853 0.8364 0.3763
v 2.1853 0.8704 0.3730
v 2.1853 0.9045 0.3635
v 2.1853 0.9385 0.3509
v 2.1853 0.9725 0.3381
v 2.1853 1.0066 0.3273
v 2.1853 1.0406 0.3201
v 2.1853 1.0746 0.3169
v 2.1853 1.1087 0.3173
v 2.1853 1.1427 0.3205
v 2.1853 1.1767 0.3255
v 2.1853 1.2107 0.3313
v 2.1853 1.2448 0.3371
v 2.1853 1.2788 0.3422
v 2.1853 1.3128 0.3462
v 2.1853 1.3469 0.3488
v 2.1853 1.3809 0.3498
v 2.1853 1.4149 0.3492
v 2.1853 1.4490 0.3469
v 2.1853 1.4830 0.3429
v 2.1853 1.5170 0.3374
v 2.1853 1.5510 0.3304
v 2.1853 1.5851 0.3220
v 2.1853 1.6191 0.3124
v 2.1853 1.6531 0.3016
v 2.1853 1.6872 0.2899
v 2.1853 1.7212 0.2775
v 2.1853 1.7552 0.2644
v 2.1853 1.7893 0.2510
v 2.1853 1.8233 0.2373
v 2.1853 1.8573 0.2236
v 2.1853 1.8913 0.2099
v 2.1853 1.9254 0.1965
v 2.1853 1.9594 0.1834
v 2.1853 1.9934 0.1709
v 2.1853 2.0275 0.1588
v 2.1853 2.0615 0.1475
v 2.1853 2.0955 0.1368
v 2.1853 2.1296 0.1268
v 2.1853 2.1636 0.1176
v 2.1853 2.1976 0.1092
v 2.1853 2.2316 0.1015
v 2.1853 2.2657 0.0946
v 2.1853 2.2997 0.0884
v 2.1853 2.3337 0.0828
v 2.1853 2.3678 0.0779
v 2.1853 2.4018 0.0736
v 2.1853 2.4358 0.0699
v 2.1853 2.4699 0.0666
v 2.1853 2.5039 0.0638
v 2.1853 2.5379 0.0614
v 2.1853 2.5719 0.0594
v 2.1853 2.6060 0.0577
v 2.1853 2.6400 0.0562
v 2.2189 0.3600 0.0759
v 2.2189 0.3940 0.0825
v 2.2189 0.4281 0.0913
v 2.2189 0.4621 0.1033
v 2.2189 0.4961 0.1192
v 2.2189 0.5301 0.1400
v 2.2189 0.5642 0.1659
v 2.2189 0.5982 0.1969
v 2.2189 0.6322 0.2318
v 2.2189 0.6663 0.2685
v 2.2189 0.7003 0.3042
v 2.2189 0.7343 0.3356
v 2.2189 0.7684 0.3599
v 2.2189 0.8024 0.3751
v 2.2189 0.8364 0.3808
v 2.2189 0.8704 0.3782
v 2.2189 0.9045 0.3694
v 2.2189 0.9385 0.3575
v 2.2189 0.9725 0.3454
v 2.2189 1.0066 0.3354
v 2.2189 1.0406 0.3289
v 2.2189 1.0746 0.3262
v 2.2189 1.1087 0.3272
v 2.2189 1.1427 0.3309
v 2.2189 1.1767 0.3363
v 2.2189 1.2107 0.3425
v 2.2189 1.2448 0.3486
v 2.2189 1.2788 0.3539
v 2.2189 1.3128 0.3581
v 2.2189 1.3469 0.3608
v 2.2189 1.3809 0.3619
v 2.2189 1.4149 0.3612
v 2.2189 1.4490 0.3588
v 2.2189 1.4830 0.3547
v 2.2189 1.5170 0.3490
v 2.2189 1.5510 0.3416
v 2.2189 1.5851 0.3329
v 2.2189 1.6191 0.3229
v 2.2189 1.6531 0.3117
v 2.2189 1.6872 0.2995
v 2.2189 1.7212 0.2866
v 2.2189 1.7552 0.2730
v 2.2189 1.7893 0.2590
v 2.2189 1.8233 0.2448
v 2.2189 1.8573 0.2305
v 2.2189 1.8913 0.2163
v 2.2189 1.9254 0.2024
v 2.2189 1.9594 0.1888
v 2.2189 1.9934 0.1757
v 2.2189 2.0275 0.1632
v 2.2189 2.0615 0.1514
v 2.2189 2.0955 0.1403
v 2.2189 2.1296 0.1299
v 2.2189 2.1636 0.1204
v 2.2189 2.1976 0.1116
v 2.2189 2.2316 0.1036
v 2.2189 2.2657 0.0964
v 2.2189 2.2997 0.0899
v 2.2189 2.3337 0.0841
v 2.2189 2.3678 0.0791
v 2.2189 2.4018 0.0746
v 2.2189 2.4358 0.0707
v 2.2189 2.4699 0.0673
v 2.2189 2.5039 0.0644
v 2.2189 2.5379 0.0619
v 2.2189 2.5719 0.0598
v 2.2189 2.6060 0.0580
v 2.2189 2.6400 0.0565
v 2.2526 0.3600 0.0767
v 2.2526 0.3940 0.0835
v 2.2526 0.4281 0.0925
v 2.2526 0.4621 0.1046
v 2.2526 0.4961 0.1207
v 2.2526 0.5301 0.1416
v 2.2526 0.5642 0.1677
v 2.2526 0.5982 0.1989
v 2.2526 0.6322 0.2339
v 2.2526 0.6663 0.2708
v 2.2526 0.7003 0.3067
v 2.2526 0.7343 0.3384
v 2.2526 0.7684 0.3630
v 2.2526 0.8024 0.3787
v 2.2526 0.8364 0.3850
v 2.2526 0.8704 0.3830
v 2.2526 0.9045 0.3750
v 2.2526 0.9385 0.3638
v 2.2526 0.9725 0.3524
v 2.2526 1.0066 0.3431
v 2.2526 1.0406 0.3372
v 2.2526 1.0746 0.3352
v 2.2526 1.1087 0.3367
v 2.2526 1.1427 0.3409
v 2.2526 1.1767 0.3467
v 2.2526 1.2107 0.3533
v 2.2526 1.2448 0.3597
v 2.2526 1.2788 0.3653
v 2.2526 1.3128 0.3696
v 2.2526 1.3469 0.3724
v 2.2526 1.3809 0.3735
v 2.2526 1.4149 0.3728
v 2.2526 1.4490 0.3704
v 2.2526 1.4830 0.3661
v 2.2526 1.5170 0.3601
v 2.2526 1.5510 0.3525
v 2.2526 1.5851 0.3434
v 2.2526 1.6191 0.3330
v 2.2526 1.6531 0.3214
v 2.2526 1.6872 0.3088
v 2.2526 1.7212 0.2954
v 2.2526 1.7552 0.2813
v 2.2526 1.7893 0.2668
v 2.2526 1.8233 0.2520
v 2.2526 1.8573 0.2372
v 2.2526 1.8913 0.2225
v 2.2526 1.9254 0.2080
v 2.2526 1.9594 0.1940
v 2.2526 1.9934 0.1804
v 2.2526 2.0275 0.1674
v 2.2526 2.0615 0.1552
v 2.2526 2.0955 0.1436
v 2.2526 2.1296 0.1329
v 2.2526 2.1636 0.1230
v 2.2526 2.1976 0.1139
v 2.2526 2.2316 0.1056
v 2.2526 2.2657 0.0981
v 2.2526 2.2997 0.0914
v 2.2526 2.3337 0.0854
v 2.2526 2.3678 0.0801
v 2.2526 2.4018 0.0755
v 2.2526 2.4358 0.0714
v 2.2526 2.4699 0.0679
v 2.2526 2.5039 0.0649
v 2.2526 2.5379 0.0623
v 2.2526 2.5719 0.0601
v 2.2526 2.6060 0.0583
v 2.2526 2.6400 0.0567
v 2.2863 0.3600 0.0775
v 2.2863 0.3940 0.0844
v 2.2863 0.4281 0.0936
v 2.2863 0.4621 0.1058
v 2.2863 0.4961 0.1221
v 2.2863 0.5301 0.1431
v 2.2863 0.5642 0.1693
v 2.2863 0.5982 0.2006
v 2.2863 0.6322 0.2358
v 2.2863 0.6663 0.2728
v 2.2863 0.7003 0.3089
v 2.2863 0.7343 0.3408
v 2.2863 0.7684 0.3658
v 2.2863 0.8024 0.3819
v 2.2863 0.8364 0.3888
v 2.2863 0.8704 0.3874
v 2.2863 0.9045 0.3801
v 2.2863 0.9385 0.3696
v 2.2863 0.9725 0.3590
v 2.2863 1.0066 0.3504
v 2.2863 1.0406 0.3451
v 2.2863 1.0746 0.3437
v 2.2863 1.1087 0.3458
v 2.2863 1.1427 0.3504
v 2.2863 1.1767 0.3567
v 2.2863 1.2107 0.3636
v 2.2863 1.2448 0.3703
v 2.2863 1.2788 0.3761
v 2.2863 1.3128 0.3806
v 2.2863 1.3469 0.3835
v 2.2863 1.3809 0.3847
v 2.2863 1.4149 0.3840
v 2.2863 1.4490 0.3814
v 2.2863 1.4830 0.3770
v 2.2863 1.5170 0.3708
v 2.2863 1.5510 0.3629
v 2.2863 1.5851 0.3535
v 2.2863 1.6191 0.3427
v 2.2863 1.6531 0.3307
v 2.2863 1.6872 0.3177
v 2.2863 1.7212 0.3038
v 2.2863 1.7552 0.2892
v 2.2863 1.7893 0.2742
v 2.2863 1.8233 0.2590
v 2.2863 1.8573 0.2437
v 2.2863 1.8913 0.2284
v 2.2863 1.9254 0.2135
v 2.2863 1.9594 0.1989
v 2.2863 1.9934 0.1849
v 2.2863 2.0275 0.1715
v 2.2863 2.0615 0.1588
v 2.2863 2.0955 0.1469
v 2.2863 2.1296 0.1358
v 2.2863 2.1636 0.1255
v 2.2863 2.1976 0.1161
v 2.2863 2.2316 0.1075
v 2.2863 2.2657 0.0998
v 2.2863 2.2997 0.0928
v 2.2863 2.3337 0.0866
v 2.2863 2.3678 0.0812
v 2.2863 2.4018 0.0764
v 2.2863 2.4358 0.0722
v 2.2863 2.4699 0.0685
v 2.2863 2.5039 0.0654
v 2.2863 2.5379 0.0628
v 2.2863 2.5719 0.0605
v 2.2863 2.6060 0.0586
v 2.2863 2.6400 0.0570
v 2.3200 0.3600 0.0783
v 2.3200 0.3940 0.0853
v 2.3200 0.4281 0.0946
v 2.3200 0.4621 0.1070
v 2.3200 0.4961 0.1233
v 2.3200 0.5301 0.1445
v 2.3200 0.5642 0.1708
v 2.3200 0.5982 0.2022
v 2.3200 0.6322 0.2374
v 2.3200 0.6663 0.2745
v 2.3200 0.7003 0.3107
v 2.3200 0.7343 0.3429
v 2.3200 0.7684 0.3682
v 2.3200 0.8024 0.3847
v 2.3200 0.8364 0.3921
v 2.3200 0.8704 0.3913
v 2.3200 0.9045 0.3847
v 2.3200 0.9385 0.3750
v 2.3200 0.9725 0.3650
v 2.3200 1.0066 0.3571
v 2.3200 1.0406 0.3526
v 2.3200 1.0746 0.3517
v 2.3200 1.1087 0.3543
v 2.3200 1.1427 0.3594
v 2.3200 1.1767 0.3661
v 2.3200 1.2107 0.3734
v 2.3200 1.2448 0.3803
v 2.3200 1.2788 0.3864
v 2.3200 1.3128 0.3910
v 2.3200 1.3469 0.3940
v 2.3200 1.3809 0.3952
v 2.3200 1.4149 0.3945
v 2.3200 1.4490 0.3918
v 2.3200 1.4830 0.3873
v 2.3200 1.5170 0.3809
v 2.3200 1.5510 0.3728
v 2.3200 1.5851 0.3631
v 2.3200 1.6191 0.3520
v 2.3200 1.6531 0.3396
v 2.3200 1.6872 0.3261
v 2.3200 1.7212 0.3118
v 2.3200 1.7552 0.2968
v 2.3200 1.7893 0.2813
v 2.3200 1.8233 0.2656
v 2.3200 1.8573 0.2498
v 2.3200 1.8913 0.2341
v 2.3200 1.9254 0.2186
v 2.3200 1.9594 0.2036
v 2.3200 1.9934 0.1892
v 2.3200 2.0275 0.1753
v 2.3200 2.0615 0.1622
v 2.3200 2.0955 0.1499
v 2.3200 2.1296 0.1385
v 2.3200 2.1636 0.1279
v 2.3200 2.1976 0.1182
v 2.3200 2.2316 0.1093
v 2.3200 2.2657 0.1014
v 2.3200 2.2997 0.0942
v 2.3200 2.3337 0.0878
v 2.3200 2.3678 0.0822
v 2.3200 2.4018 0.0772
v 2.3200 2.4358 0.0729
v 2.3200 2.4699 0.0691
v 2.3200 2.5039 0.0659
v 2.3200 2.5379 0.0632
v 2.3200 2.5719 0.0608
v 2.3200 2.6060 0.0588
v 2.3200 2.6400 0.0572
v 2.3537 0.3600 0.0790
v 2.3537 0.3940 0.0861
v 2.3537 0.4281 0.0955
v 2.3537 0.4621 0.1080
v 2.3537 0.4961 0.1245
v 2.3537 0.5301 0.1457
v 2.3537 0.5642 0.1721
v 2.3537 0.5982 0.2035
v 2.3537 0.6322 0.2388
v 2.3537 0.6663 0.2759
v 2.3537 0.7003 0.3122
v 2.3537 0.7343 0.3445
v 2.3537 0.7684 0.3701
v 2.3537 0.8024 0.3870
v 2.3537 0.8364 0.3949
v 2.3537 0.8704 0.3948
v 2.3537 0.9045 0.3888
v 2.3537 0.9385 0.3798
v 2.3537 0.9725 0.3706
v 2.3537 1.0066 0.3634
v 2.3537 1.0406 0.3594
v 2.3537 1.0746 0.3592
v 2.3537 1.1087 0.3623
v 2.3537 1.1427 0.3679
v 2.3537 1.1767 0.3749
v 2.3537 1.2107 0.3825
v 2.3537 1.2448 0.3897
v 2.3537 1.2788 0.3959
v 2.3537 1.3128 0.4008
v 2.3537 1.3469 0.4039
v 2.3537 1.3809 0.4051
v 2.3537 1.4149 0.4044
v 2.3537 1.4490 0.4016
v 2.3537 1.4830 0.3969
v 2.3537 1.5170 0.3904
v 2.3537 1.5510 0.3820
v 2.3537 1.5851 0.3721
v 2.3537 1.6191 0.3606
v 2.3537 1.6531 0.3479
v 2.3537 1.6872 0.3340
v 2.3537 1.7212 0.3193
v 2.3537 1.7552 0.3038
v 2.3537 1.7893 0.2879
v 2.3537 1.8233 0.2717
v 2.3537 1.8573 0.2555
v 2.3537 1.8913 0.2393
v 2.3537 1.9254 0.2235
v 2.3537 1.9594 0.2080
v 2.3537 1.9934 0.1931
v 2.3537 2.0275 0.1789
v 2.3537 2.0615 0.1654
v 2.3537 2.0955 0.1528
v 2.3537 2.1296 0.1410
v 2.3537 2.1636 0.1301
v 2.3537 2.1976 0.1201
v 2.3537 2.2316 0.1110
v 2.3537 2.2657 0.1028
v 2.3537 2.2997 0.0955
v 2.3537 2.3337 0.0889
v 2.3537 2.3678 0.0831
v 2.3537 2.4018 0.0780
v 2.3537 2.4358 0.0735
v 2.3537 2.4699 0.0697
v 2.3537 2.5039 0.0664
v 2.3537 2.5379 0.0635
v 2.3537 2.5719 0.0611
v 2.3537 2.6060 0.0591
v 2.3537 2.6400 0.0574
v 2.3874 0.3600 0.0797
v 2.3874 0.3940 0.0869
v 2.3874 0.4281 0.0964
v 2.3874 0.4621 0.1090
v 2.3874 0.4961 0.1255
v 2.3874 0.5301 0.1468
v 2.3874 0.5642 0.1732
v 2.3874 0.5982 0.2046
v 2.3874 0.6322 0.2398
v 2.3874 0.6663 0.2770
v 2.3874 0.7003 0.3133
v 2.3874 0.7343 0.3458
v 2.3874 0.7684 0.3715
v 2.3874 0.8024 0.3888
v 2.3874 0.8364 0.3972
v 2.3874 0.8704 0.3976
v 2.3874 0.9045 0.3923
v 2.3874 0.9385 0.3841
v 2.3874 0.9725 0.3756
v 2.3874 1.0066 0.3690
v 2.3874 1.0406 0.3657
v 2.3874 1.0746 0.3661
v 2.3874 1.1087 0.3696
v 2.3874 1.1427 0.3756
v 2.3874 1.1767 0.3830
v 2.3874 1.2107 0.3909
v 2.3874 1.2448 0.3984
v 2.3874 1.2788 0.4048
v 2.3874 1.3128 0.4098
v 2.3874 1.3469 0.4130
v 2.3874 1.3809 0.4142
v 2.3874 1.4149 0.4135
v 2.3874 1.4490 0.4107
v 2.3874 1.4830 0.4059
v 2.3874 1.5170 0.3991
v 2.3874 1.5510 0.3906
v 2.3874 1.5851 0.3803
v 2.3874 1.6191 0.3686
v 2.3874 1.6531 0.3555
v 2.3874 1.6872 0.3413
v 2.3874 1.7212 0.3262
v 2.3874 1.7552 0.3103
v 2.3874 1.7893 0.2940
v 2.3874 1.8233 0.2774
v 2.3874 1.8573 0.2608
v 2.3874 1.8913 0.2442
v 2.3874 1.9254 0.2279
v 2.3874 1.9594 0.2121
v 2.3874 1.9934 0.1968
v 2.3874 2.0275 0.1822
v 2.3874 2.0615 0.1684
v 2.3874 2.0955 0.1554
v 2.3874 2.1296 0.1433
v 2.3874 2.1636 0.1322
v 2.3874 2.1976 0.1219
v 2.3874 2.2316 0.1126
v 2.3874 2.2657 0.1042
v 2.3874 2.2997 0.0966
v 2.3874 2.3337 0.0899
v 2.3874 2.3678 0.0839
v 2.3874 2.4018 0.0787
v 2.3874 2.4358 0.0741
v 2.3874 2.4699 0.0702
v 2.3874 2.5039 0.0668
v 2.3874 2.5379 0.0639
v 2.3874 2.5719 0.0614
v 2.3874 2.6060 0.0593
v 2.3874 2.6400 0.0576
v 2.4211 0.3600 0.0802
v 2.4211 0.3940 0.0876
v 2.4211 0.4281 0.0972
v 2.4211 0.4621 0.1098
v 2.4211 0.4961 0.1264
v 2.4211 0.5301 0.1477
v 2.4211 0.5642 0.1741
v 2.4211 0.5982 0.2054
v 2.4211 0.6322 0.2406
v 2.4211 0.6663 0.2777
v 2.4211 0.7003 0.3141
v 2.4211 0.7343 0.3466
v 2.4211 0.7684 0.3725
v 2.4211 0.8024 0.3901
v 2.4211 0.8364 0.3989
v 2.4211 0.8704 0.4000
v 2.4211 0.9045 0.3953
v 2.4211 0.9385 0.3877
v 2.4211 0.9725 0.3799
v 2.4211 1.0066 0.3741
v 2.4211 1.0406 0.3714
v 2.4211 1.0746 0.3722
v 2.4211 1.1087 0.3763
v 2.4211 1.1427 0.3827
v 2.4211 1.1767 0.3904
v 2.4211 1.2107 0.3986
v 2.4211 1.2448 0.4063
v 2.4211 1.2788 0.4129
v 2.4211 1.3128 0.4180
v 2.4211 1.3469 0.4212
v 2.4211 1.3809 0.4225
v 2.4211 1.4149 0.4218
v 2.4211 1.4490 0.4189
v 2.4211 1.4830 0.4140
v 2.4211 1.5170 0.4071
v 2.4211 1.5510 0.3983
v 2.4211 1.5851 0.3879
v 2.4211 1.6191 0.3758
v 2.4211 1.6531 0.3625
v 2.4211 1.6872 0.3479
v 2.4211 1.7212 0.3325
v 2.4211 1.7552 0.3163
v 2.4211 1.7893 0.2996
v 2.4211 1.8233 0.2826
v 2.4211 1.8573 0.2656
v 2.4211 1.8913 0.2486
v 2.4211 1.9254 0.2320
v 2.4211 1.9594 0.2158
v 2.4211 1.9934 0.2002
v 2.4211 2.0275 0.1852
v 2.4211 2.0615 0.1711
v 2.4211 2.0955 0.1578
v 2.4211 2.1296 0.1455
v 2.4211 2.1636 0.1341
v 2.4211 2.1976 0.1236
v 2.4211 2.2316 0.1140
v 2.4211 2.2657 0.1054
v 2.4211 2.2997 0.0977
v 2.4211 2.3337 0.0908
v 2.4211 2.3678 0.0847
v 2.4211 2.4018 0.0794
v 2.4211 2.4358 0.0747
v 2.4211 2.4699 0.0706
v 2.4211 2.5039 0.0672
v 2.4211 2.5379 0.0642
v 2.4211 2.5719 0.0617
v 2.4211 2.6060 0.0595
v 2.4211 2.6400 0.0578
v 2.4547 0.3600 0.0808
v 2.4547 0.3940 0.0882
v 2.4547 0.4281 0.0978
v 2.4547 0.4621 0.1105
v 2.4547 0.4961 0.1271
v 2.4547 0.5301 0.1484
v 2.4547 0.5642 0.1748
v 2.4547 0.5982 0.2060
v 2.4547 0.6322 0.2411
v 2.4547 0.6663 0.2781
v 2.4547 0.7003 0.3144
v 2.4547 0.7343 0.3469
v 2.4547 0.7684 0.3730
v 2.4547 0.8024 0.3909
v 2.4547 0.8364 0.4001
v 2.4547 0.8704 0.4017
v 2.4547 0.9045 0.3976
v 2.4547 0.9385 0.3907
v 2.4547 0.9725 0.3836
v 2.4547 1.0066 0.3784
v 2.4547 1.0406 0.3763
v 2.4547 1.0746 0.3777
v 2.4547 1.1087 0.3822
v 2.4547 1.1427 0.3889
v 2.4547 1.1767 0.3970
v 2.4547 1.2107 0.4054
v 2.4547 1.2448 0.4133
v 2.4547 1.2788 0.4201
v 2.4547 1.3128 0.4253
v 2.4547 1.3469 0.4286
v 2.4547 1.3809 0.4299
v 2.4547 1.4149 0.4292
v 2.4547 1.4490 0.4262
v 2.4547 1.4830 0.4212
v 2.4547 1.5170 0.4142
v 2.4547 1.5510 0.4053
v 2.4547 1.5851 0.3946
v 2.4547 1.6191 0.3823
v 2.4547 1.6531 0.3687
v 2.4547 1.6872 0.3539
v 2.4547 1.7212 0.3381
v 2.4547 1.7552 0.3216
v 2.4547 1.7893 0.3046
v 2.4547 1.8233 0.2872
v 2.4547 1.8573 0.2699
v 2.4547 1.8913 0.2526
v 2.4547 1.9254 0.2356
v 2.4547 1.9594 0.2191
v 2.4547 1.9934 0.2031
v 2.4547 2.0275 0.1879
v 2.4547 2.0615 0.1735
v 2.4547 2.0955 0.1600
v 2.4547 2.1296 0.1474
v 2.4547 2.1636 0.1357
v 2.4547 2.1976 0.1250
v 2.4547 2.2316 0.1153
v 2.4547 2.2657 0.1065
v 2.4547 2.2997 0.0986
v 2.4547 2.3337 0.0916
v 2.4547 2.3678 0.0854
v 2.4547 2.4018 0.0799
v 2.4547 2.4358 0.0752
v 2.4547 2.4699 0.0711
v 2.4547 2.5039 0.0675
v 2.4547 2.5379 0.0645
v 2.4547 2.5719 0.0619
v 2.4547 2.6060 0.0597
v 2.4547 2.6400 0.0579
v 2.4884 0.3600 0.0812
v 2.4884 0.3940 0.0887
v 2.4884 0.4281 0.0984
v 2.4884 0.4621 0.1111
v 2.4884 0.4961 0.1277
v 2.4884 0.5301 0.1489
v 2.4884 0.5642 0.1752
v 2.4884 0.5982 0.2063
v 2.4884 0.6322 0.2413
v 2.4884 0.6663 0.2781
v 2.4884 0.7003 0.3143
v 2.4884 0.7343 0.3468
v 2.4884 0.7684 0.3729
v 2.4884 0.8024 0.3911
v 2.4884 0.8364 0.4007
v 2.4884 0.8704 0.4027
v 2.4884 0.9045 0.3993
v 2.4884 0.9385 0.3931
v 2.4884 0.9725 0.3866
v 2.4884 1.0066 0.3820
v 2.4884 1.0406 0.3805
v 2.4884 1.0746 0.3823
v 2.4884 1.1087 0.3872
v 2.4884 1.1427 0.3944
v 2.4884 1.1767 0.4027
v 2.4884 1.2107 0.4113
v 2.4884 1.2448 0.4194
v 2.4884 1.2788 0.4264
v 2.4884 1.3128 0.4317
v 2.4884 1.3469 0.4351
v 2.4884 1.3809 0.4364
v 2.4884 1.4149 0.4356
v 2.4884 1.4490 0.4326
v 2.4884 1.4830 0.4275
v 2.4884 1.5170 0.4204
v 2.4884 1.5510 0.4113
v 2.4884 1.5851 0.4005
v 2.4884 1.6191 0.3880
v 2.4884 1.6531 0.3741
v 2.4884 1.6872 0.3590
v 2.4884 1.7212 0.3430
v 2.4884 1.7552 0.3262
v 2.4884 1.7893 0.3089
v 2.4884 1.8233 0.2913
v 2.4884 1.8573 0.2736
v 2.4884 1.8913 0.2560
v 2.4884 1.9254 0.2388
v 2.4884 1.9594 0.2220
v 2.4884 1.9934 0.2058
v 2.4884 2.0275 0.1903
v 2.4884 2.0615 0.1756
v 2.4884 2.0955 0.1619
v 2.4884 2.1296 0.1490
v 2.4884 2.1636 0.1372
v 2.4884 2.1976 0.1263
v 2.4884 2.2316 0.1164
v 2.4884 2.2657 0.1075
v 2.4884 2.2997 0.0995
v 2.4884 2.3337 0.0923
v 2.4884 2.3678 0.0860
v 2.4884 2.4018 0.0805
v 2.4884 2.4358 0.0756
v 2.4884 2.4699 0.0714
v 2.4884 2.5039 0.0678
v 2.4884 2.5379 0.0647
v 2.4884 2.5719 0.0621
v 2.4884 2.6060 0.0599
v 2.4884 2.6400 0.0580
v 2.5221 0.3600 0.0816
v 2.5221 0.3940 0.0891
v 2.5221 0.4281 0.0988
v 2.5221 0.4621 0.1116
v 2.5221 0.4961 0.1281
v 2.5221 0.5301 0.1493
v 2.5221 0.5642 0.1754
v 2.5221 0.5982 0.2064
v 2.5221 0.6322 0.2411
v 2.5221 0.6663 0.2777
v 2.5221 0.7003 0.3137
v 2.5221 0.7343 0.3461
v 2.5221 0.7684 0.3723
v 2.5221 0.8024 0.3907
v 2.5221 0.8364 0.4006
v 2.5221 0.8704 0.4032
v 2.5221 0.9045 0.4003
v 2.5221 0.9385 0.3947
v 2.5221 0.9725 0.3889
v 2.5221 1.0066 0.3849
v 2.5221 1.0406 0.3839
v 2.5221 1.0746 0.3862
v 2.5221 1.1087 0.3915
v 2.5221 1.1427 0.3989
v 2.5221 1.1767 0.4075
v 2.5221 1.2107 0.4164
v 2.5221 1.2448 0.4246
v 2.5221 1.2788 0.4317
v 2.5221 1.3128 0.4370
v 2.5221 1.3469 0.4405
v 2.5221 1.3809 0.4419
v 2.5221 1.4149 0.4411
v 2.5221 1.4490 0.4380
v 2.5221 1.4830 0.4329
v 2.5221 1.5170 0.4256
v 2.5221 1.5510 0.4164
v 2.5221 1.5851 0.4054
v 2.5221 1.6191 0.3928
v 2.5221 1.6531 0.3787
v 2.5221 1.6872 0.3634
v 2.5221 1.7212 0.3471
v 2.5221 1.7552 0.3301
v 2.5221 1.7893 0.3126
v 2.5221 1.8233 0.2947
v 2.5221 1.8573 0.2768
v 2.5221 1.8913 0.2589
v 2.5221 1.9254 0.2414
v 2.5221 1.9594 0.2244
v 2.5221 1.9934 0.2080
v 2.5221 2.0275 0.1923
v 2.5221 2.0615 0.1774
v 2.5221 2.0955 0.1634
v 2.5221 2.1296 0.1504
v 2.5221 2.1636 0.1384
v 2.5221 2.1976 0.1274
v 2.5221 2.2316 0.1174
v 2.5221 2.2657 0.1083
v 2.5221 2.2997 0.1002
v 2.5221 2.3337 0.0929
v 2.5221 2.3678 0.0865
v 2.5221 2.4018 0.0809
v 2.5221 2.4358 0.0760
v 2.5221 2.4699 0.0717
v 2.5221 2.5039 0.0681
v 2.5221 2.5379 0.0649
v 2.5221 2.5719 0.0623
v 2.5221 2.6060 0.0600
v 2.5221 2.6400 0.0582
v 2.5558 0.3600 0.0819
v 2.5558 0.3940 0.0894
v 2.5558 0.4281 0.0991
v 2.5558 0.4621 0.1119
v 2.5558 0.4961 0.1284
v 2.5558 0.5301 0.1494
v 2.5558 0.5642 0.1754
v 2.5558 0.5982 0.2061
v 2.5558 0.6322 0.2406
v 2.5558 0.6663 0.2770
v 2.5558 0.7003 0.3127
v 2.5558 0.7343 0.3450
v 2.5558 0.7684 0.3712
v 2.5558 0.8024 0.3897
v 2.5558 0.8364 0.4000
v 2.5558 0.8704 0.4029
v 2.5558 0.9045 0.4007
v 2.5558 0.9385 0.3956
v 2.5558 0.9725 0.3904
v 2.5558 1.0066 0.3870
v 2.5558 1.0406 0.3865
v 2.5558 1.0746 0.3892
v 2.5558 1.1087 0.3948
v 2.5558 1.1427 0.4026
v 2.5558 1.1767 0.4114
v 2.5558 1.2107 0.4204
v 2.5558 1.2448 0.4288
v 2.5558 1.2788 0.4359
v 2.5558 1.3128 0.4414
v 2.5558 1.3469 0.4449
v 2.5558 1.3809 0.4463
v 2.5558 1.4149 0.4455
v 2.5558 1.4490 0.4424
v 2.5558 1.4830 0.4372
v 2.5558 1.5170 0.4299
v 2.5558 1.5510 0.4205
v 2.5558 1.5851 0.4094
v 2.5558 1.6191 0.3966
v 2.5558 1.6531 0.3824
v 2.5558 1.6872 0.3669
v 2.5558 1.7212 0.3505
v 2.5558 1.7552 0.3333
v 2.5558 1.7893 0.3155
v 2.5558 1.8233 0.2975
v 2.5558 1.8573 0.2793
v 2.5558 1.8913 0.2613
v 2.5558 1.9254 0.2436
v 2.5558 1.9594 0.2264
v 2.5558 1.9934 0.2097
v 2.5558 2.0275 0.1939
v 2.5558 2.0615 0.1788
v 2.5558 2.0955 0.1647
v 2.5558 2.1296 0.1516
v 2.5558 2.1636 0.1394
v 2.5558 2.1976 0.1283
v 2.5558 2.2316 0.1181
v 2.5558 2.2657 0.1089
v 2.5558 2.2997 0.1007
v 2.5558 2.3337 0.0934
v 2.5558 2.3678 0.0869
v 2.5558 2.4018 0.0812
v 2.5558 2.4358 0.0763
v 2.5558 2.4699 0.0720
v 2.5558 2.5039 0.0683
v 2.5558 2.5379 0.0651
v 2.5558 2.5719 0.0624
v 2.5558 2.6060 0.0601
v 2.5558 2.6400 0.0582
v 2.5895 0.3600 0.0821
v 2.5895 0.3940 0.0896
v 2.5895 0.4281 0.0993
v 2.5895 0.4621 0.1120
v 2.5895 0.4961 0.1285
v 2.5895 0.5301 0.1494
v 2.5895 0.5642 0.1751
v 2.5895 0.5982 0.2056
v 2.5895 0.6322 0.2397
v 2.5895 0.6663 0.2758
v 2.5895 0.7003 0.3113
v 2.5895 0.7343 0.3434
v 2.5895 0.7684 0.3695
v 2.5895 0.8024 0.3881
v 2.5895 0.8364 0.3986
v 2.5895 0.8704 0.4020
v 2.5895 0.9045 0.4003
v 2.5895 0.9385 0.3958
v 2.5895 0.9725 0.3912
v 2.5895 1.0066 0.3882
v 2.5895 1.0406 0.3882
v 2.5895 1.0746 0.3913
v 2.5895 1.1087 0.3973
v 2.5895 1.1427 0.4053
v 2.5895 1.1767 0.4143
v 2.5895 1.2107 0.4234
v 2.5895 1.2448 0.4319
v 2.5895 1.2788 0.4392
v 2.5895 1.3128 0.4447
v 2.5895 1.3469 0.4482
v 2.5895 1.3809 0.4496
v 2.5895 1.4149 0.4488
v 2.5895 1.4490 0.4457
v 2.5895 1.4830 0.4404
v 2.5895 1.5170 0.4330
v 2.5895 1.5510 0.4237
v 2.5895 1.5851 0.4124
v 2.5895 1.6191 0.3995
v 2.5895 1.6531 0.3852
v 2.5895 1.6872 0.3696
v 2.5895 1.7212 0.3530
v 2.5895 1.7552 0.3356
v 2.5895 1.7893 0.3177
v 2.5895 1.8233 0.2995
v 2.5895 1.8573 0.2812
v 2.5895 1.8913 0.2631
v 2.5895 1.9254 0.2452
v 2.5895 1.9594 0.2278
v 2.5895 1.9934 0.2111
v 2.5895 2.0275 0.1951
v 2.5895 2.0615 0.1799
v 2.5895 2.0955 0.1657
v 2.5895 2.1296 0.1524
v 2.5895 2.1636 0.1402
v 2.5895 2.1976 0.1289
v 2.5895 2.2316 0.1187
v 2.5895 2.2657 0.1094
v 2.5895 2.2997 0.1012
v 2.5895 2.3337 0.0938
v 2.5895 2.3678 0.0872
v 2.5895 2.4018 0.0815
v 2.5895 2.4358 0.0765
v 2.5895 2.4699 0.0722
v 2.5895 2.5039 0.0684
v 2.5895 2.5379 0.0652
v 2.5895 2.5719 0.0625
v 2.5895 2.6060 0.0602
v 2.5895 2.6400 0.0583
v 2.6232 0.3600 0.0822
v 2.6232 0.3940 0.0897
v 2.6232 0.4281 0.0994
v 2.6232 0.4621 0.1121
v 2.6232 0.4961 0.1284
v 2.6232 0.5301 0.1491
v 2.6232 0.5642 0.1746
v 2.6232 0.5982 0.2047
v 2.6232 0.6322 0.2386
v 2.6232 0.6663 0.2743
v 2.6232 0.7003 0.3094
v 2.6232 0.7343 0.3413
v 2.6232 0.7684 0.3673
v 2.6232 0.8024 0.3859
v 2.6232 0.8364 0.3967
v 2.6232 0.8704 0.4005
v 2.6232 0.9045 0.3992
v 2.6232 0.9385 0.3952
v 2.6232 0.9725 0.3911
v 2.6232 1.0066 0.3887
v 2.6232 1.0406 0.3891
v 2.6232 1.0746 0.3926
v 2.6232 1.1087 0.3988
v 2.6232 1.1427 0.4070
v 2.6232 1.1767 0.4162
v 2.6232 1.2107 0.4254
v 2.6232 1.2448 0.4340
v 2.6232 1.2788 0.4413
v 2.6232 1.3128 0.4469
v 2.6232 1.3469 0.4504
v 2.6232 1.3809 0.4518
v 2.6232 1.4149 0.4510
v 2.6232 1.4490 0.4479
v 2.6232 1.4830 0.4426
v 2.6232 1.5170 0.4352
v 2.6232 1.5510 0.4257
v 2.6232 1.5851 0.4144
v 2.6232 1.6191 0.4015
v 2.6232 1.6531 0.3871
v 2.6232 1.6872 0.3714
v 2.6232 1.7212 0.3547
v 2.6232 1.7552 0.3372
v 2.6232 1.7893 0.3192
v 2.6232 1.8233 0.3009
v 2.6232 1.8573 0.2825
v 2.6232 1.8913 0.2643
v 2.6232 1.9254 0.2463
v 2.6232 1.9594 0.2288
v 2.6232 1.9934 0.2120
v 2.6232 2.0275 0.1959
v 2.6232 2.0615 0.1806
v 2.6232 2.0955 0.1663
v 2.6232 2.1296 0.1530
v 2.6232 2.1636 0.1407
v 2.6232 2.1976 0.1294
v 2.6232 2.2316 0.1191
v 2.6232 2.2657 0.1098
v 2.6232 2.2997 0.1014
v 2.6232 2.3337 0.0940
v 2.6232 2.3678 0.0874
v 2.6232 2.4018 0.0817
v 2.6232 2.4358 0.0766
v 2.6232 2.4699 0.0723
v 2.6232 2.5039 0.0685
v 2.6232 2.5379 0.0653
v 2.6232 2.5719 0.0626
v 2.6232 2.6060 0.0603
v 2.6232 2.6400 0.0584
v 2.6568 0.3600 0.0823
v 2.6568 0.3940 0.0897
v 2.6568 0.4281 0.0994
v 2.6568 0.4621 0.1119
v 2.6568 0.4961 0.1281
v 2.6568 0.5301 0.1486
v 2.6568 0.5642 0.1738
v 2.6568 0.5982 0.2036
v 2.6568 0.6322 0.2370
v 2.6568 0.6663 0.2723
v 2.6568 0.7003 0.3071
v 2.6568 0.7343 0.3386
v 2.6568 0.7684 0.3645
v 2.6568 0.8024 0.3831
v 2.6568 0.8364 0.3941
v 2.6568 0.8704 0.3982
v 2.6568 0.9045 0.3973
v 2.6568 0.9385 0.3939
v 2.6568 0.9725 0.3903
v 2.6568 1.0066 0.3883
v 2.6568 1.0406 0.3891
v 2.6568 1.0746 0.3929
v 2.6568 1.1087 0.3994
v 2.6568 1.1427 0.4077
v 2.6568 1.1767 0.4170
v 2.6568 1.2107 0.4264
v 2.6568 1.2448 0.4350
v 2.6568 1.2788 0.4423
v 2.6568 1.3128 0.4479
v 2.6568 1.3469 0.4515
v 2.6568 1.3809 0.4529
v 2.6568 1.4149 0.4521
v 2.6568 1.4490 0.4490
v 2.6568 1.4830 0.4437
v 2.6568 1.5170 0.4362
v 2.6568 1.5510 0.4267
v 2.6568 1.5851 0.4154
v 2.6568 1.6191 0.4024
v 2.6568 1.6531 0.3880
v 2.6568 1.6872 0.3722
v 2.6568 1.7212 0.3555
v 2.6568 1.7552 0.3380
v 2.6568 1.7893 0.3200
v 2.6568 1.8233 0.3016
v 2.6568 1.8573 0.2832
v 2.6568 1.8913 0.2648
v 2.6568 1.9254 0.2468
v 2.6568 1.9594 0.2293
v 2.6568 1.9934 0.2124
v 2.6568 2.0275 0.1963
v 2.6568 2.0615 0.1810
v 2.6568 2.0955 0.1666
v 2.6568 2.1296 0.1533
v 2.6568 2.1636 0.1409
v 2.6568 2.1976 0.1296
v 2.6568 2.2316 0.1193
v 2.6568 2.2657 0.1099
v 2.6568 2.2997 0.1016
v 2.6568 2.3337 0.0941
v 2.6568 2.3678 0.0875
v 2.6568 2.4018 0.0818
v 2.6568 2.4358 0.0767
v 2.6568 2.4699 0.0723
v 2.6568 2.5039 0.0686
v 2.6568 2.5379 0.0654
v 2.6568 2.5719 0.0626
v 2.6568 2.6060 0.0603
v 2.6568 2.6400 0.0584
v 2.6905 0.3600 0.0822
v 2.6905 0.3940 0.0897
v 2.6905 0.4281 0.0992
v 2.6905 0.4621 0.1117
v 2.6905 0.4961 0.1277
v 2.6905 0.5301 0.1479
v 2.6905 0.5642 0.1728
v 2.6905 0.5982 0.2022
v 2.6905 0.6322 0.2352
v 2.6905 0.6663 0.2700
v 2.6905 0.7003 0.3043
v 2.6905 0.7343 0.3355
v 2.6905 0.7684 0.3612
v 2.6905 0.8024 0.3798
v 2.6905 0.8364 0.3908
v 2.6905 0.8704 0.3952
v 2.6905 0.9045 0.3948
v 2.6905 0.9385 0.3918
v 2.6905 0.9725 0.3887
v 2.6905 1.0066 0.3871
v 2.6905 1.0406 0.3883
v 2.6905 1.0746 0.3923
v 2.6905 1.1087 0.3990
v 2.6905 1.1427 0.4075
v 2.6905 1.1767 0.4169
v 2.6905 1.2107 0.4263
v 2.6905 1.2448 0.4349
v 2.6905 1.2788 0.4423
v 2.6905 1.3128 0.4479
v 2.6905 1.3469 0.4514
v 2.6905 1.3809 0.4529
v 2.6905 1.4149 0.4520
v 2.6905 1.4490 0.4489
v 2.6905 1.4830 0.4436
v 2.6905 1.5170 0.4362
v 2.6905 1.5510 0.4267
v 2.6905 1.5851 0.4154
v 2.6905 1.6191 0.4024
v 2.6905 1.6531 0.3879
v 2.6905 1.6872 0.3722
v 2.6905 1.7212 0.3555
v 2.6905 1.7552 0.3380
v 2.6905 1.7893 0.3199
v 2.6905 1.8233 0.3016
v 2.6905 1.8573 0.2831
v 2.6905 1.8913 0.2648
v 2.6905 1.9254 0.2468
v 2.6905 1.9594 0.2293
v 2.6905 1.9934 0.2124
v 2.6905 2.0275 0.1963
v 2.6905 2.0615 0.1810
v 2.6905 2.0955 0.1666
v 2.6905 2.1296 0.1533
v 2.6905 2.1636 0.1409
v 2.6905 2.1976 0.1296
v 2.6905 2.2316 0.1192
v 2.6905 2.2657 0.1099
v 2.6905 2.2997 0.1016
v 2.6905 2.3337 0.0941
v 2.6905 2.3678 0.0875
v 2.6905 2.4018 0.0817
v 2.6905 2.4358 0.0767
v 2.6905 2.4699 0.0723
v 2.6905 2.5039 0.0686
v 2.6905 2.5379 0.0654
v 2.6905 2.5719 0.0626
v 2.6905 2.6060 0.0603
v 2.6905 2.6400 0.0584
v 2.7242 0.3600 0.0821
v 2.7242 0.3940 0.0895
v 2.7242 0.4281 0.0990
v 2.7242 0.4621 0.1112
v 2.7242 0.4961 0.1270
v 2.7242 0.5301 0.1470
v 2.7242 0.5642 0.1716
v 2.7242 0.5982 0.2005
v 2.7242 0.6322 0.2330
v 2.7242 0.6663 0.2673
v 2.7242 0.7003 0.3011
v 2.7242 0.7343 0.3319
v 2.7242 0.7684 0.3573
v 2.7242 0.8024 0.3758
v 2.7242 0.8364 0.3870
v 2.7242 0.8704 0.3916
v 2.7242 0.9045 0.3915
v 2.7242 0.9385 0.3890
v 2.7242 0.9725 0.3862
v 2.7242 1.0066 0.3851
v 2.7242 1.0406 0.3865
v 2.7242 1.0746 0.3908
v 2.7242 1.1087 0.3977
v 2.7242 1.1427 0.4062
v 2.7242 1.1767 0.4157
v 2.7242 1.2107 0.4251
v 2.7242 1.2448 0.4338
v 2.7242 1.2788 0.4411
v 2.7242 1.3128 0.4467
v 2.7242 1.3469 0.4502
v 2.7242 1.3809 0.4517
v 2.7242 1.4149 0.4508
v 2.7242 1.4490 0.4477
v 2.7242 1.4830 0.4424
v 2.7242 1.5170 0.4350
v 2.7242 1.5510 0.4256
v 2.7242 1.5851 0.4143
v 2.7242 1.6191 0.4013
v 2.7242 1.6531 0.3869
v 2.7242 1.6872 0.3712
v 2.7242 1.7212 0.3546
v 2.7242 1.7552 0.3371
v 2.7242 1.7893 0.3191
v 2.7242 1.8233 0.3008
v 2.7242 1.8573 0.2824
v 2.7242 1.8913 0.2642
v 2.7242 1.9254 0.2462
v 2.7242 1.9594 0.2287
v 2.7242 1.9934 0.2119
v 2.7242 2.0275 0.1958
v 2.7242 2.0615 0.1806
v 2.7242 2.0955 0.1663
v 2.7242 2.1296 0.1529
v 2.7242 2.1636 0.1406
v 2.7242 2.1976 0.1293
v 2.7242 2.2316 0.1190
v 2.7242 2.2657 0.1097
v 2.7242 2.2997 0.1014
v 2.7242 2.3337 0.0940
v 2.7242 2.3678 0.0874
v 2.7242 2.4018 0.0817
v 2.7242 2.4358 0.0766
v 2.7242 2.4699 0.0723
v 2.7242 2.5039 0.0685
v 2.7242 2.5379 0.0653
v 2.7242 2.5719 0.0626
v 2.7242 2.6060 0.0603
v 2.7242 2.6400 0.0584
v 2.7579 0.3600 0.0819
v 2.7579 0.3940 0.0892
v 2.7579 0.4281 0.0985
v 2.7579 0.4621 0.1107
v 2.7579 0.4961 0.1262
v 2.7579 0.5301 0.1459
v 2.7579 0.5642 0.1701
v 2.7579 0.5982 0.1986
v 2.7579 0.6322 0.2305
v 2.7579 0.6663 0.2642
v 2.7579 0.7003 0.2975
v 2.7579 0.7343 0.3279
v 2.7579 0.7684 0.3529
v 2.7579 0.8024 0.3713
v 2.7579 0.8364 0.3825
v 2.7579 0.8704 0.3873
v 2.7579 0.9045 0.3875
v 2.7579 0.9385 0.3854
v 2.7579 0.9725 0.3830
v 2.7579 1.0066 0.3822
v 2.7579 1.0406 0.3839
v 2.7579 1.0746 0.3884
v 2.7579 1.1087 0.3954
v 2.7579 1.1427 0.4040
v 2.7579 1.1767 0.4135
v 2.7579 1.2107 0.4229
v 2.7579 1.2448 0.4315
v 2.7579 1.2788 0.4388
v 2.7579 1.3128 0.4444
v 2.7579 1.3469 0.4479
v 2.7579 1.3809 0.4493
v 2.7579 1.4149 0.4485
v 2.7579 1.4490 0.4454
v 2.7579 1.4830 0.4402
v 2.7579 1.5170 0.4328
v 2.7579 1.5510 0.4234
v 2.7579 1.5851 0.4122
v 2.7579 1.6191 0.3993
v 2.7579 1.6531 0.3850
v 2.7579 1.6872 0.3694
v 2.7579 1.7212 0.3528
v 2.7579 1.7552 0.3354
v 2.7579 1.7893 0.3176
v 2.7579 1.8233 0.2994
v 2.7579 1.8573 0.2811
v 2.7579 1.8913 0.2629
v 2.7579 1.9254 0.2451
v 2.7579 1.9594 0.2277
v 2.7579 1.9934 0.2110
v 2.7579 2.0275 0.1950
v 2.7579 2.0615 0.1798
v 2.7579 2.0955 0.1656
v 2.7579 2.1296 0.1523
v 2.7579 2.1636 0.1401
v 2.7579 2.1976 0.1289
v 2.7579 2.2316 0.1186
v 2.7579 2.2657 0.1094
v 2.7579 2.2997 0.1011
v 2.7579 2.3337 0.0937
v 2.7579 2.3678 0.0872
v 2.7579 2.4018 0.0815
v 2.7579 2.4358 0.0765
v 2.7579 2.4699 0.0721
v 2.7579 2.5039 0.0684
v 2.7579 2.5379 0.0652
v 2.7579 2.5719 0.0625
v 2.7579 2.6060 0.0602
v 2.7579 2.6400 0.0583
v 2.7916 0.3600 0.0815
v 2.7916 0.3940 0.0888
v 2.7916 0.4281 0.0980
v 2.7916 0.4621 0.1100
v 2.7916 0.4961 0.1253
v 2.7916 0.5301 0.1446
v 2.7916 0.5642 0.1684
v 2.7916 0.5982 0.1963
v 2.7916 0.6322 0.2277
v 2.7916 0.6663 0.2608
v 2.7916 0.7003 0.2935
v 2.7916 0.7343 0.3233
v 2.7916 0.7684 0.3481
v 2.7916 0.8024 0.3662
v 2.7916 0.8364 0.3774
v 2.7916 0.8704 0.3824
v 2.7916 0.9045 0.3829
v 2.7916 0.9385 0.3811
v 2.7916 0.9725 0.3790
v 2.7916 1.0066 0.3785
v 2.7916 1.0406 0.3805
v 2.7916 1.0746 0.3852
v 2.7916 1.1087 0.3922
v 2.7916 1.1427 0.4008
v 2.7916 1.1767 0.4103
v 2.7916 1.2107 0.4196
v 2.7916 1.2448 0.4282
v 2.7916 1.2788 0.4354
v 2.7916 1.3128 0.4410
v 2.7916 1.3469 0.4445
v 2.7916 1.3809 0.4459
v 2.7916 1.4149 0.4451
v 2.7916 1.4490 0.4420
v 2.7916 1.4830 0.4368
v 2.7916 1.5170 0.4295
v 2.7916 1.5510 0.4202
v 2.7916 1.5851 0.4091
v 2.7916 1.6191 0.3963
v 2.7916 1.6531 0.3821
v 2.7916 1.6872 0.3666
v 2.7916 1.7212 0.3502
v 2.7916 1.7552 0.3330
v 2.7916 1.7893 0.3152
v 2.7916 1.8233 0.2972
v 2.7916 1.8573 0.2791
v 2.7916 1.8913 0.2611
v 2.7916 1.9254 0.2434
v 2.7916 1.9594 0.2262
v 2.7916 1.9934 0.2096
v 2.7916 2.0275 0.1937
v 2.7916 2.0615 0.1787
v 2.7916 2.0955 0.1646
v 2.7916 2.1296 0.1515
v 2.7916 2.1636 0.1393
v 2.7916 2.1976 0.1282
v 2.7916 2.2316 0.1181
v 2.7916 2.2657 0.1089
v 2.7916 2.2997 0.1007
v 2.7916 2.3337 0.0934
v 2.7916 2.3678 0.0869
v 2.7916 2.4018 0.0812
v 2.7916 2.4358 0.0762
v 2.7916 2.4699 0.0719
v 2.7916 2.5039 0.0682
v 2.7916 2.5379 0.0651
v 2.7916 2.5719 0.0624
v 2.7916 2.6060 0.0601
v 2.7916 2.6400 0.0582
v 2.8253 0.3600 0.0812
v 2.8253 0.3940 0.0883
v 2.8253 0.4281 0.0974
v 2.8253 0.4621 0.1091
v 2.8253 0.4961 0.1242
v 2.8253 0.5301 0.1431
v 2.8253 0.5642 0.1664
v 2.8253 0.5982 0.1938
v 2.8253 0.6322 0.2245
v 2.8253 0.6663 0.2570
v 2.8253 0.7003 0.2891
v 2.8253 0.7343 0.3183
v 2.8253 0.7684 0.3427
v 2.8253 0.8024 0.3606
v 2.8253 0.8364 0.3717
v 2.8253 0.8704 0.3769
v 2.8253 0.9045 0.3776
v 2.8253 0.9385 0.3760
v 2.8253 0.9725 0.3743
v 2.8253 1.0066 0.3741
v 2.8253 1.0406 0.3762
v 2.8253 1.0746 0.3810
v 2.8253 1.1087 0.3881
v 2.8253 1.1427 0.3967
v 2.8253 1.1767 0.4061
v 2.8253 1.2107 0.4154
v 2.8253 1.2448 0.4239
v 2.8253 1.2788 0.4310
v 2.8253 1.3128 0.4365
v 2.8253 1.3469 0.4400
v 2.8253 1.3809 0.4414
v 2.8253 1.4149 0.4406
v 2.8253 1.4490 0.4375
v 2.8253 1.4830 0.4324
v 2.8253 1.5170 0.4251
v 2.8253 1.5510 0.4160
v 2.8253 1.5851 0.4050
v 2.8253 1.6191 0.3923
v 2.8253 1.6531 0.3783
v 2.8253 1.6872 0.3630
v 2.8253 1.7212 0.3468
v 2.8253 1.7552 0.3298
v 2.8253 1.7893 0.3122
v 2.8253 1.8233 0.2944
v 2.8253 1.8573 0.2765
v 2.8253 1.8913 0.2587
v 2.8253 1.9254 0.2412
v 2.8253 1.9594 0.2242
v 2.8253 1.9934 0.2078
v 2.8253 2.0275 0.1921
v 2.8253 2.0615 0.1772
v 2.8253 2.0955 0.1633
v 2.8253 2.1296 0.1503
v 2.8253 2.1636 0.1383
v 2.8253 2.1976 0.1273
v 2.8253 2.2316 0.1173
v 2.8253 2.2657 0.1082
v 2.8253 2.2997 0.1001
v 2.8253 2.3337 0.0929
v 2.8253 2.3678 0.0865
v 2.8253 2.4018 0.0808
v 2.8253 2.4358 0.0759
v 2.8253 2.4699 0.0717
v 2.8253 2.5039 0.0680
v 2.8253 2.5379 0.0649
v 2.8253 2.5719 0.0623
v 2.8253 2.6060 0.0600
v 2.8253 2.6400 0.0581
v 2.8589 0.3600 0.0807
v 2.8589 0.3940 0.0877
v 2.8589 0.4281 0.0966
v 2.8589 0.4621 0.1081
v 2.8589 0.4961 0.1229
v 2.8589 0.5301 0.1415
v 2.8589 0.5642 0.1642
v 2.8589 0.5982 0.1911
v 2.8589 0.6322 0.2211
v 2.8589 0.6663 0.2529
v 2.8589 0.7003 0.2843
v 2.8589 0.7343 0.3130
v 2.8589 0.7684 0.3368
v 2.8589 0.8024 0.3545
v 2.8589 0.8364 0.3655
v 2.8589 0.8704 0.3707
v 2.8589 0.9045 0.3716
v 2.8589 0.9385 0.3704
v 2.8589 0.9725 0.3689
v 2.8589 1.0066 0.3689
v 2.8589 1.0406 0.3712
v 2.8589 1.0746 0.3760
v 2.8589 1.1087 0.3831
v 2.8589 1.1427 0.3917
v 2.8589 1.1767 0.4010
v 2.8589 1.2107 0.4101
v 2.8589 1.2448 0.4185
v 2.8589 1.2788 0.4256
v 2.8589 1.3128 0.4310
v 2.8589 1.3469 0.4344
v 2.8589 1.3809 0.4358
v 2.8589 1.4149 0.4350
v 2.8589 1.4490 0.4320
v 2.8589 1.4830 0.4269
v 2.8589 1.5170 0.4198
v 2.8589 1.5510 0.4107
v 2.8589 1.5851 0.3999
v 2.8589 1.6191 0.3875
v 2.8589 1.6531 0.3736
v 2.8589 1.6872 0.3586
v 2.8589 1.7212 0.3425
v 2.8589 1.7552 0.3258
v 2.8589 1.7893 0.3085
v 2.8589 1.8233 0.2909
v 2.8589 1.8573 0.2732
v 2.8589 1.8913 0.2557
v 2.8589 1.9254 0.2385
v 2.8589 1.9594 0.2217
v 2.8589 1.9934 0.2055
v 2.8589 2.0275 0.1901
v 2.8589 2.0615 0.1754
v 2.8589 2.0955 0.1617
v 2.8589 2.1296 0.1489
v 2.8589 2.1636 0.1370
v 2.8589 2.1976 0.1262
v 2.8589 2.2316 0.1163
v 2.8589 2.2657 0.1074
v 2.8589 2.2997 0.0994
v 2.8589 2.3337 0.0923
v 2.8589 2.3678 0.0859
v 2.8589 2.4018 0.0804
v 2.8589 2.4358 0.0756
v 2.8589 2.4699 0.0714
v 2.8589 2.5039 0.0678
v 2.8589 2.5379 0.0647
v 2.8589 2.5719 0.0621
v 2.8589 2.6060 0.0599
v 2.8589 2.6400 0.0580
v 2.8926 0.3600 0.0802
v 2.8926 0.3940 0.0870
v 2.8926 0.4281 0.0958
v 2.8926 0.4621 0.1070
v 2.8926 0.4961 0.1215
v 2.8926 0.5301 0.1396
v 2.8926 0.5642 0.1619
v 2.8926 0.5982 0.1881
v 2.8926 0.6322 0.2174
v 2.8926 0.6663 0.2484
v 2.8926 0.7003 0.2791
v 2.8926 0.7343 0.3072
v 2.8926 0.7684 0.3306
v 2.8926 0.8024 0.3479
v 2.8926 0.8364 0.3588
v 2.8926 0.8704 0.3640
v 2.8926 0.9045 0.3651
v 2.8926 0.9385 0.3640
v 2.8926 0.9725 0.3628
v 2.8926 1.0066 0.3630
v 2.8926 1.0406 0.3654
v 2.8926 1.0746 0.3702
v 2.8926 1.1087 0.3773
v 2.8926 1.1427 0.3858
v 2.8926 1.1767 0.3949
v 2.8926 1.2107 0.4040
v 2.8926 1.2448 0.4122
v 2.8926 1.2788 0.4192
v 2.8926 1.3128 0.4245
v 2.8926 1.3469 0.4279
v 2.8926 1.3809 0.4292
v 2.8926 1.4149 0.4284
v 2.8926 1.4490 0.4255
v 2.8926 1.4830 0.4205
v 2.8926 1.5170 0.4135
v 2.8926 1.5510 0.4046
v 2.8926 1.5851 0.3940
v 2.8926 1.6191 0.3817
v 2.8926 1.6531 0.3681
v 2.8926 1.6872 0.3533
v 2.8926 1.7212 0.3376
v 2.8926 1.7552 0.3211
v 2.8926 1.7893 0.3041
v 2.8926 1.8233 0.2868
v 2.8926 1.8573 0.2694
v 2.8926 1.8913 0.2522
v 2.8926 1.9254 0.2353
v 2.8926 1.9594 0.2188
v 2.8926 1.9934 0.2029
v 2.8926 2.0275 0.1877
v 2.8926 2.0615 0.1733
v 2.8926 2.0955 0.1598
v 2.8926 2.1296 0.1472
v 2.8926 2.1636 0.1356
v 2.8926 2.1976 0.1249
v 2.8926 2.2316 0.1152
v 2.8926 2.2657 0.1064
v 2.8926 2.2997 0.0985
v 2.8926 2.3337 0.0915
v 2.8926 2.3678 0.0853
v 2.8926 2.4018 0.0799
v 2.8926 2.4358 0.0751
v 2.8926 2.4699 0.0710
v 2.8926 2.5039 0.0675
v 2.8926 2.5379 0.0645
v 2.8926 2.5719 0.0619
v 2.8926 2.6060 0.0597
v 2.8926 2.6400 0.0579
v 2.9263 0.3600 0.0795
v 2.9263 0.3940 0.0863
v 2.9263 0.4281 0.0948
v 2.9263 0.4621 0.1058
v 2.9263 0.4961 0.1199
v 2.9263 0.5301 0.1376
v 2.9263 0.5642 0.1593
v 2.9263 0.5982 0.1849
v 2.9263 0.6322 0.2135
v 2.9263 0.6663 0.2437
v 2.9263 0.7003 0.2737
v 2.9263 0.7343 0.3010
v 2.9263 0.7684 0.3239
v 2.9263 0.8024 0.3409
v 2.9263 0.8364 0.3516
v 2.9263 0.8704 0.3568
v 2.9263 0.9045 0.3580
v 2.9263 0.9385 0.3571
v 2.9263 0.9725 0.3561
v 2.9263 1.0066 0.3564
v 2.9263 1.0406 0.3588
v 2.9263 1.0746 0.3637
v 2.9263 1.1087 0.3707
v 2.9263 1.1427 0.3791
v 2.9263 1.1767 0.3881
v 2.9263 1.2107 0.3970
v 2.9263 1.2448 0.4051
v 2.9263 1.2788 0.4119
v 2.9263 1.3128 0.4171
v 2.9263 1.3469 0.4204
v 2.9263 1.3809 0.4217
v 2.9263 1.4149 0.4210
v 2.9263 1.4490 0.4181
v 2.9263 1.4830 0.4132
v 2.9263 1.5170 0.4063
v 2.9263 1.5510 0.3976
v 2.9263 1.5851 0.3871
v 2.9263 1.6191 0.3752
v 2.9263 1.6531 0.3618
v 2.9263 1.6872 0.3473
v 2.9263 1.7212 0.3319
v 2.9263 1.7552 0.3157
v 2.9263 1.7893 0.2991
v 2.9263 1.8233 0.2821
v 2.9263 1.8573 0.2651
v 2.9263 1.8913 0.2482
v 2.9263 1.9254 0.2316
v 2.9263 1.9594 0.2154
v 2.9263 1.9934 0.1998
v 2.9263 2.0275 0.1850
v 2.9263 2.0615 0.1709
v 2.9263 2.0955 0.1576
v 2.9263 2.1296 0.1453
v 2.9263 2.1636 0.1339
v 2.9263 2.1976 0.1234
v 2.9263 2.2316 0.1139
v 2.9263 2.2657 0.1053
v 2.9263 2.2997 0.0976
v 2.9263 2.3337 0.0907
v 2.9263 2.3678 0.0846
v 2.9263 2.4018 0.0793
v 2.9263 2.4358 0.0746
v 2.9263 2.4699 0.0706
v 2.9263 2.5039 0.0671
v 2.9263 2.5379 0.0642
v 2.9263 2.5719 0.0616
v 2.9263 2.6060 0.0595
v 2.9263 2.6400 0.0577
v 2.9600 0.3600 0.0789
v 2.9600 0.3940 0.0854
v 2.9600 0.4281 0.0938
v 2.9600 0.4621 0.1045
v 2.9600 0.4961 0.1182
v 2.9600 0.5301 0.1355
v 2.9600 0.5642 0.1566
v 2.9600 0.5982 0.1814
v 2.9600 0.6322 0.2093
v 2.9600 0.6663 0.2387
v 2.9600 0.7003 0.2679
v 2.9600 0.7343 0.2945
v 2.9600 0.7684 0.3168
v 2.9600 0.8024 0.3334
v 2.9600 0.8364 0.3440
v 2.9600 0.8704 0.3491
v 2.9600 0.9045 0.3504
v 2.9600 0.9385 0.3496
v 2.9600 0.9725 0.3487
v 2.9600 1.0066 0.3491
v 2.9600 1.0406 0.3517
v 2.9600 1.0746 0.3565
v 2.9600 1.1087 0.3634
v 2.9600 1.1427 0.3716
v 2.9600 1.1767 0.3804
v 2.9600 1.2107 0.3891
v 2.9600 1.2448 0.3970
v 2.9600 1.2788 0.4037
v 2.9600 1.3128 0.4088
v 2.9600 1.3469 0.4120
v 2.9600 1.3809 0.4133
v 2.9600 1.4149 0.4126
v 2.9600 1.4490 0.4098
v 2.9600 1.4830 0.4050
v 2.9600 1.5170 0.3983
v 2.9600 1.5510 0.3897
v 2.9600 1.5851 0.3795
v 2.9600 1.6191 0.3678
v 2.9600 1.6531 0.3548
v 2.9600 1.6872 0.3406
v 2.9600 1.7212 0.3255
v 2.9600 1.7552 0.3097
v 2.9600 1.7893 0.2934
v 2.9600 1.8233 0.2769
v 2.9600 1.8573 0.2602
v 2.9600 1.8913 0.2437
v 2.9600 1.9254 0.2275
v 2.9600 1.9594 0.2117
v 2.9600 1.9934 0.1965
v 2.9600 2.0275 0.1819
v 2.9600 2.0615 0.1681
v 2.9600 2.0955 0.1552
v 2.9600 2.1296 0.1431
v 2.9600 2.1636 0.1320
v 2.9600 2.1976 0.1218
v 2.9600 2.2316 0.1125
v 2.9600 2.2657 0.1040
v 2.9600 2.2997 0.0965
v 2.9600 2.3337 0.0898
v 2.9600 2.3678 0.0839
v 2.9600 2.4018 0.0786
v 2.9600 2.4358 0.0741
v 2.9600 2.4699 0.0701
v 2.9600 2.5039 0.0667
v 2.9600 2.5379 0.0638
v 2.9600 2.5719 0.0614
v 2.9600 2.6060 0.0593
v 2.9600 2.6400 0.0576
v 2.9937 0.3600 0.0781
v 2.9937 0.3940 0.0845
v 2.9937 0.4281 0.0926
v 2.9937 0.4621 0.1031
v 2.9937 0.4961 0.1164
v 2.9937 0.5301 0.1332
v 2.9937 0.5642 0.1537
v 2.9937 0.5982 0.1779
v 2.9937 0.6322 0.2049
v 2.9937 0.6663 0.2335
v 2.9937 0.7003 0.2618
v 2.9937 0.7343 0.2878
v 2.9937 0.7684 0.3094
v 2.9937 0.8024 0.3256
v 2.9937 0.8364 0.3359
v 2.9937 0.8704 0.3410
v 2.9937 0.9045 0.3423
v 2.9937 0.9385 0.3417
v 2.9937 0.9725 0.3409
v 2.9937 1.0066 0.3413
v 2.9937 1.0406 0.3439
v 2.9937 1.0746 0.3486
v 2.9937 1.1087 0.3553
v 2.9937 1.1427 0.3634
v 2.9937 1.1767 0.3720
v 2.9937 1.2107 0.3805
v 2.9937 1.2448 0.3882
v 2.9937 1.2788 0.3948
v 2.9937 1.3128 0.3997
v 2.9937 1.3469 0.4029
v 2.9937 1.3809 0.4041
v 2.9937 1.4149 0.4034
v 2.9937 1.4490 0.4007
v 2.9937 1.4830 0.3960
v 2.9937 1.5170 0.3894
v 2.9937 1.5510 0.3811
v 2.9937 1.5851 0.3712
v 2.9937 1.6191 0.3598
v 2.9937 1.6531 0.3470
v 2.9937 1.6872 0.3332
v 2.9937 1.7212 0.3185
v 2.9937 1.7552 0.3031
v 2.9937 1.7893 0.2873
v 2.9937 1.8233 0.2711
v 2.9937 1.8573 0.2549
v 2.9937 1.8913 0.2388
v 2.9937 1.9254 0.2230
v 2.9937 1.9594 0.2076
v 2.9937 1.9934 0.1927
v 2.9937 2.0275 0.1786
v 2.9937 2.0615 0.1651
v 2.9937 2.0955 0.1525
v 2.9937 2.1296 0.1408
v 2.9937 2.1636 0.1299
v 2.9937 2.1976 0.1199
v 2.9937 2.2316 0.1109
v 2.9937 2.2657 0.1027
v 2.9937 2.2997 0.0953
v 2.9937 2.3337 0.0888
v 2.9937 2.3678 0.0830
v 2.9937 2.4018 0.0779
v 2.9937 2.4358 0.0735
v 2.9937 2.4699 0.0696
v 2.9937 2.5039 0.0663
v 2.9937 2.5379 0.0635
v 2.9937 2.5719 0.0611
v 2.9937 2.6060 0.0591
v 2.9937 2.6400 0.0574
v 3.0274 0.3600 0.0773
v 3.0274 0.3940 0.0835
v 3.0274 0.4281 0.0914
v 3.0274 0.4621 0.1015
v 3.0274 0.4961 0.1145
v 3.0274 0.5301 0.1308
v 3.0274 0.5642 0.1507
v 3.0274 0.5982 0.1741
v 3.0274 0.6322 0.2003
v 3.0274 0.6663 0.2281
v 3.0274 0.7003 0.2555
v 3.0274 0.7343 0.2807
v 3.0274 0.7684 0.3017
v 3.0274 0.8024 0.3174
v 3.0274 0.8364 0.3275
v 3.0274 0.8704 0.3325
v 3.0274 0.9045 0.3338
v 3.0274 0.9385 0.3332
v 3.0274 0.9725 0.3325
v 3.0274 1.0066 0.3330
v 3.0274 1.0406 0.3355
v 3.0274 1.0746 0.3402
v 3.0274 1.1087 0.3467
v 3.0274 1.1427 0.3546
v 3.0274 1.1767 0.3630
v 3.0274 1.2107 0.3712
v 3.0274 1.2448 0.3787
v 3.0274 1.2788 0.3851
v 3.0274 1.3128 0.3899
v 3.0274 1.3469 0.3930
v 3.0274 1.3809 0.3942
v 3.0274 1.4149 0.3935
v 3.0274 1.4490 0.3908
v 3.0274 1.4830 0.3863
v 3.0274 1.5170 0.3799
v 3.0274 1.5510 0.3718
v 3.0274 1.5851 0.3622
v 3.0274 1.6191 0.3511
v 3.0274 1.6531 0.3387
v 3.0274 1.6872 0.3253
v 3.0274 1.7212 0.3110
v 3.0274 1.7552 0.2960
v 3.0274 1.7893 0.2806
v 3.0274 1.8233 0.2649
v 3.0274 1.8573 0.2492
v 3.0274 1.8913 0.2335
v 3.0274 1.9254 0.2181
v 3.0274 1.9594 0.2032
v 3.0274 1.9934 0.1887
v 3.0274 2.0275 0.1749
v 3.0274 2.0615 0.1619
v 3.0274 2.0955 0.1496
v 3.0274 2.1296 0.1382
v 3.0274 2.1636 0.1277
v 3.0274 2.1976 0.1180
v 3.0274 2.2316 0.1092
v 3.0274 2.2657 0.1012
v 3.0274 2.2997 0.0941
v 3.0274 2.3337 0.0877
v 3.0274 2.3678 0.0821
v 3.0274 2.4018 0.0771
v 3.0274 2.4358 0.0728
v 3.0274 2.4699 0.0691
v 3.0274 2.5039 0.0659
v 3.0274 2.5379 0.0631
v 3.0274 2.5719 0.0608
v 3.0274 2.6060 0.0588
v 3.0274 2.6400 0.0572
v 3.0611 0.3600 0.0765
v 3.0611 0.3940 0.0825
v 3.0611 0.4281 0.0901
v 3.0611 0.4621 0.0999
v 3.0611 0.4961 0.1125
v 3.0611 0.5301 0.1282
v 3.0611 0.5642 0.1475
v 3.0611 0.5982 0.1702
v 3.0611 0.6322 0.1956
v 3.0611 0.6663 0.2225
v 3.0611 0.7003 0.2491
v 3.0611 0.7343 0.2734
v 3.0611 0.7684 0.2938
v 3.0611 0.8024 0.3090
v 3.0611 0.8364 0.3187
v 3.0611 0.8704 0.3236
v 3.0611 0.9045 0.3249
v 3.0611 0.9385 0.3244
v 3.0611 0.9725 0.3237
v 3.0611 1.0066 0.3242
v 3.0611 1.0406 0.3266
v 3.0611 1.0746 0.3312
v 3.0611 1.1087 0.3375
v 3.0611 1.1427 0.3451
v 3.0611 1.1767 0.3533
v 3.0611 1.2107 0.3613
v 3.0611 1.2448 0.3686
v 3.0611 1.2788 0.3747
v 3.0611 1.3128 0.3794
v 3.0611 1.3469 0.3824
v 3.0611 1.3809 0.3835
v 3.0611 1.4149 0.3829
v 3.0611 1.4490 0.3803
v 3.0611 1.4830 0.3759
v 3.0611 1.5170 0.3697
v 3.0611 1.5510 0.3619
v 3.0611 1.5851 0.3525
v 3.0611 1.6191 0.3418
v 3.0611 1.6531 0.3298
v 3.0611 1.6872 0.3168
v 3.0611 1.7212 0.3029
v 3.0611 1.7552 0.2884
v 3.0611 1.7893 0.2735
v 3.0611 1.8233 0.2583
v 3.0611 1.8573 0.2430
v 3.0611 1.8913 0.2278
v 3.0611 1.9254 0.2129
v 3.0611 1.9594 0.1984
v 3.0611 1.9934 0.1845
v 3.0611 2.0275 0.1711
v 3.0611 2.0615 0.1584
v 3.0611 2.0955 0.1466
v 3.0611 2.1296 0.1355
v 3.0611 2.1636 0.1253
v 3.0611 2.1976 0.1159
v 3.0611 2.2316 0.1073
v 3.0611 2.2657 0.0996
v 3.0611 2.2997 0.0927
v 3.0611 2.3337 0.0865
v 3.0611 2.3678 0.0811
v 3.0611 2.4018 0.0763
v 3.0611 2.4358 0.0721
v 3.0611 2.4699 0.0685
v 3.0611 2.5039 0.0654
v 3.0611 2.5379 0.0627
v 3.0611 2.5719 0.0605
v 3.0611 2.6060 0.0585
v 3.0611 2.6400 0.0569
v 3.0947 0.3600 0.0756
v 3.0947 0.3940 0.0814
v 3.0947 0.4281 0.0888
v 3.0947 0.4621 0.0982
v 3.0947 0.4961 0.1104
v 3.0947 0.5301 0.1256
v 3.0947 0.5642 0.1442
v 3.0947 0.5982 0.1662
v 3.0947 0.6322 0.1907
v 3.0947 0.6663 0.2167
v 3.0947 0.7003 0.2424
v 3.0947 0.7343 0.2659
v 3.0947 0.7684 0.2856
v 3.0947 0.8024 0.3003
v 3.0947 0.8364 0.3097
v 3.0947 0.8704 0.3144
v 3.0947 0.9045 0.3157
v 3.0947 0.9385 0.3152
v 3.0947 0.9725 0.3145
v 3.0947 1.0066 0.3150
v 3.0947 1.0406 0.3173
v 3.0947 1.0746 0.3217
v 3.0947 1.1087 0.3279
v 3.0947 1.1427 0.3352
v 3.0947 1.1767 0.3431
v 3.0947 1.2107 0.3508
v 3.0947 1.2448 0.3579
v 3.0947 1.2788 0.3638
v 3.0947 1.3128 0.3683
v 3.0947 1.3469 0.3712
v 3.0947 1.3809 0.3723
v 3.0947 1.4149 0.3717
v 3.0947 1.4490 0.3692
v 3.0947 1.4830 0.3649
v 3.0947 1.5170 0.3590
v 3.0947 1.5510 0.3514
v 3.0947 1.5851 0.3424
v 3.0947 1.6191 0.3320
v 3.0947 1.6531 0.3204
v 3.0947 1.6872 0.3078
v 3.0947 1.7212 0.2944
v 3.0947 1.7552 0.2804
v 3.0947 1.7893 0.2660
v 3.0947 1.8233 0.2513
v 3.0947 1.8573 0.2365
v 3.0947 1.8913 0.2219
v 3.0947 1.9254 0.2075
v 3.0947 1.9594 0.1934
v 3.0947 1.9934 0.1799
v 3.0947 2.0275 0.1670
v 3.0947 2.0615 0.1548
v 3.0947 2.0955 0.1433
v 3.0947 2.1296 0.1326
v 3.0947 2.1636 0.1227
v 3.0947 2.1976 0.1137
v 3.0947 2.2316 0.1054
v 3.0947 2.2657 0.0980
v 3.0947 2.2997 0.0913
v 3.0947 2.3337 0.0853
v 3.0947 2.3678 0.0800
v 3.0947 2.4018 0.0754
v 3.0947 2.4358 0.0714
v 3.0947 2.4699 0.0679
v 3.0947 2.5039 0.0649
v 3.0947 2.5379 0.0623
v 3.0947 2.5719 0.0601
v 3.0947 2.6060 0.0583
v 3.0947 2.6400 0.0567
v 3.1284 0.3600 0.0747
v 3.1284 0.3940 0.0803
v 3.1284 0.4281 0.0874
v 3.1284 0.4621 0.0965
v 3.1284 0.4961 0.1082
v 3.1284 0.5301 0.1229
v 3.1284 0.5642 0.1409
v 3.1284 0.5982 0.1620
v 3.1284 0.6322 0.1857
v 3.1284 0.6663 0.2108
v 3.1284 0.7003 0.2356
v 3.1284 0.7343 0.2583
v 3.1284 0.7684 0.2772
v 3.1284 0.8024 0.2914
v 3.1284 0.8364 0.3005
v 3.1284 0.8704 0.3050
v 3.1284 0.9045 0.3062
v 3.1284 0.9385 0.3056
v 3.1284 0.9725 0.3050
v 3.1284 1.0066 0.3054
v 3.1284 1.0406 0.3077
v 3.1284 1.0746 0.3119
v 3.1284 1.1087 0.3178
v 3.1284 1.1427 0.3249
v 3.1284 1.1767 0.3325
v 3.1284 1.2107 0.3399
v 3.1284 1.2448 0.3467
v 3.1284 1.2788 0.3524
v 3.1284 1.3128 0.3568
v 3.1284 1.3469 0.3595
v 3.1284 1.3809 0.3606
v 3.1284 1.4149 0.3600
v 3.1284 1.4490 0.3576
v 3.1284 1.4830 0.3535
v 3.1284 1.5170 0.3478
v 3.1284 1.5510 0.3405
v 3.1284 1.5851 0.3317
v 3.1284 1.6191 0.3217
v 3.1284 1.6531 0.3106
v 3.1284 1.6872 0.2984
v 3.1284 1.7212 0.2855
v 3.1284 1.7552 0.2720
v 3.1284 1.7893 0.2581
v 3.1284 1.8233 0.2440
v 3.1284 1.8573 0.2298
v 3.1284 1.8913 0.2156
v 3.1284 1.9254 0.2017
v 3.1284 1.9594 0.1882
v 3.1284 1.9934 0.1752
v 3.1284 2.0275 0.1628
v 3.1284 2.0615 0.1510
v 3.1284 2.0955 0.1399
v 3.1284 2.1296 0.1296
v 3.1284 2.1636 0.1201
v 3.1284 2.1976 0.1113
v 3.1284 2.2316 0.1034
v 3.1284 2.2657 0.0962
v 3.1284 2.2997 0.0898
v 3.1284 2.3337 0.0840
v 3.1284 2.3678 0.0789
v 3.1284 2.4018 0.0745
v 3.1284 2.4358 0.0706
v 3.1284 2.4699 0.0672
v 3.1284 2.5039 0.0643
v 3.1284 2.5379 0.0618
v 3.1284 2.5719 0.0597
v 3.1284 2.6060 0.0580
v 3.1284 2.6400 0.0565
v 3.1621 0.3600 0.0737
v 3.1621 0.3940 0.0791
v 3.1621 0.4281 0.0859
v 3.1621 0.4621 0.0947
v 3.1621 0.4961 0.1060
v 3.1621 0.5301 0.1201
v 3.1621 0.5642 0.1374
v 3.1621 0.5982 0.1578
v 3.1621 0.6322 0.1806
v 3.1621 0.6663 0.2047
v 3.1621 0.7003 0.2286
v 3.1621 0.7343 0.2505
v 3.1621 0.7684 0.2687
v 3.1621 0.8024 0.2824
v 3.1621 0.8364 0.2910
v 3.1621 0.8704 0.2953
v 3.1621 0.9045 0.2964
v 3.1621 0.9385 0.2959
v 3.1621 0.9725 0.2952
v 3.1621 1.0066 0.2956
v 3.1621 1.0406 0.2977
v 3.1621 1.0746 0.3017
v 3.1621 1.1087 0.3074
v 3.1621 1.1427 0.3142
v 3.1621 1.1767 0.3214
v 3.1621 1.2107 0.3286
v 3.1621 1.2448 0.3351
v 3.1621 1.2788 0.3406
v 3.1621 1.3128 0.3448
v 3.1621 1.3469 0.3474
v 3.1621 1.3809 0.3485
v 3.1621 1.4149 0.3479
v 3.1621 1.4490 0.3456
v 3.1621 1.4830 0.3416
v 3.1621 1.5170 0.3361
v 3.1621 1.5510 0.3291
v 3.1621 1.5851 0.3207
v 3.1621 1.6191 0.3111
v 3.1621 1.6531 0.3004
v 3.1621 1.6872 0.2887
v 3.1621 1.7212 0.2763
v 3.1621 1.7552 0.2634
v 3.1621 1.7893 0.2500
v 3.1621 1.8233 0.2364
v 3.1621 1.8573 0.2227
v 3.1621 1.8913 0.2092
v 3.1621 1.9254 0.1958
v 3.1621 1.9594 0.1828
v 3.1621 1.9934 0.1703
v 3.1621 2.0275 0.1584
v 3.1621 2.0615 0.1470
v 3.1621 2.0955 0.1364
v 3.1621 2.1296 0.1265
v 3.1621 2.1636 0.1173
v 3.1621 2.1976 0.1090
v 3.1621 2.2316 0.1013
v 3.1621 2.2657 0.0944
v 3.1621 2.2997 0.0882
v 3.1621 2.3337 0.0827
v 3.1621 2.3678 0.0778
v 3.1621 2.4018 0.0735
v 3.1621 2.4358 0.0698
v 3.1621 2.4699 0.0665
v 3.1621 2.5039 0.0638
v 3.1621 2.5379 0.0614
v 3.1621 2.5719 0.0594
v 3.1621 2.6060 0.0576
v 3.1621 2.6400 0.0562
v 3.1958 0.3600 0.0727
v 3.1958 0.3940 0.0779
v 3.1958 0.4281 0.0845
v 3.1958 0.4621 0.0929
v 3.1958 0.4961 0.1037
v 3.1958 0.5301 0.1173
v 3.1958 0.5642 0.1339
v 3.1958 0.5982 0.1535
v 3.1958 0.6322 0.1755
v 3.1958 0.6663 0.1986
v 3.1958 0.7003 0.2216
v 3.1958 0.7343 0.2426
v 3.1958 0.7684 0.2601
v 3.1958 0.8024 0.2732
v 3.1958 0.8364 0.2815
v 3.1958 0.8704 0.2856
v 3.1958 0.9045 0.2865
v 3.1958 0.9385 0.2859
v 3.1958 0.9725 0.2852
v 3.1958 1.0066 0.2855
v 3.1958 1.0406 0.2875
v 3.1958 1.0746 0.2913
v 3.1958 1.1087 0.2967
v 3.1958 1.1427 0.3032
v 3.1958 1.1767 0.3101
v 3.1958 1.2107 0.3170
v 3.1958 1.2448 0.3232
v 3.1958 1.2788 0.3285
v 3.1958 1.3128 0.3325
v 3.1958 1.3469 0.3350
v 3.1958 1.3809 0.3360
v 3.1958 1.4149 0.3354
v 3.1958 1.4490 0.3332
v 3.1958 1.4830 0.3295
v 3.1958 1.5170 0.3242
v 3.1958 1.5510 0.3174
v 3.1958 1.5851 0.3094
v 3.1958 1.6191 0.3002
v 3.1958 1.6531 0.2899
v 3.1958 1.6872 0.2788
v 3.1958 1.7212 0.2669
v 3.1958 1.7552 0.2544
v 3.1958 1.7893 0.2416
v 3.1958 1.8233 0.2286
v 3.1958 1.8573 0.2155
v 3.1958 1.8913 0.2025
v 3.1958 1.9254 0.1897
v 3.1958 1.9594 0.1773
v 3.1958 1.9934 0.1653
v 3.1958 2.0275 0.1538
v 3.1958 2.0615 0.1430
v 3.1958 2.0955 0.1328
v 3.1958 2.1296 0.1233
v 3.1958 2.1636 0.1145
v 3.1958 2.1976 0.1065
v 3.1958 2.2316 0.0992
v 3.1958 2.2657 0.0925
v 3.1958 2.2997 0.0866
v 3.1958 2.3337 0.0813
v 3.1958 2.3678 0.0766
v 3.1958 2.4018 0.0725
v 3.1958 2.4358 0.0690
v 3.1958 2.4699 0.0659
v 3.1958 2.5039 0.0632
v 3.1958 2.5379 0.0609
v 3.1958 2.5719 0.0590
v 3.1958 2.6060 0.0573
v 3.1958 2.6400 0.0560
v 3.2295 0.3600 0.0717
v 3.2295 0.3940 0.0767
v 3.2295 0.4281 0.0830
v 3.2295 0.4621 0.0910
v 3.2295 0.4961 0.1014
v 3.2295 0.5301 0.1144
v 3.2295 0.5642 0.1304
v 3.2295 0.5982 0.1492
v 3.2295 0.6322 0.1702
v 3.2295 0.6663 0.1925
v 3.2295 0.7003 0.2145
v 3.2295 0.7343 0.2347
v 3.2295 0.7684 0.2515
v 3.2295 0.8024 0.2640
v 3.2295 0.8364 0.2719
v 3.2295 0.8704 0.2757
v 3.2295 0.9045 0.2765
v 3.2295 0.9385 0.2759
v 3.2295 0.9725 0.2751
v 3.2295 1.0066 0.2753
v 3.2295 1.0406 0.2771
v 3.2295 1.0746 0.2807
v 3.2295 1.1087 0.2858
v 3.2295 1.1427 0.2919
v 3.2295 1.1767 0.2986
v 3.2295 1.2107 0.3051
v 3.2295 1.2448 0.3110
v 3.2295 1.2788 0.3161
v 3.2295 1.3128 0.3199
v 3.2295 1.3469 0.3223
v 3.2295 1.3809 0.3233
v 3.2295 1.4149 0.3227
v 3.2295 1.4490 0.3206
v 3.2295 1.4830 0.3170
v 3.2295 1.5170 0.3120
v 3.2295 1.5510 0.3055
v 3.2295 1.5851 0.2979
v 3.2295 1.6191 0.2890
v 3.2295 1.6531 0.2792
v 3.2295 1.6872 0.2686
v 3.2295 1.7212 0.2572
v 3.2295 1.7552 0.2453
v 3.2295 1.7893 0.2331
v 3.2295 1.8233 0.2207
v 3.2295 1.8573 0.2081
v 3.2295 1.8913 0.1957
v 3.2295 1.9254 0.1835
v 3.2295 1.9594 0.1716
v 3.2295 1.9934 0.1602
v 3.2295 2.0275 0.1492
v 3.2295 2.0615 0.1388
v 3.2295 2.0955 0.1291
v 3.2295 2.1296 0.1200
v 3.2295 2.1636 0.1117
v 3.2295 2.1976 0.1040
v 3.2295 2.2316 0.0970
v 3.2295 2.2657 0.0907
v 3.2295 2.2997 0.0850
v 3.2295 2.3337 0.0799
v 3.2295 2.3678 0.0755
v 3.2295 2.4018 0.0715
v 3.2295 2.4358 0.0681
v 3.2295 2.4699 0.0651
v 3.2295 2.5039 0.0626
v 3.2295 2.5379 0.0604
v 3.2295 2.5719 0.0586
v 3.2295 2.6060 0.0570
v 3.2295 2.6400 0.0557
v 3.2632 0.3600 0.0707
v 3.2632 0.3940 0.0754
v 3.2632 0.4281 0.0814
v 3.2632 0.4621 0.0892
v 3.2632 0.4961 0.0991
v 3.2632 0.5301 0.1116
v 3.2632 0.5642 0.1269
v 3.2632 0.5982 0.1449
v 3.2632 0.6322 0.1650
v 3.2632 0.6663 0.1864
v 3.2632 0.7003 0.2074
v 3.2632 0.7343 0.2267
v 3.2632 0.7684 0.2428
v 3.2632 0.8024 0.2547
v 3.2632 0.8364 0.2622
v 3.2632 0.8704 0.2657
v 3.2632 0.9045 0.2665
v 3.2632 0.9385 0.2657
v 3.2632 0.9725 0.2648
v 3.2632 1.0066 0.2649
v 3.2632 1.0406 0.2666
v 3.2632 1.0746 0.2699
v 3.2632 1.1087 0.2747
v 3.2632 1.1427 0.2806
v 3.2632 1.1767 0.2868
v 3.2632 1.2107 0.2931
v 3.2632 1.2448 0.2987
v 3.2632 1.2788 0.3035
v 3.2632 1.3128 0.3071
v 3.2632 1.3469 0.3095
v 3.2632 1.3809 0.3104
v 3.2632 1.4149 0.3098
v 3.2632 1.4490 0.3078
v 3.2632 1.4830 0.3044
v 3.2632 1.5170 0.2996
v 3.2632 1.5510 0.2935
v 3.2632 1.5851 0.2862
v 3.2632 1.6191 0.2778
v 3.2632 1.6531 0.2684
v 3.2632 1.6872 0.2583
v 3.2632 1.7212 0.2474
v 3.2632 1.7552 0.2361
v 3.2632 1.7893 0.2245
v 3.2632 1.8233 0.2126
v 3.2632 1.8573 0.2007
v 3.2632 1.8913 0.1888
v 3.2632 1.9254 0.1772
v 3.2632 1.9594 0.1659
v 3.2632 1.9934 0.1550
v 3.2632 2.0275 0.1445
v 3.2632 2.0615 0.1347
v 3.2632 2.0955 0.1254
v 3.2632 2.1296 0.1167
v 3.2632 2.1636 0.1088
v 3.2632 2.1976 0.1014
v 3.2632 2.2316 0.0948
v 3.2632 2.2657 0.0887
v 3.2632 2.2997 0.0833
v 3.2632 2.3337 0.0785
v 3.2632 2.3678 0.0743
v 3.2632 2.4018 0.0705
v 3.2632 2.4358 0.0673
v 3.2632 2.4699 0.0644
v 3.2632 2.5039 0.0620
v 3.2632 2.5379 0.0599
v 3.2632 2.5719 0.0582
v 3.2632 2.6060 0.0567
v 3.2632 2.6400 0.0554
v 3.2968 0.3600 0.0697
v 3.2968 0.3940 0.0742
v 3.2968 0.4281 0.0799
v 3.2968 0.4621 0.0873
v 3.2968 0.4961 0.0968
v 3.2968 0.5301 0.1087
v 3.2968 0.5642 0.1233
v 3.2968 0.5982 0.1405
v 3.2968 0.6322 0.1598
v 3.2968 0.6663 0.1802
v 3.2968 0.7003 0.2004
v 3.2968 0.7343 0.2188
v 3.2968 0.7684 0.2341
v 3.2968 0.8024 0.2454
v 3.2968 0.8364 0.2525
v 3.2968 0.8704 0.2558
v 3.2968 0.9045 0.2564
v 3.2968 0.9385 0.2555
v 3.2968 0.9725 0.2546
v 3.2968 1.0066 0.2545
v 3.2968 1.0406 0.2560
v 3.2968 1.0746 0.2591
v 3.2968 1.1087 0.2636
v 3.2968 1.1427 0.2691
v 3.2968 1.1767 0.2751
v 3.2968 1.2107 0.2809
v 3.2968 1.2448 0.2863
v 3.2968 1.2788 0.2909
v 3.2968 1.3128 0.2943
v 3.2968 1.3469 0.2965
v 3.2968 1.3809 0.2974
v 3.2968 1.4149 0.2969
v 3.2968 1.4490 0.2950
v 3.2968 1.4830 0.2917
v 3.2968 1.5170 0.2871
v 3.2968 1.5510 0.2813
v 3.2968 1.5851 0.2744
v 3.2968 1.6191 0.2664
v 3.2968 1.6531 0.2575
v 3.2968 1.6872 0.2479
v 3.2968 1.7212 0.2376
v 3.2968 1.7552 0.2268
v 3.2968 1.7893 0.2158
v 3.2968 1.8233 0.2045
v 3.2968 1.8573 0.1932
v 3.2968 1.8913 0.1819
v 3.2968 1.9254 0.1709
v 3.2968 1.9594 0.1601
v 3.2968 1.9934 0.1497
v 3.2968 2.0275 0.1398
v 3.2968 2.0615 0.1304
v 3.2968 2.0955 0.1216
v 3.2968 2.1296 0.1134
v 3.2968 2.1636 0.1058
v 3.2968 2.1976 0.0989
v 3.2968 2.2316 0.0925
v 3.2968 2.2657 0.0868
v 3.2968 2.2997 0.0817
v 3.2968 2.3337 0.0771
v 3.2968 2.3678 0.0730
v 3.2968 2.4018 0.0695
v 3.2968 2.4358 0.0664
v 3.2968 2.4699 0.0637
v 3.2968 2.5039 0.0614
v 3.2968 2.5379 0.0594
v 3.2968 2.5719 0.0578
v 3.2968 2.6060 0.0563
v 3.2968 2.6400 0.0551
v 3.3305 0.3600 0.0687
v 3.3305 0.3940 0.0729
v 3.3305 0.4281 0.0784
v 3.3305 0.4621 0.0854
v 3.3305 0.4961 0.0944
v 3.3305 0.5301 0.1058
v 3.3305 0.5642 0.1198
v 3.3305 0.5982 0.1362
v 3.3305 0.6322 0.1546
v 3.3305 0.6663 0.1741
v 3.3305 0.7003 0.1933
v 3.3305 0.7343 0.2109
v 3.3305 0.7684 0.2255
v 3.3305 0.8024 0.2362
v 3.3305 0.8364 0.2429
v 3.3305 0.8704 0.2459
v 3.3305 0.9045 0.2463
v 3.3305 0.9385 0.2454
v 3.3305 0.9725 0.2443
v 3.3305 1.0066 0.2441
v 3.3305 1.0406 0.2454
v 3.3305 1.0746 0.2483
v 3.3305 1.1087 0.2525
v 3.3305 1.1427 0.2576
v 3.3305 1.1767 0.2633
v 3.3305 1.2107 0.2688
v 3.3305 1.2448 0.2739
v 3.3305 1.2788 0.2782
v 3.3305 1.3128 0.2815
v 3.3305 1.3469 0.2836
v 3.3305 1.3809 0.2844
v 3.3305 1.4149 0.2839
v 3.3305 1.4490 0.2821
v 3.3305 1.4830 0.2790
v 3.3305 1.5170 0.2747
v 3.3305 1.5510 0.2692
v 3.3305 1.5851 0.2626
v 3.3305 1.6191 0.2550
v 3.3305 1.6531 0.2466
v 3.3305 1.6872 0.2375
v 3.3305 1.7212 0.2277
v 3.3305 1.7552 0.2175
v 3.3305 1.7893 0.2070
v 3.3305 1.8233 0.1964
v 3.3305 1.8573 0.1856
v 3.3305 1.8913 0.1750
v 3.3305 1.9254 0.1645
v 3.3305 1.9594 0.1543
v 3.3305 1.9934 0.1445
v 3.3305 2.0275 0.1351
v 3.3305 2.0615 0.1262
v 3.3305 2.0955 0.1178
v 3.3305 2.1296 0.1101
v 3.3305 2.1636 0.1029
v 3.3305 2.1976 0.0963
v 3.3305 2.2316 0.0903
v 3.3305 2.2657 0.0849
v 3.3305 2.2997 0.0800
v 3.3305 2.3337 0.0757
v 3.3305 2.3678 0.0718
v 3.3305 2.4018 0.0685
v 3.3305 2.4358 0.0655
v 3.3305 2.4699 0.0630
v 3.3305 2.5039 0.0608
v 3.3305 2.5379 0.0589
v 3.3305 2.5719 0.0573
v 3.3305 2.6060 0.0560
v 3.3305 2.6400 0.0549
v 3.3642 0.3600 0.0676
v 3.3642 0.3940 0.0717
v 3.3642 0.4281 0.0769
v 3.3642 0.4621 0.0835
v 3.3642 0.4961 0.0921
v 3.3642 0.5301 0.1030
v 3.3642 0.5642 0.1163
v 3.3642 0.5982 0.1319
v 3.3642 0.6322 0.1495
v 3.3642 0.6663 0.1680
v 3.3642 0.7003 0.1863
v 3.3642 0.7343 0.2030
v 3.3642 0.7684 0.2169
v 3.3642 0.8024 0.2271
v 3.3642 0.8364 0.2333
v 3.3642 0.8704 0.2361
v 3.3642 0.9045 0.2363
v 3.3642 0.9385 0.2353
v 3.3642 0.9725 0.2341
v 3.3642 1.0066 0.2338
v 3.3642 1.0406 0.2349
v 3.3642 1.0746 0.2375
v 3.3642 1.1087 0.2414
v 3.3642 1.1427 0.2462
v 3.3642 1.1767 0.2515
v 3.3642 1.2107 0.2567
v 3.3642 1.2448 0.2615
v 3.3642 1.2788 0.2656
v 3.3642 1.3128 0.2687
v 3.3642 1.3469 0.2706
v 3.3642 1.3809 0.2714
v 3.3642 1.4149 0.2710
v 3.3642 1.4490 0.2693
v 3.3642 1.4830 0.2663
v 3.3642 1.5170 0.2622
v 3.3642 1.5510 0.2570
v 3.3642 1.5851 0.2508
v 3.3642 1.6191 0.2437
v 3.3642 1.6531 0.2357
v 3.3642 1.6872 0.2271
v 3.3642 1.7212 0.2179
v 3.3642 1.7552 0.2083
v 3.3642 1.7893 0.1984
v 3.3642 1.8233 0.1883
v 3.3642 1.8573 0.1781
v 3.3642 1.8913 0.1681
v 3.3642 1.9254 0.1582
v 3.3642 1.9594 0.1485
v 3.3642 1.9934 0.1393
v 3.3642 2.0275 0.1304
v 3.3642 2.0615 0.1220
v 3.3642 2.0955 0.1141
v 3.3642 2.1296 0.1068
v 3.3642 2.1636 0.1000
v 3.3642 2.1976 0.0937
v 3.3642 2.2316 0.0881
v 3.3642 2.2657 0.0829
v 3.3642 2.2997 0.0783
v 3.3642 2.3337 0.0742
v 3.3642 2.3678 0.0706
v 3.3642 2.4018 0.0674
v 3.3642 2.4358 0.0647
v 3.3642 2.4699 0.0623
v 3.3642 2.5039 0.0602
v 3.3642 2.5379 0.0584
v 3.3642 2.5719 0.0569
v 3.3642 2.6060 0.0557
v 3.3642 2.6400 0.0546
v 3.3979 0.3600 0.0666
v 3.3979 0.3940 0.0705
v 3.3979 0.4281 0.0754
v 3.3979 0.4621 0.0817
v 3.3979 0.4961 0.0899
v 3.3979 0.5301 0.1001
v 3.3979 0.5642 0.1128
v 3.3979 0.5982 0.1277
v 3.3979 0.6322 0.1444
v 3.3979 0.6663 0.1620
v 3.3979 0.7003 0.1795
v 3.3979 0.7343 0.1953
v 3.3979 0.7684 0.2084
v 3.3979 0.8024 0.2180
v 3.3979 0.8364 0.2239
v 3.3979 0.8704 0.2264
v 3.3979 0.9045 0.2265
v 3.3979 0.9385 0.2253
v 3.3979 0.9725 0.2240
v 3.3979 1.0066 0.2236
v 3.3979 1.0406 0.2245
v 3.3979 1.0746 0.2268
v 3.3979 1.1087 0.2304
v 3.3979 1.1427 0.2349
v 3.3979 1.1767 0.2399
v 3.3979 1.2107 0.2448
v 3.3979 1.2448 0.2493
v 3.3979 1.2788 0.2531
v 3.3979 1.3128 0.2560
v 3.3979 1.3469 0.2579
v 3.3979 1.3809 0.2586
v 3.3979 1.4149 0.2582
v 3.3979 1.4490 0.2565
v 3.3979 1.4830 0.2538
v 3.3979 1.5170 0.2499
v 3.3979 1.5510 0.2450
v 3.3979 1.5851 0.2392
v 3.3979 1.6191 0.2325
v 3.3979 1.6531 0.2250
v 3.3979 1.6872 0.2168
v 3.3979 1.7212 0.2082
v 3.3979 1.7552 0.1991
v 3.3979 1.7893 0.1898
v 3.3979 1.8233 0.1802
v 3.3979 1.8573 0.1707
v 3.3979 1.8913 0.1612
v 3.3979 1.9254 0.1519
v 3.3979 1.9594 0.1428
v 3.3979 1.9934 0.1341
v 3.3979 2.0275 0.1257
v 3.3979 2.0615 0.1178
v 3.3979 2.0955 0.1104
v 3.3979 2.1296 0.1035
v 3.3979 2.1636 0.0971
v 3.3979 2.1976 0.0912
v 3.3979 2.2316 0.0859
v 3.3979 2.2657 0.0810
v 3.3979 2.2997 0.0767
v 3.3979 2.3337 0.0728
v 3.3979 2.3678 0.0694
v 3.3979 2.4018 0.0664
v 3.3979 2.4358 0.0638
v 3.3979 2.4699 0.0616
v 3.3979 2.5039 0.0596
v 3.3979 2.5379 0.0579
v 3.3979 2.5719 0.0565
v 3.3979 2.6060 0.0553
v 3.3979 2.6400 0.0543
v 3.4316 0.3600 0.0656
v 3.4316 0.3940 0.0693
v 3.4316 0.4281 0.0739
v 3.4316 0.4621 0.0799
v 3.4316 0.4961 0.0876
v 3.4316 0.5301 0.0974
v 3.4316 0.5642 0.1094
v 3.4316 0.5982 0.1235
v 3.4316 0.6322 0.1394
v 3.4316 0.6663 0.1562
v 3.4316 0.7003 0.1727
v 3.4316 0.7343 0.1877
v 3.4316 0.7684 0.2001
v 3.4316 0.8024 0.2092
v 3.4316 0.8364 0.2146
v 3.4316 0.8704 0.2168
v 3.4316 0.9045 0.2168
v 3.4316 0.9385 0.2155
v 3.4316 0.9725 0.2141
v 3.4316 1.0066 0.2135
v 3.4316 1.0406 0.2142
v 3.4316 1.0746 0.2163
v 3.4316 1.1087 0.2196
v 3.4316 1.1427 0.2238
v 3.4316 1.1767 0.2284
v 3.4316 1.2107 0.2330
v 3.4316 1.2448 0.2372
v 3.4316 1.2788 0.2408
v 3.4316 1.3128 0.2435
v 3.4316 1.3469 0.2453
v 3.4316 1.3809 0.2459
v 3.4316 1.4149 0.2455
v 3.4316 1.4490 0.2440
v 3.4316 1.4830 0.2414
v 3.4316 1.5170 0.2378
v 3.4316 1.5510 0.2332
v 3.4316 1.5851 0.2277
v 3.4316 1.6191 0.2214
v 3.4316 1.6531 0.2144
v 3.4316 1.6872 0.2067
v 3.4316 1.7212 0.1986
v 3.4316 1.7552 0.1901
v 3.4316 1.7893 0.1813
v 3.4316 1.8233 0.1724
v 3.4316 1.8573 0.1634
v 3.4316 1.8913 0.1545
v 3.4316 1.9254 0.1457
v 3.4316 1.9594 0.1372
v 3.4316 1.9934 0.1290
v 3.4316 2.0275 0.1211
v 3.4316 2.0615 0.1137
v 3.4316 2.0955 0.1067
v 3.4316 2.1296 0.1002
v 3.4316 2.1636 0.0942
v 3.4316 2.1976 0.0887
v 3.4316 2.2316 0.0837
v 3.4316 2.2657 0.0791
v 3.4316 2.2997 0.0751
v 3.4316 2.3337 0.0715
v 3.4316 2.3678 0.0683
v 3.4316 2.4018 0.0654
v 3.4316 2.4358 0.0630
v 3.4316 2.4699 0.0609
v 3.4316 2.5039 0.0590
v 3.4316 2.5379 0.0575
v 3.4316 2.5719 0.0561
v 3.4316 2.6060 0.0550
v 3.4316 2.6400 0.0541
v 3.4653 0.3600 0.0647
v 3.4653 0.3940 0.0681
v 3.4653 0.4281 0.0724
v 3.4653 0.4621 0.0781
v 3.4653 0.4961 0.0854
v 3.4653 0.5301 0.0947
v 3.4653 0.5642 0.1060
v 3.4653 0.5982 0.1194
v 3.4653 0.6322 0.1345
v 3.4653 0.6663 0.1504
v 3.4653 0.7003 0.1661
v 3.4653 0.7343 0.1803
v 3.4653 0.7684 0.1920
v 3.4653 0.8024 0.2005
v 3.4653 0.8364 0.2055
v 3.4653 0.8704 0.2075
v 3.4653 0.9045 0.2073
v 3.4653 0.9385 0.2059
v 3.4653 0.9725 0.2044
v 3.4653 1.0066 0.2037
v 3.4653 1.0406 0.2042
v 3.4653 1.0746 0.2060
v 3.4653 1.1087 0.2090
v 3.4653 1.1427 0.2129
v 3.4653 1.1767 0.2172
v 3.4653 1.2107 0.2214
v 3.4653 1.2448 0.2254
v 3.4653 1.2788 0.2287
v 3.4653 1.3128 0.2313
v 3.4653 1.3469 0.2329
v 3.4653 1.3809 0.2335
v 3.4653 1.4149 0.2332
v 3.4653 1.4490 0.2317
v 3.4653 1.4830 0.2293
v 3.4653 1.5170 0.2259
v 3.4653 1.5510 0.2216
v 3.4653 1.5851 0.2165
v 3.4653 1.6191 0.2105
v 3.4653 1.6531 0.2040
v 3.4653 1.6872 0.1968
v 3.4653 1.7212 0.1892
v 3.4653 1.7552 0.1812
v 3.4653 1.7893 0.1730
v 3.4653 1.8233 0.1646
v 3.4653 1.8573 0.1562
v 3.4653 1.8913 0.1479
v 3.4653 1.9254 0.1397
v 3.4653 1.9594 0.1317
v 3.4653 1.9934 0.1240
v 3.4653 2.0275 0.1166
v 3.4653 2.0615 0.1097
v 3.4653 2.0955 0.1031
v 3.4653 2.1296 0.0970
v 3.4653 2.1636 0.0914
v 3.4653 2.1976 0.0862
v 3.4653 2.2316 0.0815
v 3.4653 2.2657 0.0773
v 3.4653 2.2997 0.0735
v 3.4653 2.3337 0.0701
v 3.4653 2.3678 0.0671
v 3.4653 2.4018 0.0645
v 3.4653 2.4358 0.0622
v 3.4653 2.4699 0.0602
v 3.4653 2.5039 0.0585
v 3.4653 2.5379 0.0570
v 3.4653 2.5719 0.0558
v 3.4653 2.6060 0.0547
v 3.4653 2.6400 0.0538
v 3.4989 0.3600 0.0637
v 3.4989 0.3940 0.0669
v 3.4989 0.4281 0.0710
v 3.4989 0.4621 0.0764
v 3.4989 0.4961 0.0833
v 3.4989 0.5301 0.0920
v 3.4989 0.5642 0.1028
v 3.4989 0.5982 0.1155
v 3.4989 0.6322 0.1297
v 3.4989 0.6663 0.1448
v 3.4989 0.7003 0.1596
v 3.4989 0.7343 0.1730
v 3.4989 0.7684 0.1841
v 3.4989 0.8024 0.1920
v 3.4989 0.8364 0.1966
v 3.4989 0.8704 0.1984
v 3.4989 0.9045 0.1980
v 3.4989 0.9385 0.1965
v 3.4989 0.9725 0.1949
v 3.4989 1.0066 0.1940
v 3.4989 1.0406 0.1943
v 3.4989 1.0746 0.1959
v 3.4989 1.1087 0.1987
v 3.4989 1.1427 0.2022
v 3.4989 1.1767 0.2062
v 3.4989 1.2107 0.2102
v 3.4989 1.2448 0.2138
v 3.4989 1.2788 0.2169
v 3.4989 1.3128 0.2193
v 3.4989 1.3469 0.2208
v 3.4989 1.3809 0.2214
v 3.4989 1.4149 0.2211
v 3.4989 1.4490 0.2198
v 3.4989 1.4830 0.2175
v 3.4989 1.5170 0.2143
v 3.4989 1.5510 0.2103
v 3.4989 1.5851 0.2055
v 3.4989 1.6191 0.2000
v 3.4989 1.6531 0.1938
v 3.4989 1.6872 0.1871
v 3.4989 1.7212 0.1800
v 3.4989 1.7552 0.1725
v 3.4989 1.7893 0.1649
v 3.4989 1.8233 0.1571
v 3.4989 1.8573 0.1492
v 3.4989 1.8913 0.1414
v 3.4989 1.9254 0.1337
v 3.4989 1.9594 0.1263
v 3.4989 1.9934 0.1191
v 3.4989 2.0275 0.1122
v 3.4989 2.0615 0.1057
v 3.4989 2.0955 0.0996
v 3.4989 2.1296 0.0939
v 3.4989 2.1636 0.0887
v 3.4989 2.1976 0.0839
v 3.4989 2.2316 0.0795
v 3.4989 2.2657 0.0755
v 3.4989 2.2997 0.0719
v 3.4989 2.3337 0.0688
v 3.4989 2.3678 0.0660
v 3.4989 2.4018 0.0635
v 3.4989 2.4358 0.0614
v 3.4989 2.4699 0.0595
v 3.4989 2.5039 0.0579
v 3.4989 2.5379 0.0565
v 3.4989 2.5719 0.0554
v 3.4989 2.6060 0.0544
v 3.4989 2.6400 0.0536
v 3.5326 0.3600 0.0628
v 3.5326 0.3940 0.0658
v 3.5326 0.4281 0.0697
v 3.5326 0.4621 0.0747
v 3.5326 0.4961 0.0812
v 3.5326 0.5301 0.0894
v 3.5326 0.5642 0.0996
v 3.5326 0.5982 0.1116
v 3.5326 0.6322 0.1251
v 3.5326 0.6663 0.1393
v 3.5326 0.7003 0.1533
v 3.5326 0.7343 0.1660
v 3.5326 0.7684 0.1763
v 3.5326 0.8024 0.1837
v 3.5326 0.8364 0.1880
v 3.5326 0.8704 0.1895
v 3.5326 0.9045 0.1889
v 3.5326 0.9385 0.1873
v 3.5326 0.9725 0.1857
v 3.5326 1.0066 0.1847
v 3.5326 1.0406 0.1848
v 3.5326 1.0746 0.1862
v 3.5326 1.1087 0.1886
v 3.5326 1.1427 0.1919
v 3.5326 1.1767 0.1955
v 3.5326 1.2107 0.1992
v 3.5326 1.2448 0.2026
v 3.5326 1.2788 0.2055
v 3.5326 1.3128 0.2077
v 3.5326 1.3469 0.2091
v 3.5326 1.3809 0.2097
v 3.5326 1.4149 0.2093
v 3.5326 1.4490 0.2081
v 3.5326 1.4830 0.2060
v 3.5326 1.5170 0.2031
v 3.5326 1.5510 0.1993
v 3.5326 1.5851 0.1948
v 3.5326 1.6191 0.1897
v 3.5326 1.6531 0.1839
v 3.5326 1.6872 0.1777
v 3.5326 1.7212 0.1711
v 3.5326 1.7552 0.1641
v 3.5326 1.7893 0.1570
v 3.5326 1.8233 0.1497
v 3.5326 1.8573 0.1424
v 3.5326 1.8913 0.1351
v 3.5326 1.9254 0.1280
v 3.5326 1.9594 0.1211
v 3.5326 1.9934 0.1144
v 3.5326 2.0275 0.1080
v 3.5326 2.0615 0.1019
v 3.5326 2.0955 0.0962
v 3.5326 2.1296 0.0909
v 3.5326 2.1636 0.0860
v 3.5326 2.1976 0.0815
v 3.5326 2.2316 0.0774
v 3.5326 2.2657 0.0738
v 3.5326 2.2997 0.0704
v 3.5326 2.3337 0.0675
v 3.5326 2.3678 0.0649
v 3.5326 2.4018 0.0626
v 3.5326 2.4358 0.0606
v 3.5326 2.4699 0.0589
v 3.5326 2.5039 0.0574
v 3.5326 2.5379 0.0561
v 3.5326 2.5719 0.0550
v 3.5326 2.6060 0.0541
v 3.5326 2.6400 0.0533
v 3.5663 0.3600 0.0619
v 3.5663 0.3940 0.0647
v 3.5663 0.4281 0.0683
v 3.5663 0.4621 0.0730
v 3.5663 0.4961 0.0792
v 3.5663 0.5301 0.0869
v 3.5663 0.5642 0.0965
v 3.5663 0.5982 0.1078
v 3.5663 0.6322 0.1206
v 3.5663 0.6663 0.1340
v 3.5663 0.7003 0.1472
v 3.5663 0.7343 0.1591
v 3.5663 0.7684 0.1688
v 3.5663 0.8024 0.1757
v 3.5663 0.8364 0.1796
v 3.5663 0.8704 0.1809
v 3.5663 0.9045 0.1802
v 3.5663 0.9385 0.1785
v 3.5663 0.9725 0.1767
v 3.5663 1.0066 0.1756
v 3.5663 1.0406 0.1756
v 3.5663 1.0746 0.1767
v 3.5663 1.1087 0.1789
v 3.5663 1.1427 0.1819
v 3.5663 1.1767 0.1852
v 3.5663 1.2107 0.1886
v 3.5663 1.2448 0.1917
v 3.5663 1.2788 0.1944
v 3.5663 1.3128 0.1965
v 3.5663 1.3469 0.1978
v 3.5663 1.3809 0.1983
v 3.5663 1.4149 0.1980
v 3.5663 1.4490 0.1969
v 3.5663 1.4830 0.1949
v 3.5663 1.5170 0.1922
v 3.5663 1.5510 0.1887
v 3.5663 1.5851 0.1845
v 3.5663 1.6191 0.1797
v 3.5663 1.6531 0.1744
v 3.5663 1.6872 0.1686
v 3.5663 1.7212 0.1625
v 3.5663 1.7552 0.1560
v 3.5663 1.7893 0.1494
v 3.5663 1.8233 0.1426
v 3.5663 1.8573 0.1358
v 3.5663 1.8913 0.1291
v 3.5663 1.9254 0.1224
v 3.5663 1.9594 0.1160
v 3.5663 1.9934 0.1098
v 3.5663 2.0275 0.1038
v 3.5663 2.0615 0.0982
v 3.5663 2.0955 0.0929
v 3.5663 2.1296 0.0880
v 3.5663 2.1636 0.0835
v 3.5663 2.1976 0.0793
v 3.5663 2.2316 0.0755
v 3.5663 2.2657 0.0721
v 3.5663 2.2997 0.0690
v 3.5663 2.3337 0.0662
v 3.5663 2.3678 0.0638
v 3.5663 2.4018 0.0617
v 3.5663 2.4358 0.0598
v 3.5663 2.4699 0.0582
v 3.5663 2.5039 0.0568
v 3.5663 2.5379 0.0557
v 3.5663 2.5719 0.0546
v 3.5663 2.6060 0.0538
v 3.5663 2.6400 0.0531
v 3.6000 0.3600 0.0611
v 3.6000 0.3940 0.0637
v 3.6000 0.4281 0.0670
v 3.6000 0.4621 0.0715
v 3.6000 0.4961 0.0772
v 3.6000 0.5301 0.0845
v 3.6000 0.5642 0.0935
v 3.6000 0.5982 0.1042
v 3.6000 0.6322 0.1162
v 3.6000 0.6663 0.1288
v 3.6000 0.7003 0.1413
v 3.6000 0.7343 0.1525
v 3.6000 0.7684 0.1616
v 3.6000 0.8024 0.1680
v 3.6000 0.8364 0.1715
v 3.6000 0.8704 0.1726
v 3.6000 0.9045 0.1717
v 3.6000 0.9385 0.1700
v 3.6000 0.9725 0.1681
v 3.6000 1.0066 0.1669
v 3.6000 1.0406 0.1667
v 3.6000 1.0746 0.1676
v 3.6000 1.1087 0.1695
v 3.6000 1.1427 0.1722
v 3.6000 1.1767 0.1753
v 3.6000 1.2107 0.1784
v 3.6000 1.2448 0.1813
v 3.6000 1.2788 0.1838
v 3.6000 1.3128 0.1857
v 3.6000 1.3469 0.1869
v 3.6000 1.3809 0.1874
v 3.6000 1.4149 0.1871
v 3.6000 1.4490 0.1860
v 3.6000 1.4830 0.1842
v 3.6000 1.5170 0.1817
v 3.6000 1.5510 0.1784
v 3.6000 1.5851 0.1746
v 3.6000 1.6191 0.1701
v 3.6000 1.6531 0.1652
v 3.6000 1.6872 0.1599
v 3.6000 1.7212 0.1541
v 3.6000 1.7552 0.1482
v 3.6000 1.7893 0.1420
v 3.6000 1.8233 0.1358
v 3.6000 1.8573 0.1295
v 3.6000 1.8913 0.1232
v 3.6000 1.9254 0.1171
v 3.6000 1.9594 0.1111
v 3.6000 1.9934 0.1054
v 3.6000 2.0275 0.0999
v 3.6000 2.0615 0.0947
v 3.6000 2.0955 0.0898
v 3.6000 2.1296 0.0852
v 3.6000 2.1636 0.0810
v 3.6000 2.1976 0.0771
v 3.6000 2.2316 0.0736
v 3.6000 2.2657 0.0704
v 3.6000 2.2997 0.0676
v 3.6000 2.3337 0.0650
v 3.6000 2.3678 0.0628
v 3.6000 2.4018 0.0608
v 3.6000 2.4358 0.0591
v 3.6000 2.4699 0.0576
v 3.6000 2.5039 0.0563
v 3.6000 2.5379 0.0552
v 3.6000 2.5719 0.0543
v 3.6000 2.6060 0.0535
v 3.6000 2.6400 0.0529
v 0.4337 0.3600 0.0000
v 0.4000 0.3600 0.0000
v 0.4337 2.6400 0.0000
v 0.4000 2.6400 0.0000
v 0.4674 0.3600 0.0000
v 0.4674 2.6400 0.0000
v 0.5011 0.3600 0.0000
v 0.5011 2.6400 0.0000
v 0.5347 0.3600 0.0000
v 0.5347 2.6400 0.0000
v 0.5684 0.3600 0.0000
v 0.5684 2.6400 0.0000
v 0.6021 0.3600 0.0000
v 0.6021 2.6400 0.0000
v 0.6358 0.3600 0.0000
v 0.6358 2.6400 0.0000
v 0.6695 0.3600 0.0000
v 0.6695 2.6400 0.0000
v 0.7032 0.3600 0.0000
v 0.7032 2.6400 0.0000
v 0.7368 0.3600 0.0000
v 0.7368 2.6400 0.0000
v 0.7705 0.3600 0.0000
v 0.7705 2.6400 0.0000
v 0.8042 0.3600 0.0000
v 0.8042 2.6400 0.0000
v 0.8379 0.3600 0.0000
v 0.8379 2.6400 0.0000
v 0.8716 0.3600 0.0000
v 0.8716 2.6400 0.0000
v 0.9053 0.3600 0.0000
v 0.9053 2.6400 0.0000
v 0.9389 0.3600 0.0000
v 0.9389 2.6400 0.0000
v 0.9726 0.3600 0.0000
v 0.9726 2.6400 0.0000
v 1.0063 0.3600 0.0000
v 1.0063 2.6400 0.0000
v 1.0400 0.3600 0.0000
v 1.0400 2.6400 0.0000
v 1.0737 0.3600 0.0000
v 1.0737 2.6400 0.0000
v 1.1074 0.3600 0.0000
v 1.1074 2.6400 0.0000
v 1.1411 0.3600 0.0000
v 1.1411 2.6400 0.0000
v 1.1747 0.3600 0.0000
v 1.1747 2.6400 0.0000
v 1.2084 0.3600 0.0000
v 1.2084 2.6400 0.0000
v 1.2421 0.3600 0.0000
v 1.2421 2.6400 0.0000
v 1.2758 0.3600 0.0000
v 1.2758 2.6400 0.0000
v 1.3095 0.3600 0.0000
v 1.3095 2.6400 0.0000
v 1.3432 0.3600 0.0000
v 1.3432 2.6400 0.0000
v 1.3768 0.3600 0.0000
v 1.3768 2.6400 0.0000
v 1.4105 0.3600 0.0000
v 1.4105 2.6400 0.0000
v 1.4442 0.3600 0.0000
v 1.4442 2.6400 0.0000
v 1.4779 0.3600 0.0000
v 1.4779 2.6400 0.0000
v 1.5116 0.3600 0.0000
v 1.5116 2.6400 0.0000
v 1.5453 0.3600 0.0000
v 1.5453 2.6400 0.0000
v 1.5789 0.3600 0.0000
v 1.5789 2.6400 0.0000
v 1.6126 0.3600 0.0000
v 1.6126 2.6400 0.0000
v 1.6463 0.3600 0.0000
v 1.6463 2.6400 0.0000
v 1.6800 0.3600 0.0000
v 1.6800 2.6400 0.0000
v 1.7137 0.3600 0.0000
v 1.7137 2.6400 0.0000
v 1.7474 0.3600 0.0000
v 1.7474 2.6400 0.0000
v 1.7811 0.3600 0.0000
v 1.7811 2.6400 0.0000
v 1.8147 0.3600 0.0000
v 1.8147 2.6400 0.0000
v 1.8484 0.3600 0.0000
v 1.8484 2.6400 0.0000
v 1.8821 0.3600 0.0000
v 1.8821 2.6400 0.0000
v 1.9158 0.3600 0.0000
v 1.9158 2.6400 0.0000
v 1.9495 0.3600 0.0000
v 1.9495 2.6400 0.0000
v 1.9832 0.3600 0.0000
v 1.9832 2.6400 0.0000
v 2.0168 0.3600 0.0000
v 2.0168 2.6400 0.0000
v 2.0505 0.3600 0.0000
v 2.0505 2.6400 0.0000
v 2.0842 0.3600 0.0000
v 2.0842 2.6400 0.0000
v 2.1179 0.3600 0.0000
v 2.1179 2.6400 0.0000
v 2.1516 0.3600 0.0000
v 2.1516 2.6400 0.0000
v 2.1853 0.3600 0.0000
v 2.1853 2.6400 0.0000
v 2.2189 0.3600 0.0000
v 2.2189 2.6400 0.0000
v 2.2526 0.3600 0.0000
v 2.2526 2.6400 0.0000
v 2.2863 0.3600 0.0000
v 2.2863 2.6400 0.0000
v 2.3200 0.3600 0.0000
v 2.3200 2.6400 0.0000
v 2.3537 0.3600 0.0000
v 2.3537 2.6400 0.0000
v 2.3874 0.3600 0.0000
v 2.3874 2.6400 0.0000
v 2.4211 0.3600 0.0000
v 2.4211 2.6400 0.0000
v 2.4547 0.3600 0.0000
v 2.4547 2.6400 0.0000
v 2.4884 0.3600 0.0000
v 2.4884 2.6400 0.0000
v 2.5221 0.3600 0.0000
v 2.5221 2.6400 0.0000
v 2.5558 0.3600 0.0000
v 2.5558 2.6400 0.0000
v 2.5895 0.3600 0.0000
v 2.5895 2.6400 0.0000
v 2.6232 0.3600 0.0000
v 2.6232 2.6400 0.0000
v 2.6568 0.3600 0.0000
v 2.6568 2.6400 0.0000
v 2.6905 0.3600 0.0000
v 2.6905 2.6400 0.0000
v 2.7242 0.3600 0.0000
v 2.7242 2.6400 0.0000
v 2.7579 0.3600 0.0000
v 2.7579 2.6400 0.0000
v 2.7916 0.3600 0.0000
v 2.7916 2.6400 0.0000
v 2.8253 0.3600 0.0000
v 2.8253 2.6400 0.0000
v 2.8589 0.3600 0.0000
v 2.8589 2.6400 0.0000
v 2.8926 0.3600 0.0000
v 2.8926 2.6400 0.0000
v 2.9263 0.3600 0.0000
v 2.9263 2.6400 0.0000
v 2.9600 0.3600 0.0000
v 2.9600 2.6400 0.0000
v 2.9937 0.3600 0.0000
v 2.9937 2.6400 0.0000
v 3.0274 0.3600 0.0000
v 3.0274 2.6400 0.0000
v 3.0611 0.3600 0.0000
v 3.0611 2.6400 0.0000
v 3.0947 0.3600 0.0000
v 3.0947 2.6400 0.0000
v 3.1284 0.3600 0.0000
v 3.1284 2.6400 0.0000
v 3.1621 0.3600 0.0000
v 3.1621 2.6400 0.0000
v 3.1958 0.3600 0.0000
v 3.1958 2.6400 0.0000
v 3.2295 0.3600 0.0000
v 3.2295 2.6400 0.0000
v 3.2632 0.3600 0.0000
v 3.2632 2.6400 0.0000
v 3.2968 0.3600 0.0000
v 3.2968 2.6400 0.0000
v 3.3305 0.3600 0.0000
v 3.3305 2.6400 0.0000
v 3.3642 0.3600 0.0000
v 3.3642 2.6400 0.0000
v 3.3979 0.3600 0.0000
v 3.3979 2.6400 0.0000
v 3.4316 0.3600 0.0000
v 3.4316 2.6400 0.0000
v 3.4653 0.3600 0.0000
v 3.4653 2.6400 0.0000
v 3.4989 0.3600 0.0000
v 3.4989 2.6400 0.0000
v 3.5326 0.3600 0.0000
v 3.5326 2.6400 0.0000
v 3.5663 0.3600 0.0000
v 3.5663 2.6400 0.0000
v 3.6000 0.3600 0.0000
v 3.6000 2.6400 0.0000
v 0.4000 0.3940 0.0000
v 3.6000 0.3940 0.0000
v 0.4000 0.4281 0.0000
v 3.6000 0.4281 0.0000
v 0.4000 0.4621 0.0000
v 3.6000 0.4621 0.0000
v 0.4000 0.4961 0.0000
v 3.6000 0.4961 0.0000
v 0.4000 0.5301 0.0000
v 3.6000 0.5301 0.0000
v 0.4000 0.5642 0.0000
v 3.6000 0.5642 0.0000
v 0.4000 0.5982 0.0000
v 3.6000 0.5982 0.0000
v 0.4000 0.6322 0.0000
v 3.6000 0.6322 0.0000
v 0.4000 0.6663 0.0000
v 3.6000 0.6663 0.0000
v 0.4000 0.7003 0.0000
v 3.6000 0.7003 0.0000
v 0.4000 0.7343 0.0000
v 3.6000 0.7343 0.0000
v 0.4000 0.7684 0.0000
v 3.6000 0.7684 0.0000
v 0.4000 0.8024 0.0000
v 3.6000 0.8024 0.0000
v 0.4000 0.8364 0.0000
v 3.6000 0.8364 0.0000
v 0.4000 0.8704 0.0000
v 3.6000 0.8704 0.0000
v 0.4000 0.9045 0.0000
v 3.6000 0.9045 0.0000
v 0.4000 0.9385 0.0000
v 3.6000 0.9385 0.0000
v 0.4000 0.9725 0.0000
v 3.6000 0.9725 0.0000
v 0.4000 1.0066 0.0000
v 3.6000 1.0066 0.0000
v 0.4000 1.0406 0.0000
v 3.6000 1.0406 0.0000
v 0.4000 1.0746 0.0000
v 3.6000 1.0746 0.0000
v 0.4000 1.1087 0.0000
v 3.6000 1.1087 0.0000
v 0.4000 1.1427 0.0000
v 3.6000 1.1427 0.0000
v 0.4000 1.1767 0.0000
v 3.6000 1.1767 0.0000
v 0.4000 1.2107 0.0000
v 3.6000 1.2107 0.0000
v 0.4000 1.2448 0.0000
v 3.6000 1.2448 0.0000
v 0.4000 1.2788 0.0000
v 3.6000 1.2788 0.0000
v 0.4000 1.3128 0.0000
v 3.6000 1.3128 0.0000
v 0.4000 1.3469 0.0000
v 3.6000 1.3469 0.0000
v 0.4000 1.3809 0.0000
v 3.6000 1.3809 0.0000
v 0.4000 1.4149 0.0000
v 3.6000 1.4149 0.0000
v 0.4000 1.4490 0.0000
v 3.6000 1.4490 0.0000
v 0.4000 1.4830 0.0000
v 3.6000 1.4830 0.0000
v 0.4000 1.5170 0.0000
v 3.6000 1.5170 0.0000
v 0.4000 1.5510 0.0000
v 3.6000 1.5510 0.0000
v 0.4000 1.5851 0.0000
v 3.6000 1.5851 0.0000
v 0.4000 1.6191 0.0000
v 3.6000 1.6191 0.0000
v 0.4000 1.6531 0.0000
v 3.6000 1.6531 0.0000
v 0.4000 1.6872 0.0000
v 3.6000 1.6872 0.0000
v 0.4000 1.7212 0.0000
v 3.6000 1.7212 0.0000
v 0.4000 1.7552 0.0000
v 3.6000 1.7552 0.0000
v 0.4000 1.7893 0.0000
v 3.6000 1.7893 0.0000
v 0.4000 1.8233 0.0000
v 3.6000 1.8233 0.0000
v 0.4000 1.8573 0.0000
v 3.6000 1.8573 0.0000
v 0.4000 1.8913 0.0000
v 3.6000 1.8913 0.0000
v 0.4000 1.9254 0.0000
v 3.6000 1.9254 0.0000
v 0.4000 1.9594 0.0000
v 3.6000 1.9594 0.0000
v 0.4000 1.9934 0.0000
v 3.6000 1.9934 0.0000
v 0.4000 2.0275 0.0000
v 3.6000 2.0275 0.0000
v 0.4000 2.0615 0.0000
v 3.6000 2.0615 0.0000
v 0.4000 2.0955 0.0000
v 3.6000 2.0955 0.0000
v 0.4000 2.1296 0.0000
v 3.6000 2.1296 0.0000
v 0.4000 2.1636 0.0000
v 3.6000 2.1636 0.0000
v 0.4000 2.1976 0.0000
v 3.6000 2.1976 0.0000
v 0.4000 2.2316 0.0000
v 3.6000 2.2316 0.0000
v 0.4000 2.2657 0.0000
v 3.6000 2.2657 0.0000
v 0.4000 2.2997 0.0000
v 3.6000 2.2997 0.0000
v 0.4000 2.3337 0.0000
v 3.6000 2.3337 0.0000
v 0.4000 2.3678 0.0000
v 3.6000 2.3678 0.0000
v 0.4000 2.4018 0.0000
v 3.6000 2.4018 0.0000
v 0.4000 2.4358 0.0000
v 3.6000 2.4358 0.0000
v 0.4000 2.4699 0.0000
v 3.6000 2.4699 0.0000
v 0.4000 2.5039 0.0000
v 3.6000 2.5039 0.0000
v 0.4000 2.5379 0.0000
v 3.6000 2.5379 0.0000
v 0.4000 2.5719 0.0000
v 3.6000 2.5719 0.0000
v 0.4000 2.6060 0.0000
v 3.6000 2.6060 0.0000
f 1 2 3 4
f 4 3 5 6
f 6 5 7 8
f 8 7 9 10
f 10 9 11 12
f 12 11 13 14
f 14 13 15 16
f 16 15 17 18
f 18 17 19 20
f 20 19 21 22
f 22 21 23 24
f 24 23 25 26
f 26 25 27 28
f 28 27 29 30
f 30 29 31 32
f 32 31 33 34
f 34 33 35 36
f 36 35 37 38
f 38 37 39 40
f 40 39 41 42
f 42 41 43 44
f 44 43 45 46
f 46 45 47 48
f 48 47 49 50
f 50 49 51 52
f 52 51 53 54
f 54 53 55 56
f 56 55 57 58
f 58 57 59 60
f 60 59 61 62
f 62 61 63 64
f 64 63 65 66
f 66 65 67 68
f 68 67 69 70
f 70 69 71 72
f 72 71 73 74
f 74 73 75 76
f 76 75 77 78
f 78 77 79 80
f 80 79 81 82
f 82 81 83 84
f 84 83 85 86
f 86 85 87 88
f 88 87 89 90
f 90 89 91 92
f 92 91 93 94
f 94 93 95 96
f 96 95 97 98
f 98 97 99 100
f 100 99 101 102
f 102 101 103 104
f 104 103 105 106
f 106 105 107 108
f 108 107 109 110
f 110 109 111 112
f 112 111 113 114
f 114 113 115 116
f 116 115 117 118
f 118 117 119 120
f 120 119 121 122
f 122 121 123 124
f 124 123 125 126
f 126 125 127 128
f 128 127 129 130
f 130 129 131 132
f 132 131 133 134
f 134 133 135 136
f 2 137 138 3
f 3 138 139 5
f 5 139 140 7
f 7 140 141 9
f 9 141 142 11
f 11 142 143 13
f 13 143 144 15
f 15 144 145 17
f 17 145 146 19
f 19 146 147 21
f 21 147 148 23
f 23 148 149 25
f 25 149 150 27
f 27 150 151 29
f 29 151 152 31
f 31 152 153 33
f 33 153 154 35
f 35 154 155 37
f 37 155 156 39
f 39 156 157 41
f 41 157 158 43
f 43 158 159 45
f 45 159 160 47
f 47 160 161 49
f 49 161 162 51
f 51 162 163 53
f 53 163 164 55
f 55 164 165 57
f 57 165 166 59
f 59 166 167 61
f 61 167 168 63
f 63 168 169 65
f 65 169 170 67
f 67 170 171 69
f 69 171 172 71
f 71 172 173 73
f 73 173 174 75
f 75 174 175 77
f 77 175 176 79
f 79 176 177 81
f 81 177 178 83
f 83 178 179 85
f 85 179 180 87
f 87 180 181 89
f 89 181 182 91
f 91 182 183 93
f 93 183 184 95
f 95 184 185 97
f 97 185 186 99
f 99 186 187 101
f 101 187 188 103
f 103 188 189 105
f 105 189 190 107
f 107 190 191 109
f 109 191 192 111
f 111 192 193 113
f 113 193 194 115
f 115 194 195 117
f 117 195 196 119
f 119 196 197 121
f 121 197 198 123
f 123 198 199 125
f 125 199 200 127
f 127 200 201 129
f 129 201 202 131
f 131 202 203 133
f 133 203 204 135
f 137 205 206 138
f 138 206 207 139
f 139 207 208 140
f 140 208 209 141
f 141 209 210 142
f 142 210 211 143
f 143 211 212 144
f 144 212 213 145
f 145 213 214 146
f 146 214 215 147
f 147 215 216 148
f 148 216 217 149
f 149 217 218 150
f 150 218 219 151
f 151 219 220 152
f 152 220 221 153
f 153 221 222 154
f 154 222 223 155
f 155 223 224 156
f 156 224 225 157
f 157 225 226 158
f 158 226 227 159
f 159 227 228 160
f 160 228 229 161
f 161 229 230 162
f 162 230 231 163
f 163 231 232 164
f 164 232 233 165
f 165 233 234 166
f 166 234 235 167
f 167 235 236 168
f 168 236 237 169
f 169 237 238 170
f 170 238 239 171
f 171 239 240 172
f 172 240 241 173
f 173 241 242 174
f 174 242 243 175
f 175 243 244 176
f 176 244 245 177
f 177 245 246 178
f 178 246 247 179
f 179 247 248 180
f 180 248 249 181
f 181 249 250 182
f 182 250 251 183
f 183 251 252 184
f 184 252 253 185
f 185 253 254 186
f 186 254 255 187
f 187 255 256 188
f 188 256 257 189
f 189 257 258 190
f 190 258 259 191
f 191 259 260 192
f 192 260 261 193
f 193 261 262 194
f 194 262 263 195
f 195 263 264 196
f 196 264 265 197
f 197 265 266 198
f 198 266 267 199
f 199 267 268 200
f 200 268 269 201
f 201 269 270 202
f 202 270 271 203
f 203 271 272 204
f 205 273 274 206
f 206 274 275 207
f 207 275 276 208
f 208 276 277 209
f 209 277 278 210
f 210 278 279 211
f 211 279 280 212
f 212 280 281 213
f 213 281 282 214
f 214 282 283 215
f 215 283 284 216
f 216 284 285 217
f 217 285 286 218
f 218 286 287 219
f 219 287 288 220
f 220 288 289 221
f 221 289 290 222
f 222 290 291 223
f 223 291 292 224
f 224 292 293 225
f 225 293 294 226
f 226 294 295 227
f 227 295 296 228
f 228 296 297 229
f 229 297 298 230
f 230 298 299 231
f 231 299 300 232
f 232 300 301 233
f 233 301 302 234
f 234 302 303 235
f 235 303 304 236
f 236 304 305 237
f 237 305 306 238
f 238 306 307 239
f 239 307 308 240
f 240 308 309 241
f 241 309 310 242
f 242 310 311 243
f 243 311 312 244
f 244 312 313 245
f 245 313 314 246
f 246 314 315 247
f 247 315 316 248
f 248 316 317 249
f 249 317 318 250
f 250 318 319 251
f 251 319 320 252
f 252 320 321 253
f 253 321 322 254
f 254 322 323 255
f 255 323 324 256
f 256 324 325 257
f 257 325 326 258
f 258 326 327 259
f 259 327 328 260
f 260 328 329 261
f 261 329 330 262
f 262 330 331 263
f 263 331 332 264
f 264 332 333 265
f 265 333 334 266
f 266 334 335 267
f 267 335 336 268
f 268 336 337 269
f 269 337 338 270
f 270 338 339 271
f 271 339 340 272
f 273 341 342 274
f 274 342 343 275
f 275 343 344 276
f 276 344 345 277
f 277 345 346 278
f 278 346 347 279
f 279 347 348 280
f 280 348 349 281
f 281 349 350 282
f 282 350 351 283
f 283 351 352 284
f 284 352 353 285
f 285 353 354 286
f 286 354 355 287
f 287 355 356 288
f 288 356 357 289
f 289 357 358 290
f 290 358 359 291
f 291 359 360 292
f 292 360 361 293
f 293 361 362 294
f 294 362 363 295
f 295 363 364 296
f 296 364 365 297
f 297 365 366 298
f 298 366 367 299
f 299 367 368 300
f 300 368 369 301
f 301 369 370 302
f 302 370 371 303
f 303 371 372 304
f 304 372 373 305
f 305 373 374 306
f 306 374 375 307
f 307 375 376 308
f 308 376 377 309
f 309 377 378 310
f 310 378 379 311
f 311 379 380 312
f 312 380 381 313
f 313 381 382 314
f 314 382 383 315
f 315 383 384 316
f 316 384 385 317
f 317 385 386 318
f 318 386 387 319
f 319 387 388 320
f 320 388 389 321
f 321 389 390 322
f 322 390 391 323
f 323 391 392 324
f 324 392 393 325
f 325 393 394 326
f 326 394 395 327
f 327 395 396 328
f 328 396 397 329
f 329 397 398 330
f 330 398 399 331
f 331 399 400 332
f 332 400 401 333
f 333 401 402 334
f 334 402 403 335
f 335 403 404 336
f 336 404 405 337
f 337 405 406 338
f 338 406 407 339
f 339 407 408 340
f 341 409 410 342
f 342 410 411 343
f 343 411 412 344
f 344 412 413 345
f 345 413 414 346
f 346 414 415 347
f 347 415 416 348
f 348 416 417 349
f 349 417 418 350
f 350 418 419 351
f 351 419 420 352
f 352 420 421 353
f 353 421 422 354
f 354 422 423 355
f 355 423 424 356
f 356 424 425 357
f 357 425 426 358
f 358 426 427 359
f 359 427 428 360
f 360 428 429 361
f 361 429 430 362
f 362 430 431 363
f 363 431 432 364
f 364 432 433 365
f 365 433 434 366
f 366 434 435 367
f 367 435 436 368
f 368 436 437 369
f 369 437 438 370
f 370 438 439 371
f 371 439 440 372
f 372 440 441 373
f 373 441 442 374
f 374 442 443 375
f 375 443 444 376
f 376 444 445 377
f 377 445 446 378
f 378 446 447 379
f 379 447 448 380
f 380 448 449 381
f 381 449 450 382
f 382 450 451 383
f 383 451 452 384
f 384 452 453 385
f 385 453 454 386
f 386 454 455 387
f 387 455 456 388
f 388 456 457 389
f 389 457 458 390
f 390 458 459 391
f 391 459 460 392
f 392 460 461 393
f 393 461 462 394
f 394 462 463 395
f 395 463 464 396
f 396 464 465 397
f 397 465 466 398
f 398 466 467 399
f 399 467 468 400
f 400 468 469 401
f 401 469 470 402
f 402 470 471 403
f 403 471 472 404
f 404 472 473 405
f 405 473 474 406
f 406 474 475 407
f 407 475 476 408
f 409 477 478 410
f 410 478 479 411
f 411 479 480 412
f 412 480 481 413
f 413 481 482 414
f 414 482 483 415
f 415 483 484 416
f 416 484 485 417
f 417 485 486 418
f 418 486 487 419
f 419 487 488 420
f 420 488 489 421
f 421 489 490 422
f 422 490 491 423
f 423 491 492 424
f 424 492 493 425
f 425 493 494 426
f 426 494 495 427
f 427 495 496 428
f 428 496 497 429
f 429 497 498 430
f 430 498 499 431
f 431 499 500 432
f 432 500 501 433
f 433 501 502 434
f 434 502 503 435
f 435 503 504 436
f 436 504 505 437
f 437 505 506 438
f 438 506 507 439
f 439 507 508 440
f 440 508 509 441
f 441 509 510 442
f 442 510 511 443
f 443 511 512 444
f 444 512 513 445
f 445 513 514 446
f 446 514 515 447
f 447 515 516 448
f 448 516 517 449
f 449 517 518 450
f 450 518 519 451
f 451 519 520 452
f 452 520 521 453
f 453 521 522 454
f 454 522 523 455
f 455 523 524 456
f 456 524 525 457
f 457 525 526 458
f 458 526 527 459
f 459 527 528 460
f 460 528 529 461
f 461 529 530 462
f 462 530 531 463
f 463 531 532 464
f 464 532 533 465
f 465 533 534 466
f 466 534 535 467
f 467 535 536 468
f 468 536 537 469
f 469 537 538 470
f 470 538 539 471
f 471 539 540 472
f 472 540 541 473
f 473 541 542 474
f 474 542 543 475
f 475 543 544 476
f 477 545 546 478
f 478 546 547 479
f 479 547 548 480
f 480 548 549 481
f 481 549 550 482
f 482 550 551 483
f 483 551 552 484
f 484 552 553 485
f 485 553 554 486
f 486 554 555 487
f 487 555 556 488
f 488 556 557 489
f 489 557 558 490
f 490 558 559 491
f 491 559 560 492
f 492 560 561 493
f 493 561 562 494
f 494 562 563 495
f 495 563 564 496
f 496 564 565 497
f 497 565 566 498
f 498 566 567 499
f 499 567 568 500
f 500 568 569 501
f 501 569 570 502
f 502 570 571 503
f 503 571 572 504
f 504 572 573 505
f 505 573 574 506
f 506 574 575 507
f 507 575 576 508
f 508 576 577 509
f 509 577 578 510
f 510 578 579 511
f 511 579 580 512
f 512 580 581 513
f 513 581 582 514
f 514 582 583 515
f 515 583 584 516
f 516 584 585 517
f 517 585 586 518
f 518 586 587 519
f 519 587 588 520
f 520 588 589 521
f 521 589 590 522
f 522 590 591 523
f 523 591 592 524
f 524 592 593 525
f 525 593 594 526
f 526 594 595 527
f 527 595 596 528
f 528 596 597 529
f 529 597 598 530
f 530 598 599 531
f 531 599 600 532
f 532 600 601 533
f 533 601 602 534
f 534 602 603 535
f 535 603 604 536
f 536 604 605 537
f 537 605 606 538
f 538 606 607 539
f 539 607 608 540
f 540 608 609 541
f 541 609 610 542
f 542 610 611 543
f 543 611 612 544
f 545 613 614 546
f 546 614 615 547
f 547 615 616 548
f 548 616 617 549
f 549 617 618 550
f 550 618 619 551
f 551 619 620 552
f 552 620 621 553
f 553 621 622 554
f 554 622 623 555
f 555 623 624 556
f 556 624 625 557
f 557 625 626 558
f 558 626 627 559
f 559 627 628 560
f 560 628 629 561
f 561 629 630 562
f 562 630 631 563
f 563 631 632 564
f 564 632 633 565
f 565 633 634 566
f 566 634 635 567
f 567 635 636 568
f 568 636 637 569
f 569 637 638 570
f 570 638 639 571
f 571 639 640 572
f 572 640 641 573
f 573 641 642 574
f 574 642 643 575
f 575 643 644 576
f 576 644 645 577
f 577 645 646 578
f 578 646 647 579
f 579 647 648 580
f 580 648 649 581
f 581 649 650 582
f 582 650 651 583
f 583 651 652 584
f 584 652 653 585
f 585 653 654 586
f 586 654 655 587
f 587 655 656 588
f 588 656 657 589
f 589 657 658 590
f 590 658 659 591
f 591 659 660 592
f 592 660 661 593
f 593 661 662 594
f 594 662 663 595
f 595 663 664 596
f 596 664 665 597
f 597 665 666 598
f 598 666 667 599
f 599 667 668 600
f 600 668 669 601
f 601 669 670 602
f 602 670 671 603
f 603 671 672 604
f 604 672 673 605
f 605 673 674 606
f 606 674 675 607
f 607 675 676 608
f 608 676 677 609
f 609 677 678 610
f 610 678 679 611
f 611 679 680 612
f 613 681 682 614
f 614 682 683 615
f 615 683 684 616
f 616 684 685 617
f 617 685 686 618
f 618 686 687 619
f 619 687 688 620
f 620 688 689 621
f 621 689 690 622
f 622 690 691 623
f 623 691 692 624
f 624 692 693 625
f 625 693 694 626
f 626 694 695 627
f 627 695 696 628
f 628 696 697 629
f 629 697 698 630
f 630 698 699 631
f 631 699 700 632
f 632 700 701 633
f 633 701 702 634
f 634 702 703 635
f 635 703 704 636
f 636 704 705 637
f 637 705 706 638
f 638 706 707 639
f 639 707 708 640
f 640 708 709 641
f 641 709 710 642
f 642 710 711 643
f 643 711 712 644
f 644 712 713 645
f 645 713 714 646
f 646 714 715 647
f 647 715 716 648
f 648 716 717 649
f 649 717 718 650
f 650 718 719 651
f 651 719 720 652
f 652 720 721 653
f 653 721 722 654
f 654 722 723 655
f 655 723 724 656
f 656 724 725 657
f 657 725 726 658
f 658 726 727 659
f 659 727 728 660
f 660 728 729 661
f 661 729 730 662
f 662 730 731 663
f 663 731 732 664
f 664 732 733 665
f 665 733 734 666
f 666 734 735 667
f 667 735 736 668
f 668 736 737 669
f 669 737 738 670
f 670 738 739 671
f 671 739 740 672
f 672 740 741 673
f 673 741 742 674
f 674 742 743 675
f 675 743 744 676
f 676 744 745 677
f 677 745 746 678
f 678 746 747 679
f 679 747 748 680
f 681 749 750 682
f 682 750 751 683
f 683 751 752 684
f 684 752 753 685
f 685 753 754 686
f 686 754 755 687
f 687 755 756 688
f 688 756 757 689
f 689 757 758 690
f 690 758 759 691
f 691 759 760 692
f 692 760 761 693
f 693 761 762 694
f 694 762 763 695
f 695 763 764 696
f 696 764 765 697
f 697 765 766 698
f 698 766 767 699
f 699 767 768 700
f 700 768 769 701
f 701 769 770 702
f 702 770 771 703
f 703 771 772 704
f 704 772 773 705
f 705 773 774 706
f 706 774 775 707
f 707 775 776 708
f 708 776 777 709
f 709 777 778 710
f 710 778 779 711
f 711 779 780 712
f 712 780 781 713
f 713 781 782 714
f 714 782 783 715
f 715 783 784 716
f 716 784 785 717
f 717 785 786 718
f 718 786 787 719
f 719 787 788 720
f 720 788 789 721
f 721 789 790 722
f 722 790 791 723
f 723 791 792 724
f 724 792 793 725
f 725 793 794 726
f 726 794 795 727
f 727 795 796 728
f 728 796 797 729
f 729 797 798 730
f 730 798 799 731
f 731 799 800 732
f 732 800 801 733
f 733 801 802 734
f 734 802 803 735
f 735 803 804 736
f 736 804 805 737
f 737 805 806 738
f 738 806 807 739
f 739 807 808 740
f 740 808 809 741
f 741 809 810 742
f 742 810 811 743
f 743 811 812 744
f 744 812 813 745
f 745 813 814 746
f 746 814 815 747
f 747 815 816 748
f 749 817 818 750
f 750 818 819 751
f 751 819 820 752
f 752 820 821 753
f 753 821 822 754
f 754 822 823 755
f 755 823 824 756
f 756 824 825 757
f 757 825 826 758
f 758 826 827 759
f 759 827 828 760
f 760 828 829 761
f 761 829 830 762
f 762 830 831 763
f 763 831 832 764
f 764 832 833 765
f 765 833 834 766
f 766 834 835 767
f 767 835 836 768
f 768 836 837 769
f 769 837 838 770
f 770 838 839 771
f 771 839 840 772
f 772 840 841 773
f 773 841 842 774
f 774 842 843 775
f 775 843 844 776
f 776 844 845 777
f 777 845 846 778
f 778 846 847 779
f 779 847 848 780
f 780 848 849 781
f 781 849 850 782
f 782 850 851 783
f 783 851 852 784
f 784 852 853 785
f 785 853 854 786
f 786 854 855 787
f 787 855 856 788
f 788 856 857 789
f 789 857 858 790
f 790 858 859 791
f 791 859 860 792
f 792 860 861 793
f 793 861 862 794
f 794 862 863 795
f 795 863 864 796
f 796 864 865 797
f 797 865 866 798
f 798 866 867 799
f 799 867 868 800
f 800 868 869 801
f 801 869 870 802
f 802 870 871 803
f 803 871 872 804
f 804 872 873 805
f 805 873 874 806
f 806 874 875 807
f 807 875 876 808
f 808 876 877 809
f 809 877 878 810
f 810 878 879 811
f 811 879 880 812
f 812 880 881 813
f 813 881 882 814
f 814 882 883 815
f 815 883 884 816
f 817 885 886 818
f 818 886 887 819
f 819 887 888 820
f 820 888 889 821
f 821 889 890 822
f 822 890 891 823
f 823 891 892 824
f 824 892 893 825
f 825 893 894 826
f 826 894 895 827
f 827 895 896 828
f 828 896 897 829
f 829 897 898 830
f 830 898 899 831
f 831 899 900 832
f 832 900 901 833
f 833 901 902 834
f 834 902 903 835
f 835 903 904 836
f 836 904 905 837
f 837 905 906 838
f 838 906 907 839
f 839 907 908 840
f 840 908 909 841
f 841 909 910 842
f 842 910 911 843
f 843 911 912 844
f 844 912 913 845
f 845 913 914 846
f 846 914 915 847
f 847 915 916 848
f 848 916 917 849
f 849 917 918 850
f 850 918 919 851
f 851 919 920 852
f 852 920 921 853
f 853 921 922 854
f 854 922 923 855
f 855 923 924 856
f 856 924 925 857
f 857 925 926 858
f 858 926 927 859
f 859 927 928 860
f 860 928 929 861
f 861 929 930 862
f 862 930 931 863
f 863 931 932 864
f 864 932 933 865
f 865 933 934 866
f 866 934 935 867
f 867 935 936 868
f 868 936 937 869
f 869 937 938 870
f 870 938 939 871
f 871 939 940 872
f 872 940 941 873
f 873 941 942 874
f 874 942 943 875
f 875 943 944 876
f 876 944 945 877
f 877 945 946 878
f 878 946 947 879
f 879 947 948 880
f 880 948 949 881
f 881 949 950 882
f 882 950 951 883
f 883 951 952 884
f 885 953 954 886
f 886 954 955 887
f 887 955 956 888
f 888 956 957 889
f 889 957 958 890
f 890 958 959 891
f 891 959 960 892
f 892 960 961 893
f 893 961 962 894
f 894 962 963 895
f 895 963 964 896
f 896 964 965 897
f 897 965 966 898
f 898 966 967 899
f 899 967 968 900
f 900 968 969 901
f 901 969 970 902
f 902 970 971 903
f 903 971 972 904
f 904 972 973 905
f 905 973 974 906
f 906 974 975 907
f 907 975 976 908
f 908 976 977 909
f 909 977 978 910
f 910 978 979 911
f 911 979 980 912
f 912 980 981 913
f 913 981 982 914
f 914 982 983 915
f 915 983 984 916
f 916 984 985 917
f 917 985 986 918
f 918 986 987 919
f 919 987 988 920
f 920 988 989 921
f 921 989 990 922
f 922 990 991 923
f 923 991 992 924
f 924 992 993 925
f 925 993 994 926
f 926 994 995 927
f 927 995 996 928
f 928 996 997 929
f 929 997 998 930
f 930 998 999 931
f 931 999 1000 932
f 932 1000 1001 933
f 933 1001 1002 934
f 934 1002 1003 935
f 935 1003 1004 936
f 936 1004 1005 937
f 937 1005 1006 938
f 938 1006 1007 939
f 939 1007 1008 940
f 940 1008 1009 941
f 941 1009 1010 942
f 942 1010 1011 943
f 943 1011 1012 944
f 944 1012 1013 945
f 945 1013 1014 946
f 946 1014 1015 947
f 947 1015 1016 948
f 948 1016 1017 949
f 949 1017 1018 950
f 950 1018 1019 951
f 951 1019 1020 952
f 953 1021 1022 954
f 954 1022 1023 955
f 955 1023 1024 956
f 956 1024 1025 957
f 957 1025 1026 958
f 958 1026 1027 959
f 959 1027 1028 960
f 960 1028 1029 961
f 961 1029 1030 962
f 962 1030 1031 963
f 963 1031 1032 964
f 964 1032 1033 965
f 965 1033 1034 966
f 966 1034 1035 967
f 967 1035 1036 968
f 968 1036 1037 969
f 969 1037 1038 970
f 970 1038 1039 971
f 971 1039 1040 972
f 972 1040 1041 973
f 973 1041 1042 974
f 974 1042 1043 975
f 975 1043 1044 976
f 976 1044 1045 977
f 977 1045 1046 978
f 978 1046 1047 979
f 979 1047 1048 980
f 980 1048 1049 981
f 981 1049 1050 982
f 982 1050 1051 983
f 983 1051 1052 984
f 984 1052 1053 985
f 985 1053 1054 986
f 986 1054 1055 987
f 987 1055 1056 988
f 988 1056 1057 989
f 989 1057 1058 990
f 990 1058 1059 991
f 991 1059 1060 992
f 992 1060 1061 993
f 993 1061 1062 994
f 994 1062 1063 995
f 995 1063 1064 996
f 996 1064 1065 997
f 997 1065 1066 998
f 998 1066 1067 999
f 999 1067 1068 1000
f 1000 1068 1069 1001
f 1001 1069 1070 1002
f 1002 1070 1071 1003
f 1003 1071 1072 1004
f 1004 1072 1073 1005
f 1005 1073 1074 1006
f 1006 1074 1075 1007
f 1007 1075 1076 1008
f 1008 1076 1077 1009
f 1009 1077 1078 1010
f 1010 1078 1079 1011
f 1011 1079 1080 1012
f 1012 1080 1081 1013
f 1013 1081 1082 1014
f 1014 1082 1083 1015
f 1015 1083 1084 1016
f 1016 1084 1085 1017
f 1017 1085 1086 1018
f 1018 1086 1087 1019
f 1019 1087 1088 1020
f 1021 1089 1090 1022
f 1022 1090 1091 1023
f 1023 1091 1092 1024
f 1024 1092 1093 1025
f 1025 1093 1094 1026
f 1026 1094 1095 1027
f 1027 1095 1096 1028
f 1028 1096 1097 1029
f 1029 1097 1098 1030
f 1030 1098 1099 1031
f 1031 1099 1100 1032
f 1032 1100 1101 1033
f 1033 1101 1102 1034
f 1034 1102 1103 1035
f 1035 1103 1104 1036
f 1036 1104 1105 1037
f 1037 1105 1106 1038
f 1038 1106 1107 1039
f 1039 1107 1108 1040
f 1040 1108 1109 1041
f 1041 1109 1110 1042
f 1042 1110 1111 1043
f 1043 1111 1112 1044
f 1044 1112 1113 1045
f 1045 1113 1114 1046
f 1046 1114 1115 1047
f 1047 1115 1116 1048
f 1048 1116 1117 1049
f 1049 1117 1118 1050
f 1050 1118 1119 1051
f 1051 1119 1120 1052
f 1052 1120 1121 1053
f 1053 1121 1122 1054
f 1054 1122 1123 1055
f 1055 1123 1124 1056
f 1056 1124 1125 1057
f 1057 1125 1126 1058
f 1058 1126 1127 1059
f 1059 1127 1128 1060
f 1060 1128 1129 1061
f 1061 1129 1130 1062
f 1062 1130 1131 1063
f 1063 1131 1132 1064
f 1064 1132 1133 1065
f 1065 1133 1134 1066
f 1066 1134 1135 1067
f 1067 1135 1136 1068
f 1068 1136 1137 1069
f 1069 1137 1138 1070
f 1070 1138 1139 1071
f 1071 1139 1140 1072
f 1072 1140 1141 1073
f 1073 1141 1142 1074
f 1074 1142 1143 1075
f 1075 1143 1144 1076
f 1076 1144 1145 1077
f 1077 1145 1146 1078
f 1078 1146 1147 1079
f 1079 1147 1148 1080
f 1080 1148 1149 1081
f 1081 1149 1150 1082
f 1082 1150 1151 1083
f 1083 1151 1152 1084
f 1084 1152 1153 1085
f 1085 1153 1154 1086
f 1086 1154 1155 1087
f 1087 1155 1156 1088
f 1089 1157 1158 1090
f 1090 1158 1159 1091
f 1091 1159 1160 1092
f 1092 1160 1161 1093
f 1093 1161 1162 1094
f 1094 1162 1163 1095
f 1095 1163 1164 1096
f 1096 1164 1165 1097
f 1097 1165 1166 1098
f 1098 1166 1167 1099
f 1099 1167 1168 1100
f 1100 1168 1169 1101
f 1101 1169 1170 1102
f 1102 1170 1171 1103
f 1103 1171 1172 1104
f 1104 1172 1173 1105
f 1105 1173 1174 1106
f 1106 1174 1175 1107
f 1107 1175 1176 1108
f 1108 1176 1177 1109
f 1109 1177 1178 1110
f 1110 1178 1179 1111
f 1111 1179 1180 1112
f 1112 1180 1181 1113
f 1113 1181 1182 1114
f 1114 1182 1183 1115
f 1115 1183 1184 1116
f 1116 1184 1185 1117
f 1117 1185 1186 1118
f 1118 1186 1187 1119
f 1119 1187 1188 1120
f 1120 1188 1189 1121
f 1121 1189 1190 1122
f 1122 1190 1191 1123
f 1123 1191 1192 1124
f 1124 1192 1193 1125
f 1125 1193 1194 1126
f 1126 1194 1195 1127
f 1127 1195 1196 1128
f 1128 1196 1197 1129
f 1129 1197 1198 1130
f 1130 1198 1199 1131
f 1131 1199 1200 1132
f 1132 1200 1201 1133
f 1133 1201 1202 1134
f 1134 1202 1203 1135
f 1135 1203 1204 1136
f 1136 1204 1205 1137
f 1137 1205 1206 1138
f 1138 1206 1207 1139
f 1139 1207 1208 1140
f 1140 1208 1209 1141
f 1141 1209 1210 1142
f 1142 1210 1211 1143
f 1143 1211 1212 1144
f 1144 1212 1213 1145
f 1145 1213 1214 1146
f 1146 1214 1215 1147
f 1147 1215 1216 1148
f 1148 1216 1217 1149
f 1149 1217 1218 1150
f 1150 1218 1219 1151
f 1151 1219 1220 1152
f 1152 1220 1221 1153
f 1153 1221 1222 1154
f 1154 1222 1223 1155
f 1155 1223 1224 1156
f 1157 1225 1226 1158
f 1158 1226 1227 1159
f 1159 1227 1228 1160
f 1160 1228 1229 1161
f 1161 1229 1230 1162
f 1162 1230 1231 1163
f 1163 1231 1232 1164
f 1164 1232 1233 1165
f 1165 1233 1234 1166
f 1166 1234 1235 1167
f 1167 1235 1236 1168
f 1168 1236 1237 1169
f 1169 1237 1238 1170
f 1170 1238 1239 1171
f 1171 1239 1240 1172
f 1172 1240 1241 1173
f 1173 1241 1242 1174
f 1174 1242 1243 1175
f 1175 1243 1244 1176
f 1176 1244 1245 1177
f 1177 1245 1246 1178
f 1178 1246 1247 1179
f 1179 1247 1248 1180
f 1180 1248 1249 1181
f 1181 1249 1250 1182
f 1182 1250 1251 1183
f 1183 1251 1252 1184
f 1184 1252 1253 1185
f 1185 1253 1254 1186
f 1186 1254 1255 1187
f 1187 1255 1256 1188
f 1188 1256 1257 1189
f 1189 1257 1258 1190
f 1190 1258 1259 1191
f 1191 1259 1260 1192
f 1192 1260 1261 1193
f 1193 1261 1262 1194
f 1194 1262 1263 1195
f 1195 1263 1264 1196
f 1196 1264 1265 1197
f 1197 1265 1266 1198
f 1198 1266 1267 1199
f 1199 1267 1268 1200
f 1200 1268 1269 1201
f 1201 1269 1270 1202
f 1202 1270 1271 1203
f 1203 1271 1272 1204
f 1204 1272 1273 1205
f 1205 1273 1274 1206
f 1206 1274 1275 1207
f 1207 1275 1276 1208
f 1208 1276 1277 1209
f 1209 1277 1278 1210
f 1210 1278 1279 1211
f 1211 1279 1280 1212
f 1212 1280 1281 1213
f 1213 1281 1282 1214
f 1214 1282 1283 1215
f 1215 1283 1284 1216
f 1216 1284 1285 1217
f 1217 1285 1286 1218
f 1218 1286 1287 1219
f 1219 1287 1288 1220
f 1220 1288 1289 1221
f 1221 1289 1290 1222
f 1222 1290 1291 1223
f 1223 1291 1292 1224
f 1225 1293 1294 1226
f 1226 1294 1295 1227
f 1227 1295 1296 1228
f 1228 1296 1297 1229
f 1229 1297 1298 1230
f 1230 1298 1299 1231
f 1231 1299 1300 1232
f 1232 1300 1301 1233
f 1233 1301 1302 1234
f 1234 1302 1303 1235
f 1235 1303 1304 1236
f 1236 1304 1305 1237
f 1237 1305 1306 1238
f 1238 1306 1307 1239
f 1239 1307 1308 1240
f 1240 1308 1309 1241
f 1241 1309 1310 1242
f 1242 1310 1311 1243
f 1243 1311 1312 1244
f 1244 1312 1313 1245
f 1245 1313 1314 1246
f 1246 1314 1315 1247
f 1247 1315 1316 1248
f 1248 1316 1317 1249
f 1249 1317 1318 1250
f 1250 1318 1319 1251
f 1251 1319 1320 1252
f 1252 1320 1321 1253
f 1253 1321 1322 1254
f 1254 1322 1323 1255
f 1255 1323 1324 1256
f 1256 1324 1325 1257
f 1257 1325 1326 1258
f 1258 1326 1327 1259
f 1259 1327 1328 1260
f 1260 1328 1329 1261
f 1261 1329 1330 1262
f 1262 1330 1331 1263
f 1263 1331 1332 1264
f 1264 1332 1333 1265
f 1265 1333 1334 1266
f 1266 1334 1335 1267
f 1267 1335 1336 1268
f 1268 1336 1337 1269
f 1269 1337 1338 1270
f 1270 1338 1339 1271
f 1271 1339 1340 1272
f 1272 1340 1341 1273
f 1273 1341 1342 1274
f 1274 1342 1343 1275
f 1275 1343 1344 1276
f 1276 1344 1345 1277
f 1277 1345 1346 1278
f 1278 1346 1347 1279
f 1279 1347 1348 1280
f 1280 1348 1349 1281
f 1281 1349 1350 1282
f 1282 1350 1351 1283
f 1283 1351 1352 1284
f 1284 1352 1353 1285
f 1285 1353 1354 1286
f 1286 1354 1355 1287
f 1287 1355 1356 1288
f 1288 1356 1357 1289
f 1289 1357 1358 1290
f 1290 1358 1359 1291
f 1291 1359 1360 1292
f 1293 1361 1362 1294
f 1294 1362 1363 1295
f 1295 1363 1364 1296
f 1296 1364 1365 1297
f 1297 1365 1366 1298
f 1298 1366 1367 1299
f 1299 1367 1368 1300
f 1300 1368 1369 1301
f 1301 1369 1370 1302
f 1302 1370 1371 1303
f 1303 1371 1372 1304
f 1304 1372 1373 1305
f 1305 1373 1374 1306
f 1306 1374 1375 1307
f 1307 1375 1376 1308
f 1308 1376 1377 1309
f 1309 1377 1378 1310
f 1310 1378 1379 1311
f 1311 1379 1380 1312
f 1312 1380 1381 1313
f 1313 1381 1382 1314
f 1314 1382 1383 1315
f 1315 1383 1384 1316
f 1316 1384 1385 1317
f 1317 1385 1386 1318
f 1318 1386 1387 1319
f 1319 1387 1388 1320
f 1320 1388 1389 1321
f 1321 1389 1390 1322
f 1322 1390 1391 1323
f 1323 1391 1392 1324
f 1324 1392 1393 1325
f 1325 1393 1394 1326
f 1326 1394 1395 1327
f 1327 1395 1396 1328
f 1328 1396 1397 1329
f 1329 1397 1398 1330
f 1330 1398 1399 1331
f 1331 1399 1400 1332
f 1332 1400 1401 1333
f 1333 1401 1402 1334
f 1334 1402 1403 1335
f 1335 1403 1404 1336
f 1336 1404 1405 1337
f 1337 1405 1406 1338
f 1338 1406 1407 1339
f 1339 1407 1408 1340
f 1340 1408 1409 1341
f 1341 1409 1410 1342
f 1342 1410 1411 1343
f 1343 1411 1412 1344
f 1344 1412 1413 1345
f 1345 1413 1414 1346
f 1346 1414 1415 1347
f 1347 1415 1416 1348
f 1348 1416 1417 1349
f 1349 1417 1418 1350
f 1350 1418 1419 1351
f 1351 1419 1420 1352
f 1352 1420 1421 1353
f 1353 1421 1422 1354
f 1354 1422 1423 1355
f 1355 1423 1424 1356
f 1356 1424 1425 1357
f 1357 1425 1426 1358
f 1358 1426 1427 1359
f 1359 1427 1428 1360
f 1361 1429 1430 1362
f 1362 1430 1431 1363
f 1363 1431 1432 1364
f 1364 1432 1433 1365
f 1365 1433 1434 1366
f 1366 1434 1435 1367
f 1367 1435 1436 1368
f 1368 1436 1437 1369
f 1369 1437 1438 1370
f 1370 1438 1439 1371
f 1371 1439 1440 1372
f 1372 1440 1441 1373
f 1373 1441 1442 1374
f 1374 1442 1443 1375
f 1375 1443 1444 1376
f 1376 1444 1445 1377
f 1377 1445 1446 1378
f 1378 1446 1447 1379
f 1379 1447 1448 1380
f 1380 1448 1449 1381
f 1381 1449 1450 1382
f 1382 1450 1451 1383
f 1383 1451 1452 1384
f 1384 1452 1453 1385
f 1385 1453 1454 1386
f 1386 1454 1455 1387
f 1387 1455 1456 1388
f 1388 1456 1457 1389
f 1389 1457 1458 1390
f 1390 1458 1459 1391
f 1391 1459 1460 1392
f 1392 1460 1461 1393
f 1393 1461 1462 1394
f 1394 1462 1463 1395
f 1395 1463 1464 1396
f 1396 1464 1465 1397
f 1397 1465 1466 1398
f 1398 1466 1467 1399
f 1399 1467 1468 1400
f 1400 1468 1469 1401
f 1401 1469 1470 1402
f 1402 1470 1471 1403
f 1403 1471 1472 1404
f 1404 1472 1473 1405
f 1405 1473 1474 1406
f 1406 1474 1475 1407
f 1407 1475 1476 1408
f 1408 1476 1477 1409
f 1409 1477 1478 1410
f 1410 1478 1479 1411
f 1411 1479 1480 1412
f 1412 1480 1481 1413
f 1413 1481 1482 1414
f 1414 1482 1483 1415
f 1415 1483 1484 1416
f 1416 1484 1485 1417
f 1417 1485 1486 1418
f 1418 1486 1487 1419
f 1419 1487 1488 1420
f 1420 1488 1489 1421
f 1421 1489 1490 1422
f 1422 1490 1491 1423
f 1423 1491 1492 1424
f 1424 1492 1493 1425
f 1425 1493 1494 1426
f 1426 1494 1495 1427
f 1427 1495 1496 1428
f 1429 1497 1498 1430
f 1430 1498 1499 1431
f 1431 1499 1500 1432
f 1432 1500 1501 1433
f 1433 1501 1502 1434
f 1434 1502 1503 1435
f 1435 1503 1504 1436
f 1436 1504 1505 1437
f 1437 1505 1506 1438
f 1438 1506 1507 1439
f 1439 1507 1508 1440
f 1440 1508 1509 1441
f 1441 1509 1510 1442
f 1442 1510 1511 1443
f 1443 1511 1512 1444
f 1444 1512 1513 1445
f 1445 1513 1514 1446
f 1446 1514 1515 1447
f 1447 1515 1516 1448
f 1448 1516 1517 1449
f 1449 1517 1518 1450
f 1450 1518 1519 1451
f 1451 1519 1520 1452
f 1452 1520 1521 1453
f 1453 1521 1522 1454
f 1454 1522 1523 1455
f 1455 1523 1524 1456
f 1456 1524 1525 1457
f 1457 1525 1526 1458
f 1458 1526 1527 1459
f 1459 1527 1528 1460
f 1460 1528 1529 1461
f 1461 1529 1530 1462
f 1462 1530 1531 1463
f 1463 1531 1532 1464
f 1464 1532 1533 1465
f 1465 1533 1534 1466
f 1466 1534 1535 1467
f 1467 1535 1536 1468
f 1468 1536 1537 1469
f 1469 1537 1538 1470
f 1470 1538 1539 1471
f 1471 1539 1540 1472
f 1472 1540 1541 1473
f 1473 1541 1542 1474
f 1474 1542 1543 1475
f 1475 1543 1544 1476
f 1476 1544 1545 1477
f 1477 1545 1546 1478
f 1478 1546 1547 1479
f 1479 1547 1548 1480
f 1480 1548 1549 1481
f 1481 1549 1550 1482
f 1482 1550 1551 1483
f 1483 1551 1552 1484
f 1484 1552 1553 1485
f 1485 1553 1554 1486
f 1486 1554 1555 1487
f 1487 1555 1556 1488
f 1488 1556 1557 1489
f 1489 1557 1558 1490
f 1490 1558 1559 1491
f 1491 1559 1560 1492
f 1492 1560 1561 1493
f 1493 1561 1562 1494
f 1494 1562 1563 1495
f 1495 1563 1564 1496
f 1497 1565 1566 1498
f 1498 1566 1567 1499
f 1499 1567 1568 1500
f 1500 1568 1569 1501
f 1501 1569 1570 1502
f 1502 1570 1571 1503
f 1503 1571 1572 1504
f 1504 1572 1573 1505
f 1505 1573 1574 1506
f 1506 1574 1575 1507
f 1507 1575 1576 1508
f 1508 1576 1577 1509
f 1509 1577 1578 1510
f 1510 1578 1579 1511
f 1511 1579 1580 1512
f 1512 1580 1581 1513
f 1513 1581 1582 1514
f 1514 1582 1583 1515
f 1515 1583 1584 1516
f 1516 1584 1585 1517
f 1517 1585 1586 1518
f 1518 1586 1587 1519
f 1519 1587 1588 1520
f 1520 1588 1589 1521
f 1521 1589 1590 1522
f 1522 1590 1591 1523
f 1523 1591 1592 1524
f 1524 1592 1593 1525
f 1525 1593 1594 1526
f 1526 1594 1595 1527
f 1527 1595 1596 1528
f 1528 1596 1597 1529
f 1529 1597 1598 1530
f 1530 1598 1599 1531
f 1531 1599 1600 1532
f 1532 1600 1601 1533
f 1533 1601 1602 1534
f 1534 1602 1603 1535
f 1535 1603 1604 1536
f 1536 1604 1605 1537
f 1537 1605 1606 1538
f 1538 1606 1607 1539
f 1539 1607 1608 1540
f 1540 1608 1609 1541
f 1541 1609 1610 1542
f 1542 1610 1611 1543
f 1543 1611 1612 1544
f 1544 1612 1613 1545
f 1545 1613 1614 1546
f 1546 1614 1615 1547
f 1547 1615 1616 1548
f 1548 1616 1617 1549
f 1549 1617 1618 1550
f 1550 1618 1619 1551
f 1551 1619 1620 1552
f 1552 1620 1621 1553
f 1553 1621 1622 1554
f 1554 1622 1623 1555
f 1555 1623 1624 1556
f 1556 1624 1625 1557
f 1557 1625 1626 1558
f 1558 1626 1627 1559
f 1559 1627 1628 1560
f 1560 1628 1629 1561
f 1561 1629 1630 1562
f 1562 1630 1631 1563
f 1563 1631 1632 1564
f 1565 1633 1634 1566
f 1566 1634 1635 1567
f 1567 1635 1636 1568
f 1568 1636 1637 1569
f 1569 1637 1638 1570
f 1570 1638 1639 1571
f 1571 1639 1640 1572
f 1572 1640 1641 1573
f 1573 1641 1642 1574
f 1574 1642 1643 1575
f 1575 1643 1644 1576
f 1576 1644 1645 1577
f 1577 1645 1646 1578
f 1578 1646 1647 1579
f 1579 1647 1648 1580
f 1580 1648 1649 1581
f 1581 1649 1650 1582
f 1582 1650 1651 1583
f 1583 1651 1652 1584
f 1584 1652 1653 1585
f 1585 1653 1654 1586
f 1586 1654 1655 1587
f 1587 1655 1656 1588
f 1588 1656 1657 1589
f 1589 1657 1658 1590
f 1590 1658 1659 1591
f 1591 1659 1660 1592
f 1592 1660 1661 1593
f 1593 1661 1662 1594
f 1594 1662 1663 1595
f 1595 1663 1664 1596
f 1596 1664 1665 1597
f 1597 1665 1666 1598
f 1598 1666 1667 1599
f 1599 1667 1668 1600
f 1600 1668 1669 1601
f 1601 1669 1670 1602
f 1602 1670 1671 1603
f 1603 1671 1672 1604
f 1604 1672 1673 1605
f 1605 1673 1674 1606
f 1606 1674 1675 1607
f 1607 1675 1676 1608
f 1608 1676 1677 1609
f 1609 1677 1678 1610
f 1610 1678 1679 1611
f 1611 1679 1680 1612
f 1612 1680 1681 1613
f 1613 1681 1682 1614
f 1614 1682 1683 1615
f 1615 1683 1684 1616
f 1616 1684 1685 1617
f 1617 1685 1686 1618
f 1618 1686 1687 1619
f 1619 1687 1688 1620
f 1620 1688 1689 1621
f 1621 1689 1690 1622
f 1622 1690 1691 1623
f 1623 1691 1692 1624
f 1624 1692 1693 1625
f 1625 1693 1694 1626
f 1626 1694 1695 1627
f 1627 1695 1696 1628
f 1628 1696 1697 1629
f 1629 1697 1698 1630
f 1630 1698 1699 1631
f 1631 1699 1700 1632
f 1633 1701 1702 1634
f 1634 1702 1703 1635
f 1635 1703 1704 1636
f 1636 1704 1705 1637
f 1637 1705 1706 1638
f 1638 1706 1707 1639
f 1639 1707 1708 1640
f 1640 1708 1709 1641
f 1641 1709 1710 1642
f 1642 1710 1711 1643
f 1643 1711 1712 1644
f 1644 1712 1713 1645
f 1645 1713 1714 1646
f 1646 1714 1715 1647
f 1647 1715 1716 1648
f 1648 1716 1717 1649
f 1649 1717 1718 1650
f 1650 1718 1719 1651
f 1651 1719 1720 1652
f 1652 1720 1721 1653
f 1653 1721 1722 1654
f 1654 1722 1723 1655
f 1655 1723 1724 1656
f 1656 1724 1725 1657
f 1657 1725 1726 1658
f 1658 1726 1727 1659
f 1659 1727 1728 1660
f 1660 1728 1729 1661
f 1661 1729 1730 1662
f 1662 1730 1731 1663
f 1663 1731 1732 1664
f 1664 1732 1733 1665
f 1665 1733 1734 1666
f 1666 1734 1735 1667
f 1667 1735 1736 1668
f 1668 1736 1737 1669
f 1669 1737 1738 1670
f 1670 1738 1739 1671
f 1671 1739 1740 1672
f 1672 1740 1741 1673
f 1673 1741 1742 1674
f 1674 1742 1743 1675
f 1675 1743 1744 1676
f 1676 1744 1745 1677
f 1677 1745 1746 1678
f 1678 1746 1747 1679
f 1679 1747 1748 1680
f 1680 1748 1749 1681
f 1681 1749 1750 1682
f 1682 1750 1751 1683
f 1683 1751 1752 1684
f 1684 1752 1753 1685
f 1685 1753 1754 1686
f 1686 1754 1755 1687
f 1687 1755 1756 1688
f 1688 1756 1757 1689
f 1689 1757 1758 1690
f 1690 1758 1759 1691
f 1691 1759 1760 1692
f 1692 1760 1761 1693
f 1693 1761 1762 1694
f 1694 1762 1763 1695
f 1695 1763 1764 1696
f 1696 1764 1765 1697
f 1697 1765 1766 1698
f 1698 1766 1767 1699
f 1699 1767 1768 1700
f 1701 1769 1770 1702
f 1702 1770 1771 1703
f 1703 1771 1772 1704
f 1704 1772 1773 1705
f 1705 1773 1774 1706
f 1706 1774 1775 1707
f 1707 1775 1776 1708
f 1708 1776 1777 1709
f 1709 1777 1778 1710
f 1710 1778 1779 1711
f 1711 1779 1780 1712
f 1712 1780 1781 1713
f 1713 1781 1782 1714
f 1714 1782 1783 1715
f 1715 1783 1784 1716
f 1716 1784 1785 1717
f 1717 1785 1786 1718
f 1718 1786 1787 1719
f 1719 1787 1788 1720
f 1720 1788 1789 1721
f 1721 1789 1790 1722
f 1722 1790 1791 1723
f 1723 1791 1792 1724
f 1724 1792 1793 1725
f 1725 1793 1794 1726
f 1726 1794 1795 1727
f 1727 1795 1796 1728
f 1728 1796 1797 1729
f 1729 1797 1798 1730
f 1730 1798 1799 1731
f 1731 1799 1800 1732
f 1732 1800 1801 1733
f 1733 1801 1802 1734
f 1734 1802 1803 1735
f 1735 1803 1804 1736
f 1736 1804 1805 1737
f 1737 1805 1806 1738
f 1738 1806 1807 1739
f 1739 1807 1808 1740
f 1740 1808 1809 1741
f 1741 1809 1810 1742
f 1742 1810 1811 1743
f 1743 1811 1812 1744
f 1744 1812 1813 1745
f 1745 1813 1814 1746
f 1746 1814 1815 1747
f 1747 1815 1816 1748
f 1748 1816 1817 1749
f 1749 1817 1818 1750
f 1750 1818 1819 1751
f 1751 1819 1820 1752
f 1752 1820 1821 1753
f 1753 1821 1822 1754
f 1754 1822 1823 1755
f 1755 1823 1824 1756
f 1756 1824 1825 1757
f 1757 1825 1826 1758
f 1758 1826 1827 1759
f 1759 1827 1828 1760
f 1760 1828 1829 1761
f 1761 1829 1830 1762
f 1762 1830 1831 1763
f 1763 1831 1832 1764
f 1764 1832 1833 1765
f 1765 1833 1834 1766
f 1766 1834 1835 1767
f 1767 1835 1836 1768
f 1769 1837 1838 1770
f 1770 1838 1839 1771
f 1771 1839 1840 1772
f 1772 1840 1841 1773
f 1773 1841 1842 1774
f 1774 1842 1843 1775
f 1775 1843 1844 1776
f 1776 1844 1845 1777
f 1777 1845 1846 1778
f 1778 1846 1847 1779
f 1779 1847 1848 1780
f 1780 1848 1849 1781
f 1781 1849 1850 1782
f 1782 1850 1851 1783
f 1783 1851 1852 1784
f 1784 1852 1853 1785
f 1785 1853 1854 1786
f 1786 1854 1855 1787
f 1787 1855 1856 1788
f 1788 1856 1857 1789
f 1789 1857 1858 1790
f 1790 1858 1859 1791
f 1791 1859 1860 1792
f 1792 1860 1861 1793
f 1793 1861 1862 1794
f 1794 1862 1863 1795
f 1795 1863 1864 1796
f 1796 1864 1865 1797
f 1797 1865 1866 1798
f 1798 1866 1867 1799
f 1799 1867 1868 1800
f 1800 1868 1869 1801
f 1801 1869 1870 1802
f 1802 1870 1871 1803
f 1803 1871 1872 1804
f 1804 1872 1873 1805
f 1805 1873 1874 1806
f 1806 1874 1875 1807
f 1807 1875 1876 1808
f 1808 1876 1877 1809
f 1809 1877 1878 1810
f 1810 1878 1879 1811
f 1811 1879 1880 1812
f 1812 1880 1881 1813
f 1813 1881 1882 1814
f 1814 1882 1883 1815
f 1815 1883 1884 1816
f 1816 1884 1885 1817
f 1817 1885 1886 1818
f 1818 1886 1887 1819
f 1819 1887 1888 1820
f 1820 1888 1889 1821
f 1821 1889 1890 1822
f 1822 1890 1891 1823
f 1823 1891 1892 1824
f 1824 1892 1893 1825
f 1825 1893 1894 1826
f 1826 1894 1895 1827
f 1827 1895 1896 1828
f 1828 1896 1897 1829
f 1829 1897 1898 1830
f 1830 1898 1899 1831
f 1831 1899 1900 1832
f 1832 1900 1901 1833
f 1833 1901 1902 1834
f 1834 1902 1903 1835
f 1835 1903 1904 1836
f 1837 1905 1906 1838
f 1838 1906 1907 1839
f 1839 1907 1908 1840
f 1840 1908 1909 1841
f 1841 1909 1910 1842
f 1842 1910 1911 1843
f 1843 1911 1912 1844
f 1844 1912 1913 1845
f 1845 1913 1914 1846
f 1846 1914 1915 1847
f 1847 1915 1916 1848
f 1848 1916 1917 1849
f 1849 1917 1918 1850
f 1850 1918 1919 1851
f 1851 1919 1920 1852
f 1852 1920 1921 1853
f 1853 1921 1922 1854
f 1854 1922 1923 1855
f 1855 1923 1924 1856
f 1856 1924 1925 1857
f 1857 1925 1926 1858
f 1858 1926 1927 1859
f 1859 1927 1928 1860
f 1860 1928 1929 1861
f 1861 1929 1930 1862
f 1862 1930 1931 1863
f 1863 1931 1932 1864
f 1864 1932 1933 1865
f 1865 1933 1934 1866
f 1866 1934 1935 1867
f 1867 1935 1936 1868
f 1868 1936 1937 1869
f 1869 1937 1938 1870
f 1870 1938 1939 1871
f 1871 1939 1940 1872
f 1872 1940 1941 1873
f 1873 1941 1942 1874
f 1874 1942 1943 1875
f 1875 1943 1944 1876
f 1876 1944 1945 1877
f 1877 1945 1946 1878
f 1878 1946 1947 1879
f 1879 1947 1948 1880
f 1880 1948 1949 1881
f 1881 1949 1950 1882
f 1882 1950 1951 1883
f 1883 1951 1952 1884
f 1884 1952 1953 1885
f 1885 1953 1954 1886
f 1886 1954 1955 1887
f 1887 1955 1956 1888
f 1888 1956 1957 1889
f 1889 1957 1958 1890
f 1890 1958 1959 1891
f 1891 1959 1960 1892
f 1892 1960 1961 1893
f 1893 1961 1962 1894
f 1894 1962 1963 1895
f 1895 1963 1964 1896
f 1896 1964 1965 1897
f 1897 1965 1966 1898
f 1898 1966 1967 1899
f 1899 1967 1968 1900
f 1900 1968 1969 1901
f 1901 1969 1970 1902
f 1902 1970 1971 1903
f 1903 1971 1972 1904
f 1905 1973 1974 1906
f 1906 1974 1975 1907
f 1907 1975 1976 1908
f 1908 1976 1977 1909
f 1909 1977 1978 1910
f 1910 1978 1979 1911
f 1911 1979 1980 1912
f 1912 1980 1981 1913
f 1913 1981 1982 1914
f 1914 1982 1983 1915
f 1915 1983 1984 1916
f 1916 1984 1985 1917
f 1917 1985 1986 1918
f 1918 1986 1987 1919
f 1919 1987 1988 1920
f 1920 1988 1989 1921
f 1921 1989 1990 1922
f 1922 1990 1991 1923
f 1923 1991 1992 1924
f 1924 1992 1993 1925
f 1925 1993 1994 1926
f 1926 1994 1995 1927
f 1927 1995 1996 1928
f 1928 1996 1997 1929
f 1929 1997 1998 1930
f 1930 1998 1999 1931
f 1931 1999 2000 1932
f 1932 2000 2001 1933
f 1933 2001 2002 1934
f 1934 2002 2003 1935
f 1935 2003 2004 1936
f 1936 2004 2005 1937
f 1937 2005 2006 1938
f 1938 2006 2007 1939
f 1939 2007 2008 1940
f 1940 2008 2009 1941
f 1941 2009 2010 1942
f 1942 2010 2011 1943
f 1943 2011 2012 1944
f 1944 2012 2013 1945
f 1945 2013 2014 1946
f 1946 2014 2015 1947
f 1947 2015 2016 1948
f 1948 2016 2017 1949
f 1949 2017 2018 1950
f 1950 2018 2019 1951
f 1951 2019 2020 1952
f 1952 2020 2021 1953
f 1953 2021 2022 1954
f 1954 2022 2023 1955
f 1955 2023 2024 1956
f 1956 2024 2025 1957
f 1957 2025 2026 1958
f 1958 2026 2027 1959
f 1959 2027 2028 1960
f 1960 2028 2029 1961
f 1961 2029 2030 1962
f 1962 2030 2031 1963
f 1963 2031 2032 1964
f 1964 2032 2033 1965
f 1965 2033 2034 1966
f 1966 2034 2035 1967
f 1967 2035 2036 1968
f 1968 2036 2037 1969
f 1969 2037 2038 1970
f 1970 2038 2039 1971
f 1971 2039 2040 1972
f 1973 2041 2042 1974
f 1974 2042 2043 1975
f 1975 2043 2044 1976
f 1976 2044 2045 1977
f 1977 2045 2046 1978
f 1978 2046 2047 1979
f 1979 2047 2048 1980
f 1980 2048 2049 1981
f 1981 2049 2050 1982
f 1982 2050 2051 1983
f 1983 2051 2052 1984
f 1984 2052 2053 1985
f 1985 2053 2054 1986
f 1986 2054 2055 1987
f 1987 2055 2056 1988
f 1988 2056 2057 1989
f 1989 2057 2058 1990
f 1990 2058 2059 1991
f 1991 2059 2060 1992
f 1992 2060 2061 1993
f 1993 2061 2062 1994
f 1994 2062 2063 1995
f 1995 2063 2064 1996
f 1996 2064 2065 1997
f 1997 2065 2066 1998
f 1998 2066 2067 1999
f 1999 2067 2068 2000
f 2000 2068 2069 2001
f 2001 2069 2070 2002
f 2002 2070 2071 2003
f 2003 2071 2072 2004
f 2004 2072 2073 2005
f 2005 2073 2074 2006
f 2006 2074 2075 2007
f 2007 2075 2076 2008
f 2008 2076 2077 2009
f 2009 2077 2078 2010
f 2010 2078 2079 2011
f 2011 2079 2080 2012
f 2012 2080 2081 2013
f 2013 2081 2082 2014
f 2014 2082 2083 2015
f 2015 2083 2084 2016
f 2016 2084 2085 2017
f 2017 2085 2086 2018
f 2018 2086 2087 2019
f 2019 2087 2088 2020
f 2020 2088 2089 2021
f 2021 2089 2090 2022
f 2022 2090 2091 2023
f 2023 2091 2092 2024
f 2024 2092 2093 2025
f 2025 2093 2094 2026
f 2026 2094 2095 2027
f 2027 2095 2096 2028
f 2028 2096 2097 2029
f 2029 2097 2098 2030
f 2030 2098 2099 2031
f 2031 2099 2100 2032
f 2032 2100 2101 2033
f 2033 2101 2102 2034
f 2034 2102 2103 2035
f 2035 2103 2104 2036
f 2036 2104 2105 2037
f 2037 2105 2106 2038
f 2038 2106 2107 2039
f 2039 2107 2108 2040
f 2041 2109 2110 2042
f 2042 2110 2111 2043
f 2043 2111 2112 2044
f 2044 2112 2113 2045
f 2045 2113 2114 2046
f 2046 2114 2115 2047
f 2047 2115 2116 2048
f 2048 2116 2117 2049
f 2049 2117 2118 2050
f 2050 2118 2119 2051
f 2051 2119 2120 2052
f 2052 2120 2121 2053
f 2053 2121 2122 2054
f 2054 2122 2123 2055
f 2055 2123 2124 2056
f 2056 2124 2125 2057
f 2057 2125 2126 2058
f 2058 2126 2127 2059
f 2059 2127 2128 2060
f 2060 2128 2129 2061
f 2061 2129 2130 2062
f 2062 2130 2131 2063
f 2063 2131 2132 2064
f 2064 2132 2133 2065
f 2065 2133 2134 2066
f 2066 2134 2135 2067
f 2067 2135 2136 2068
f 2068 2136 2137 2069
f 2069 2137 2138 2070
f 2070 2138 2139 2071
f 2071 2139 2140 2072
f 2072 2140 2141 2073
f 2073 2141 2142 2074
f 2074 2142 2143 2075
f 2075 2143 2144 2076
f 2076 2144 2145 2077
f 2077 2145 2146 2078
f 2078 2146 2147 2079
f 2079 2147 2148 2080
f 2080 2148 2149 2081
f 2081 2149 2150 2082
f 2082 2150 2151 2083
f 2083 2151 2152 2084
f 2084 2152 2153 2085
f 2085 2153 2154 2086
f 2086 2154 2155 2087
f 2087 2155 2156 2088
f 2088 2156 2157 2089
f 2089 2157 2158 2090
f 2090 2158 2159 2091
f 2091 2159 2160 2092
f 2092 2160 2161 2093
f 2093 2161 2162 2094
f 2094 2162 2163 2095
f 2095 2163 2164 2096
f 2096 2164 2165 2097
f 2097 2165 2166 2098
f 2098 2166 2167 2099
f 2099 2167 2168 2100
f 2100 2168 2169 2101
f 2101 2169 2170 2102
f 2102 2170 2171 2103
f 2103 2171 2172 2104
f 2104 2172 2173 2105
f 2105 2173 2174 2106
f 2106 2174 2175 2107
f 2107 2175 2176 2108
f 2109 2177 2178 2110
f 2110 2178 2179 2111
f 2111 2179 2180 2112
f 2112 2180 2181 2113
f 2113 2181 2182 2114
f 2114 2182 2183 2115
f 2115 2183 2184 2116
f 2116 2184 2185 2117
f 2117 2185 2186 2118
f 2118 2186 2187 2119
f 2119 2187 2188 2120
f 2120 2188 2189 2121
f 2121 2189 2190 2122
f 2122 2190 2191 2123
f 2123 2191 2192 2124
f 2124 2192 2193 2125
f 2125 2193 2194 2126
f 2126 2194 2195 2127
f 2127 2195 2196 2128
f 2128 2196 2197 2129
f 2129 2197 2198 2130
f 2130 2198 2199 2131
f 2131 2199 2200 2132
f 2132 2200 2201 2133
f 2133 2201 2202 2134
f 2134 2202 2203 2135
f 2135 2203 2204 2136
f 2136 2204 2205 2137
f 2137 2205 2206 2138
f 2138 2206 2207 2139
f 2139 2207 2208 2140
f 2140 2208 2209 2141
f 2141 2209 2210 2142
f 2142 2210 2211 2143
f 2143 2211 2212 2144
f 2144 2212 2213 2145
f 2145 2213 2214 2146
f 2146 2214 2215 2147
f 2147 2215 2216 2148
f 2148 2216 2217 2149
f 2149 2217 2218 2150
f 2150 2218 2219 2151
f 2151 2219 2220 2152
f 2152 2220 2221 2153
f 2153 2221 2222 2154
f 2154 2222 2223 2155
f 2155 2223 2224 2156
f 2156 2224 2225 2157
f 2157 2225 2226 2158
f 2158 2226 2227 2159
f 2159 2227 2228 2160
f 2160 2228 2229 2161
f 2161 2229 2230 2162
f 2162 2230 2231 2163
f 2163 2231 2232 2164
f 2164 2232 2233 2165
f 2165 2233 2234 2166
f 2166 2234 2235 2167
f 2167 2235 2236 2168
f 2168 2236 2237 2169
f 2169 2237 2238 2170
f 2170 2238 2239 2171
f 2171 2239 2240 2172
f 2172 2240 2241 2173
f 2173 2241 2242 2174
f 2174 2242 2243 2175
f 2175 2243 2244 2176
f 2177 2245 2246 2178
f 2178 2246 2247 2179
f 2179 2247 2248 2180
f 2180 2248 2249 2181
f 2181 2249 2250 2182
f 2182 2250 2251 2183
f 2183 2251 2252 2184
f 2184 2252 2253 2185
f 2185 2253 2254 2186
f 2186 2254 2255 2187
f 2187 2255 2256 2188
f 2188 2256 2257 2189
f 2189 2257 2258 2190
f 2190 2258 2259 2191
f 2191 2259 2260 2192
f 2192 2260 2261 2193
f 2193 2261 2262 2194
f 2194 2262 2263 2195
f 2195 2263 2264 2196
f 2196 2264 2265 2197
f 2197 2265 2266 2198
f 2198 2266 2267 2199
f 2199 2267 2268 2200
f 2200 2268 2269 2201
f 2201 2269 2270 2202
f 2202 2270 2271 2203
f 2203 2271 2272 2204
f 2204 2272 2273 2205
f 2205 2273 2274 2206
f 2206 2274 2275 2207
f 2207 2275 2276 2208
f 2208 2276 2277 2209
f 2209 2277 2278 2210
f 2210 2278 2279 2211
f 2211 2279 2280 2212
f 2212 2280 2281 2213
f 2213 2281 2282 2214
f 2214 2282 2283 2215
f 2215 2283 2284 2216
f 2216 2284 2285 2217
f 2217 2285 2286 2218
f 2218 2286 2287 2219
f 2219 2287 2288 2220
f 2220 2288 2289 2221
f 2221 2289 2290 2222
f 2222 2290 2291 2223
f 2223 2291 2292 2224
f 2224 2292 2293 2225
f 2225 2293 2294 2226
f 2226 2294 2295 2227
f 2227 2295 2296 2228
f 2228 2296 2297 2229
f 2229 2297 2298 2230
f 2230 2298 2299 2231
f 2231 2299 2300 2232
f 2232 2300 2301 2233
f 2233 2301 2302 2234
f 2234 2302 2303 2235
f 2235 2303 2304 2236
f 2236 2304 2305 2237
f 2237 2305 2306 2238
f 2238 2306 2307 2239
f 2239 2307 2308 2240
f 2240 2308 2309 2241
f 2241 2309 2310 2242
f 2242 2310 2311 2243
f 2243 2311 2312 2244
f 2245 2313 2314 2246
f 2246 2314 2315 2247
f 2247 2315 2316 2248
f 2248 2316 2317 2249
f 2249 2317 2318 2250
f 2250 2318 2319 2251
f 2251 2319 2320 2252
f 2252 2320 2321 2253
f 2253 2321 2322 2254
f 2254 2322 2323 2255
f 2255 2323 2324 2256
f 2256 2324 2325 2257
f 2257 2325 2326 2258
f 2258 2326 2327 2259
f 2259 2327 2328 2260
f 2260 2328 2329 2261
f 2261 2329 2330 2262
f 2262 2330 2331 2263
f 2263 2331 2332 2264
f 2264 2332 2333 2265
f 2265 2333 2334 2266
f 2266 2334 2335 2267
f 2267 2335 2336 2268
f 2268 2336 2337 2269
f 2269 2337 2338 2270
f 2270 2338 2339 2271
f 2271 2339 2340 2272
f 2272 2340 2341 2273
f 2273 2341 2342 2274
f 2274 2342 2343 2275
f 2275 2343 2344 2276
f 2276 2344 2345 2277
f 2277 2345 2346 2278
f 2278 2346 2347 2279
f 2279 2347 2348 2280
f 2280 2348 2349 2281
f 2281 2349 2350 2282
f 2282 2350 2351 2283
f 2283 2351 2352 2284
f 2284 2352 2353 2285
f 2285 2353 2354 2286
f 2286 2354 2355 2287
f 2287 2355 2356 2288
f 2288 2356 2357 2289
f 2289 2357 2358 2290
f 2290 2358 2359 2291
f 2291 2359 2360 2292
f 2292 2360 2361 2293
f 2293 2361 2362 2294
f 2294 2362 2363 2295
f 2295 2363 2364 2296
f 2296 2364 2365 2297
f 2297 2365 2366 2298
f 2298 2366 2367 2299
f 2299 2367 2368 2300
f 2300 2368 2369 2301
f 2301 2369 2370 2302
f 2302 2370 2371 2303
f 2303 2371 2372 2304
f 2304 2372 2373 2305
f 2305 2373 2374 2306
f 2306 2374 2375 2307
f 2307 2375 2376 2308
f 2308 2376 2377 2309
f 2309 2377 2378 2310
f 2310 2378 2379 2311
f 2311 2379 2380 2312
f 2313 2381 2382 2314
f 2314 2382 2383 2315
f 2315 2383 2384 2316
f 2316 2384 2385 2317
f 2317 2385 2386 2318
f 2318 2386 2387 2319
f 2319 2387 2388 2320
f 2320 2388 2389 2321
f 2321 2389 2390 2322
f 2322 2390 2391 2323
f 2323 2391 2392 2324
f 2324 2392 2393 2325
f 2325 2393 2394 2326
f 2326 2394 2395 2327
f 2327 2395 2396 2328
f 2328 2396 2397 2329
f 2329 2397 2398 2330
f 2330 2398 2399 2331
f 2331 2399 2400 2332
f 2332 2400 2401 2333
f 2333 2401 2402 2334
f 2334 2402 2403 2335
f 2335 2403 2404 2336
f 2336 2404 2405 2337
f 2337 2405 2406 2338
f 2338 2406 2407 2339
f 2339 2407 2408 2340
f 2340 2408 2409 2341
f 2341 2409 2410 2342
f 2342 2410 2411 2343
f 2343 2411 2412 2344
f 2344 2412 2413 2345
f 2345 2413 2414 2346
f 2346 2414 2415 2347
f 2347 2415 2416 2348
f 2348 2416 2417 2349
f 2349 2417 2418 2350
f 2350 2418 2419 2351
f 2351 2419 2420 2352
f 2352 2420 2421 2353
f 2353 2421 2422 2354
f 2354 2422 2423 2355
f 2355 2423 2424 2356
f 2356 2424 2425 2357
f 2357 2425 2426 2358
f 2358 2426 2427 2359
f 2359 2427 2428 2360
f 2360 2428 2429 2361
f 2361 2429 2430 2362
f 2362 2430 2431 2363
f 2363 2431 2432 2364
f 2364 2432 2433 2365
f 2365 2433 2434 2366
f 2366 2434 2435 2367
f 2367 2435 2436 2368
f 2368 2436 2437 2369
f 2369 2437 2438 2370
f 2370 2438 2439 2371
f 2371 2439 2440 2372
f 2372 2440 2441 2373
f 2373 2441 2442 2374
f 2374 2442 2443 2375
f 2375 2443 2444 2376
f 2376 2444 2445 2377
f 2377 2445 2446 2378
f 2378 2446 2447 2379
f 2379 2447 2448 2380
f 2381 2449 2450 2382
f 2382 2450 2451 2383
f 2383 2451 2452 2384
f 2384 2452 2453 2385
f 2385 2453 2454 2386
f 2386 2454 2455 2387
f 2387 2455 2456 2388
f 2388 2456 2457 2389
f 2389 2457 2458 2390
f 2390 2458 2459 2391
f 2391 2459 2460 2392
f 2392 2460 2461 2393
f 2393 2461 2462 2394
f 2394 2462 2463 2395
f 2395 2463 2464 2396
f 2396 2464 2465 2397
f 2397 2465 2466 2398
f 2398 2466 2467 2399
f 2399 2467 2468 2400
f 2400 2468 2469 2401
f 2401 2469 2470 2402
f 2402 2470 2471 2403
f 2403 2471 2472 2404
f 2404 2472 2473 2405
f 2405 2473 2474 2406
f 2406 2474 2475 2407
f 2407 2475 2476 2408
f 2408 2476 2477 2409
f 2409 2477 2478 2410
f 2410 2478 2479 2411
f 2411 2479 2480 2412
f 2412 2480 2481 2413
f 2413 2481 2482 2414
f 2414 2482 2483 2415
f 2415 2483 2484 2416
f 2416 2484 2485 2417
f 2417 2485 2486 2418
f 2418 2486 2487 2419
f 2419 2487 2488 2420
f 2420 2488 2489 2421
f 2421 2489 2490 2422
f 2422 2490 2491 2423
f 2423 2491 2492 2424
f 2424 2492 2493 2425
f 2425 2493 2494 2426
f 2426 2494 2495 2427
f 2427 2495 2496 2428
f 2428 2496 2497 2429
f 2429 2497 2498 2430
f 2430 2498 2499 2431
f 2431 2499 2500 2432
f 2432 2500 2501 2433
f 2433 2501 2502 2434
f 2434 2502 2503 2435
f 2435 2503 2504 2436
f 2436 2504 2505 2437
f 2437 2505 2506 2438
f 2438 2506 2507 2439
f 2439 2507 2508 2440
f 2440 2508 2509 2441
f 2441 2509 2510 2442
f 2442 2510 2511 2443
f 2443 2511 2512 2444
f 2444 2512 2513 2445
f 2445 2513 2514 2446
f 2446 2514 2515 2447
f 2447 2515 2516 2448
f 2449 2517 2518 2450
f 2450 2518 2519 2451
f 2451 2519 2520 2452
f 2452 2520 2521 2453
f 2453 2521 2522 2454
f 2454 2522 2523 2455
f 2455 2523 2524 2456
f 2456 2524 2525 2457
f 2457 2525 2526 2458
f 2458 2526 2527 2459
f 2459 2527 2528 2460
f 2460 2528 2529 2461
f 2461 2529 2530 2462
f 2462 2530 2531 2463
f 2463 2531 2532 2464
f 2464 2532 2533 2465
f 2465 2533 2534 2466
f 2466 2534 2535 2467
f 2467 2535 2536 2468
f 2468 2536 2537 2469
f 2469 2537 2538 2470
f 2470 2538 2539 2471
f 2471 2539 2540 2472
f 2472 2540 2541 2473
f 2473 2541 2542 2474
f 2474 2542 2543 2475
f 2475 2543 2544 2476
f 2476 2544 2545 2477
f 2477 2545 2546 2478
f 2478 2546 2547 2479
f 2479 2547 2548 2480
f 2480 2548 2549 2481
f 2481 2549 2550 2482
f 2482 2550 2551 2483
f 2483 2551 2552 2484
f 2484 2552 2553 2485
f 2485 2553 2554 2486
f 2486 2554 2555 2487
f 2487 2555 2556 2488
f 2488 2556 2557 2489
f 2489 2557 2558 2490
f 2490 2558 2559 2491
f 2491 2559 2560 2492
f 2492 2560 2561 2493
f 2493 2561 2562 2494
f 2494 2562 2563 2495
f 2495 2563 2564 2496
f 2496 2564 2565 2497
f 2497 2565 2566 2498
f 2498 2566 2567 2499
f 2499 2567 2568 2500
f 2500 2568 2569 2501
f 2501 2569 2570 2502
f 2502 2570 2571 2503
f 2503 2571 2572 2504
f 2504 2572 2573 2505
f 2505 2573 2574 2506
f 2506 2574 2575 2507
f 2507 2575 2576 2508
f 2508 2576 2577 2509
f 2509 2577 2578 2510
f 2510 2578 2579 2511
f 2511 2579 2580 2512
f 2512 2580 2581 2513
f 2513 2581 2582 2514
f 2514 2582 2583 2515
f 2515 2583 2584 2516
f 2517 2585 2586 2518
f 2518 2586 2587 2519
f 2519 2587 2588 2520
f 2520 2588 2589 2521
f 2521 2589 2590 2522
f 2522 2590 2591 2523
f 2523 2591 2592 2524
f 2524 2592 2593 2525
f 2525 2593 2594 2526
f 2526 2594 2595 2527
f 2527 2595 2596 2528
f 2528 2596 2597 2529
f 2529 2597 2598 2530
f 2530 2598 2599 2531
f 2531 2599 2600 2532
f 2532 2600 2601 2533
f 2533 2601 2602 2534
f 2534 2602 2603 2535
f 2535 2603 2604 2536
f 2536 2604 2605 2537
f 2537 2605 2606 2538
f 2538 2606 2607 2539
f 2539 2607 2608 2540
f 2540 2608 2609 2541
f 2541 2609 2610 2542
f 2542 2610 2611 2543
f 2543 2611 2612 2544
f 2544 2612 2613 2545
f 2545 2613 2614 2546
f 2546 2614 2615 2547
f 2547 2615 2616 2548
f 2548 2616 2617 2549
f 2549 2617 2618 2550
f 2550 2618 2619 2551
f 2551 2619 2620 2552
f 2552 2620 2621 2553
f 2553 2621 2622 2554
f 2554 2622 2623 2555
f 2555 2623 2624 2556
f 2556 2624 2625 2557
f 2557 2625 2626 2558
f 2558 2626 2627 2559
f 2559 2627 2628 2560
f 2560 2628 2629 2561
f 2561 2629 2630 2562
f 2562 2630 2631 2563
f 2563 2631 2632 2564
f 2564 2632 2633 2565
f 2565 2633 2634 2566
f 2566 2634 2635 2567
f 2567 2635 2636 2568
f 2568 2636 2637 2569
f 2569 2637 2638 2570
f 2570 2638 2639 2571
f 2571 2639 2640 2572
f 2572 2640 2641 2573
f 2573 2641 2642 2574
f 2574 2642 2643 2575
f 2575 2643 2644 2576
f 2576 2644 2645 2577
f 2577 2645 2646 2578
f 2578 2646 2647 2579
f 2579 2647 2648 2580
f 2580 2648 2649 2581
f 2581 2649 2650 2582
f 2582 2650 2651 2583
f 2583 2651 2652 2584
f 2585 2653 2654 2586
f 2586 2654 2655 2587
f 2587 2655 2656 2588
f 2588 2656 2657 2589
f 2589 2657 2658 2590
f 2590 2658 2659 2591
f 2591 2659 2660 2592
f 2592 2660 2661 2593
f 2593 2661 2662 2594
f 2594 2662 2663 2595
f 2595 2663 2664 2596
f 2596 2664 2665 2597
f 2597 2665 2666 2598
f 2598 2666 2667 2599
f 2599 2667 2668 2600
f 2600 2668 2669 2601
f 2601 2669 2670 2602
f 2602 2670 2671 2603
f 2603 2671 2672 2604
f 2604 2672 2673 2605
f 2605 2673 2674 2606
f 2606 2674 2675 2607
f 2607 2675 2676 2608
f 2608 2676 2677 2609
f 2609 2677 2678 2610
f 2610 2678 2679 2611
f 2611 2679 2680 2612
f 2612 2680 2681 2613
f 2613 2681 2682 2614
f 2614 2682 2683 2615
f 2615 2683 2684 2616
f 2616 2684 2685 2617
f 2617 2685 2686 2618
f 2618 2686 2687 2619
f 2619 2687 2688 2620
f 2620 2688 2689 2621
f 2621 2689 2690 2622
f 2622 2690 2691 2623
f 2623 2691 2692 2624
f 2624 2692 2693 2625
f 2625 2693 2694 2626
f 2626 2694 2695 2627
f 2627 2695 2696 2628
f 2628 2696 2697 2629
f 2629 2697 2698 2630
f 2630 2698 2699 2631
f 2631 2699 2700 2632
f 2632 2700 2701 2633
f 2633 2701 2702 2634
f 2634 2702 2703 2635
f 2635 2703 2704 2636
f 2636 2704 2705 2637
f 2637 2705 2706 2638
f 2638 2706 2707 2639
f 2639 2707 2708 2640
f 2640 2708 2709 2641
f 2641 2709 2710 2642
f 2642 2710 2711 2643
f 2643 2711 2712 2644
f 2644 2712 2713 2645
f 2645 2713 2714 2646
f 2646 2714 2715 2647
f 2647 2715 2716 2648
f 2648 2716 2717 2649
f 2649 2717 2718 2650
f 2650 2718 2719 2651
f 2651 2719 2720 2652
f 2653 2721 2722 2654
f 2654 2722 2723 2655
f 2655 2723 2724 2656
f 2656 2724 2725 2657
f 2657 2725 2726 2658
f 2658 2726 2727 2659
f 2659 2727 2728 2660
f 2660 2728 2729 2661
f 2661 2729 2730 2662
f 2662 2730 2731 2663
f 2663 2731 2732 2664
f 2664 2732 2733 2665
f 2665 2733 2734 2666
f 2666 2734 2735 2667
f 2667 2735 2736 2668
f 2668 2736 2737 2669
f 2669 2737 2738 2670
f 2670 2738 2739 2671
f 2671 2739 2740 2672
f 2672 2740 2741 2673
f 2673 2741 2742 2674
f 2674 2742 2743 2675
f 2675 2743 2744 2676
f 2676 2744 2745 2677
f 2677 2745 2746 2678
f 2678 2746 2747 2679
f 2679 2747 2748 2680
f 2680 2748 2749 2681
f 2681 2749 2750 2682
f 2682 2750 2751 2683
f 2683 2751 2752 2684
f 2684 2752 2753 2685
f 2685 2753 2754 2686
f 2686 2754 2755 2687
f 2687 2755 2756 2688
f 2688 2756 2757 2689
f 2689 2757 2758 2690
f 2690 2758 2759 2691
f 2691 2759 2760 2692
f 2692 2760 2761 2693
f 2693 2761 2762 2694
f 2694 2762 2763 2695
f 2695 2763 2764 2696
f 2696 2764 2765 2697
f 2697 2765 2766 2698
f 2698 2766 2767 2699
f 2699 2767 2768 2700
f 2700 2768 2769 2701
f 2701 2769 2770 2702
f 2702 2770 2771 2703
f 2703 2771 2772 2704
f 2704 2772 2773 2705
f 2705 2773 2774 2706
f 2706 2774 2775 2707
f 2707 2775 2776 2708
f 2708 2776 2777 2709
f 2709 2777 2778 2710
f 2710 2778 2779 2711
f 2711 2779 2780 2712
f 2712 2780 2781 2713
f 2713 2781 2782 2714
f 2714 2782 2783 2715
f 2715 2783 2784 2716
f 2716 2784 2785 2717
f 2717 2785 2786 2718
f 2718 2786 2787 2719
f 2719 2787 2788 2720
f 2721 2789 2790 2722
f 2722 2790 2791 2723
f 2723 2791 2792 2724
f 2724 2792 2793 2725
f 2725 2793 2794 2726
f 2726 2794 2795 2727
f 2727 2795 2796 2728
f 2728 2796 2797 2729
f 2729 2797 2798 2730
f 2730 2798 2799 2731
f 2731 2799 2800 2732
f 2732 2800 2801 2733
f 2733 2801 2802 2734
f 2734 2802 2803 2735
f 2735 2803 2804 2736
f 2736 2804 2805 2737
f 2737 2805 2806 2738
f 2738 2806 2807 2739
f 2739 2807 2808 2740
f 2740 2808 2809 2741
f 2741 2809 2810 2742
f 2742 2810 2811 2743
f 2743 2811 2812 2744
f 2744 2812 2813 2745
f 2745 2813 2814 2746
f 2746 2814 2815 2747
f 2747 2815 2816 2748
f 2748 2816 2817 2749
f 2749 2817 2818 2750
f 2750 2818 2819 2751
f 2751 2819 2820 2752
f 2752 2820 2821 2753
f 2753 2821 2822 2754
f 2754 2822 2823 2755
f 2755 2823 2824 2756
f 2756 2824 2825 2757
f 2757 2825 2826 2758
f 2758 2826 2827 2759
f 2759 2827 2828 2760
f 2760 2828 2829 2761
f 2761 2829 2830 2762
f 2762 2830 2831 2763
f 2763 2831 2832 2764
f 2764 2832 2833 2765
f 2765 2833 2834 2766
f 2766 2834 2835 2767
f 2767 2835 2836 2768
f 2768 2836 2837 2769
f 2769 2837 2838 2770
f 2770 2838 2839 2771
f 2771 2839 2840 2772
f 2772 2840 2841 2773
f 2773 2841 2842 2774
f 2774 2842 2843 2775
f 2775 2843 2844 2776
f 2776 2844 2845 2777
f 2777 2845 2846 2778
f 2778 2846 2847 2779
f 2779 2847 2848 2780
f 2780 2848 2849 2781
f 2781 2849 2850 2782
f 2782 2850 2851 2783
f 2783 2851 2852 2784
f 2784 2852 2853 2785
f 2785 2853 2854 2786
f 2786 2854 2855 2787
f 2787 2855 2856 2788
f 2789 2857 2858 2790
f 2790 2858 2859 2791
f 2791 2859 2860 2792
f 2792 2860 2861 2793
f 2793 2861 2862 2794
f 2794 2862 2863 2795
f 2795 2863 2864 2796
f 2796 2864 2865 2797
f 2797 2865 2866 2798
f 2798 2866 2867 2799
f 2799 2867 2868 2800
f 2800 2868 2869 2801
f 2801 2869 2870 2802
f 2802 2870 2871 2803
f 2803 2871 2872 2804
f 2804 2872 2873 2805
f 2805 2873 2874 2806
f 2806 2874 2875 2807
f 2807 2875 2876 2808
f 2808 2876 2877 2809
f 2809 2877 2878 2810
f 2810 2878 2879 2811
f 2811 2879 2880 2812
f 2812 2880 2881 2813
f 2813 2881 2882 2814
f 2814 2882 2883 2815
f 2815 2883 2884 2816
f 2816 2884 2885 2817
f 2817 2885 2886 2818
f 2818 2886 2887 2819
f 2819 2887 2888 2820
f 2820 2888 2889 2821
f 2821 2889 2890 2822
f 2822 2890 2891 2823
f 2823 2891 2892 2824
f 2824 2892 2893 2825
f 2825 2893 2894 2826
f 2826 2894 2895 2827
f 2827 2895 2896 2828
f 2828 2896 2897 2829
f 2829 2897 2898 2830
f 2830 2898 2899 2831
f 2831 2899 2900 2832
f 2832 2900 2901 2833
f 2833 2901 2902 2834
f 2834 2902 2903 2835
f 2835 2903 2904 2836
f 2836 2904 2905 2837
f 2837 2905 2906 2838
f 2838 2906 2907 2839
f 2839 2907 2908 2840
f 2840 2908 2909 2841
f 2841 2909 2910 2842
f 2842 2910 2911 2843
f 2843 2911 2912 2844
f 2844 2912 2913 2845
f 2845 2913 2914 2846
f 2846 2914 2915 2847
f 2847 2915 2916 2848
f 2848 2916 2917 2849
f 2849 2917 2918 2850
f 2850 2918 2919 2851
f 2851 2919 2920 2852
f 2852 2920 2921 2853
f 2853 2921 2922 2854
f 2854 2922 2923 2855
f 2855 2923 2924 2856
f 2857 2925 2926 2858
f 2858 2926 2927 2859
f 2859 2927 2928 2860
f 2860 2928 2929 2861
f 2861 2929 2930 2862
f 2862 2930 2931 2863
f 2863 2931 2932 2864
f 2864 2932 2933 2865
f 2865 2933 2934 2866
f 2866 2934 2935 2867
f 2867 2935 2936 2868
f 2868 2936 2937 2869
f 2869 2937 2938 2870
f 2870 2938 2939 2871
f 2871 2939 2940 2872
f 2872 2940 2941 2873
f 2873 2941 2942 2874
f 2874 2942 2943 2875
f 2875 2943 2944 2876
f 2876 2944 2945 2877
f 2877 2945 2946 2878
f 2878 2946 2947 2879
f 2879 2947 2948 2880
f 2880 2948 2949 2881
f 2881 2949 2950 2882
f 2882 2950 2951 2883
f 2883 2951 2952 2884
f 2884 2952 2953 2885
f 2885 2953 2954 2886
f 2886 2954 2955 2887
f 2887 2955 2956 2888
f 2888 2956 2957 2889
f 2889 2957 2958 2890
f 2890 2958 2959 2891
f 2891 2959 2960 2892
f 2892 2960 2961 2893
f 2893 2961 2962 2894
f 2894 2962 2963 2895
f 2895 2963 2964 2896
f 2896 2964 2965 2897
f 2897 2965 2966 2898
f 2898 2966 2967 2899
f 2899 2967 2968 2900
f 2900 2968 2969 2901
f 2901 2969 2970 2902
f 2902 2970 2971 2903
f 2903 2971 2972 2904
f 2904 2972 2973 2905
f 2905 2973 2974 2906
f 2906 2974 2975 2907
f 2907 2975 2976 2908
f 2908 2976 2977 2909
f 2909 2977 2978 2910
f 2910 2978 2979 2911
f 2911 2979 2980 2912
f 2912 2980 2981 2913
f 2913 2981 2982 2914
f 2914 2982 2983 2915
f 2915 2983 2984 2916
f 2916 2984 2985 2917
f 2917 2985 2986 2918
f 2918 2986 2987 2919
f 2919 2987 2988 2920
f 2920 2988 2989 2921
f 2921 2989 2990 2922
f 2922 2990 2991 2923
f 2923 2991 2992 2924
f 2925 2993 2994 2926
f 2926 2994 2995 2927
f 2927 2995 2996 2928
f 2928 2996 2997 2929
f 2929 2997 2998 2930
f 2930 2998 2999 2931
f 2931 2999 3000 2932
f 2932 3000 3001 2933
f 2933 3001 3002 2934
f 2934 3002 3003 2935
f 2935 3003 3004 2936
f 2936 3004 3005 2937
f 2937 3005 3006 2938
f 2938 3006 3007 2939
f 2939 3007 3008 2940
f 2940 3008 3009 2941
f 2941 3009 3010 2942
f 2942 3010 3011 2943
f 2943 3011 3012 2944
f 2944 3012 3013 2945
f 2945 3013 3014 2946
f 2946 3014 3015 2947
f 2947 3015 3016 2948
f 2948 3016 3017 2949
f 2949 3017 3018 2950
f 2950 3018 3019 2951
f 2951 3019 3020 2952
f 2952 3020 3021 2953
f 2953 3021 3022 2954
f 2954 3022 3023 2955
f 2955 3023 3024 2956
f 2956 3024 3025 2957
f 2957 3025 3026 2958
f 2958 3026 3027 2959
f 2959 3027 3028 2960
f 2960 3028 3029 2961
f 2961 3029 3030 2962
f 2962 3030 3031 2963
f 2963 3031 3032 2964
f 2964 3032 3033 2965
f 2965 3033 3034 2966
f 2966 3034 3035 2967
f 2967 3035 3036 2968
f 2968 3036 3037 2969
f 2969 3037 3038 2970
f 2970 3038 3039 2971
f 2971 3039 3040 2972
f 2972 3040 3041 2973
f 2973 3041 3042 2974
f 2974 3042 3043 2975
f 2975 3043 3044 2976
f 2976 3044 3045 2977
f 2977 3045 3046 2978
f 2978 3046 3047 2979
f 2979 3047 3048 2980
f 2980 3048 3049 2981
f 2981 3049 3050 2982
f 2982 3050 3051 2983
f 2983 3051 3052 2984
f 2984 3052 3053 2985
f 2985 3053 3054 2986
f 2986 3054 3055 2987
f 2987 3055 3056 2988
f 2988 3056 3057 2989
f 2989 3057 3058 2990
f 2990 3058 3059 2991
f 2991 3059 3060 2992
f 2993 3061 3062 2994
f 2994 3062 3063 2995
f 2995 3063 3064 2996
f 2996 3064 3065 2997
f 2997 3065 3066 2998
f 2998 3066 3067 2999
f 2999 3067 3068 3000
f 3000 3068 3069 3001
f 3001 3069 3070 3002
f 3002 3070 3071 3003
f 3003 3071 3072 3004
f 3004 3072 3073 3005
f 3005 3073 3074 3006
f 3006 3074 3075 3007
f 3007 3075 3076 3008
f 3008 3076 3077 3009
f 3009 3077 3078 3010
f 3010 3078 3079 3011
f 3011 3079 3080 3012
f 3012 3080 3081 3013
f 3013 3081 3082 3014
f 3014 3082 3083 3015
f 3015 3083 3084 3016
f 3016 3084 3085 3017
f 3017 3085 3086 3018
f 3018 3086 3087 3019
f 3019 3087 3088 3020
f 3020 3088 3089 3021
f 3021 3089 3090 3022
f 3022 3090 3091 3023
f 3023 3091 3092 3024
f 3024 3092 3093 3025
f 3025 3093 3094 3026
f 3026 3094 3095 3027
f 3027 3095 3096 3028
f 3028 3096 3097 3029
f 3029 3097 3098 3030
f 3030 3098 3099 3031
f 3031 3099 3100 3032
f 3032 3100 3101 3033
f 3033 3101 3102 3034
f 3034 3102 3103 3035
f 3035 3103 3104 3036
f 3036 3104 3105 3037
f 3037 3105 3106 3038
f 3038 3106 3107 3039
f 3039 3107 3108 3040
f 3040 3108 3109 3041
f 3041 3109 3110 3042
f 3042 3110 3111 3043
f 3043 3111 3112 3044
f 3044 3112 3113 3045
f 3045 3113 3114 3046
f 3046 3114 3115 3047
f 3047 3115 3116 3048
f 3048 3116 3117 3049
f 3049 3117 3118 3050
f 3050 3118 3119 3051
f 3051 3119 3120 3052
f 3052 3120 3121 3053
f 3053 3121 3122 3054
f 3054 3122 3123 3055
f 3055 3123 3124 3056
f 3056 3124 3125 3057
f 3057 3125 3126 3058
f 3058 3126 3127 3059
f 3059 3127 3128 3060
f 3061 3129 3130 3062
f 3062 3130 3131 3063
f 3063 3131 3132 3064
f 3064 3132 3133 3065
f 3065 3133 3134 3066
f 3066 3134 3135 3067
f 3067 3135 3136 3068
f 3068 3136 3137 3069
f 3069 3137 3138 3070
f 3070 3138 3139 3071
f 3071 3139 3140 3072
f 3072 3140 3141 3073
f 3073 3141 3142 3074
f 3074 3142 3143 3075
f 3075 3143 3144 3076
f 3076 3144 3145 3077
f 3077 3145 3146 3078
f 3078 3146 3147 3079
f 3079 3147 3148 3080
f 3080 3148 3149 3081
f 3081 3149 3150 3082
f 3082 3150 3151 3083
f 3083 3151 3152 3084
f 3084 3152 3153 3085
f 3085 3153 3154 3086
f 3086 3154 3155 3087
f 3087 3155 3156 3088
f 3088 3156 3157 3089
f 3089 3157 3158 3090
f 3090 3158 3159 3091
f 3091 3159 3160 3092
f 3092 3160 3161 3093
f 3093 3161 3162 3094
f 3094 3162 3163 3095
f 3095 3163 3164 3096
f 3096 3164 3165 3097
f 3097 3165 3166 3098
f 3098 3166 3167 3099
f 3099 3167 3168 3100
f 3100 3168 3169 3101
f 3101 3169 3170 3102
f 3102 3170 3171 3103
f 3103 3171 3172 3104
f 3104 3172 3173 3105
f 3105 3173 3174 3106
f 3106 3174 3175 3107
f 3107 3175 3176 3108
f 3108 3176 3177 3109
f 3109 3177 3178 3110
f 3110 3178 3179 3111
f 3111 3179 3180 3112
f 3112 3180 3181 3113
f 3113 3181 3182 3114
f 3114 3182 3183 3115
f 3115 3183 3184 3116
f 3116 3184 3185 3117
f 3117 3185 3186 3118
f 3118 3186 3187 3119
f 3119 3187 3188 3120
f 3120 3188 3189 3121
f 3121 3189 3190 3122
f 3122 3190 3191 3123
f 3123 3191 3192 3124
f 3124 3192 3193 3125
f 3125 3193 3194 3126
f 3126 3194 3195 3127
f 3127 3195 3196 3128
f 3129 3197 3198 3130
f 3130 3198 3199 3131
f 3131 3199 3200 3132
f 3132 3200 3201 3133
f 3133 3201 3202 3134
f 3134 3202 3203 3135
f 3135 3203 3204 3136
f 3136 3204 3205 3137
f 3137 3205 3206 3138
f 3138 3206 3207 3139
f 3139 3207 3208 3140
f 3140 3208 3209 3141
f 3141 3209 3210 3142
f 3142 3210 3211 3143
f 3143 3211 3212 3144
f 3144 3212 3213 3145
f 3145 3213 3214 3146
f 3146 3214 3215 3147
f 3147 3215 3216 3148
f 3148 3216 3217 3149
f 3149 3217 3218 3150
f 3150 3218 3219 3151
f 3151 3219 3220 3152
f 3152 3220 3221 3153
f 3153 3221 3222 3154
f 3154 3222 3223 3155
f 3155 3223 3224 3156
f 3156 3224 3225 3157
f 3157 3225 3226 3158
f 3158 3226 3227 3159
f 3159 3227 3228 3160
f 3160 3228 3229 3161
f 3161 3229 3230 3162
f 3162 3230 3231 3163
f 3163 3231 3232 3164
f 3164 3232 3233 3165
f 3165 3233 3234 3166
f 3166 3234 3235 3167
f 3167 3235 3236 3168
f 3168 3236 3237 3169
f 3169 3237 3238 3170
f 3170 3238 3239 3171
f 3171 3239 3240 3172
f 3172 3240 3241 3173
f 3173 3241 3242 3174
f 3174 3242 3243 3175
f 3175 3243 3244 3176
f 3176 3244 3245 3177
f 3177 3245 3246 3178
f 3178 3246 3247 3179
f 3179 3247 3248 3180
f 3180 3248 3249 3181
f 3181 3249 3250 3182
f 3182 3250 3251 3183
f 3183 3251 3252 3184
f 3184 3252 3253 3185
f 3185 3253 3254 3186
f 3186 3254 3255 3187
f 3187 3255 3256 3188
f 3188 3256 3257 3189
f 3189 3257 3258 3190
f 3190 3258 3259 3191
f 3191 3259 3260 3192
f 3192 3260 3261 3193
f 3193 3261 3262 3194
f 3194 3262 3263 3195
f 3195 3263 3264 3196
f 3197 3265 3266 3198
f 3198 3266 3267 3199
f 3199 3267 3268 3200
f 3200 3268 3269 3201
f 3201 3269 3270 3202
f 3202 3270 3271 3203
f 3203 3271 3272 3204
f 3204 3272 3273 3205
f 3205 3273 3274 3206
f 3206 3274 3275 3207
f 3207 3275 3276 3208
f 3208 3276 3277 3209
f 3209 3277 3278 3210
f 3210 3278 3279 3211
f 3211 3279 3280 3212
f 3212 3280 3281 3213
f 3213 3281 3282 3214
f 3214 3282 3283 3215
f 3215 3283 3284 3216
f 3216 3284 3285 3217
f 3217 3285 3286 3218
f 3218 3286 3287 3219
f 3219 3287 3288 3220
f 3220 3288 3289 3221
f 3221 3289 3290 3222
f 3222 3290 3291 3223
f 3223 3291 3292 3224
f 3224 3292 3293 3225
f 3225 3293 3294 3226
f 3226 3294 3295 3227
f 3227 3295 3296 3228
f 3228 3296 3297 3229
f 3229 3297 3298 3230
f 3230 3298 3299 3231
f 3231 3299 3300 3232
f 3232 3300 3301 3233
f 3233 3301 3302 3234
f 3234 3302 3303 3235
f 3235 3303 3304 3236
f 3236 3304 3305 3237
f 3237 3305 3306 3238
f 3238 3306 3307 3239
f 3239 3307 3308 3240
f 3240 3308 3309 3241
f 3241 3309 3310 3242
f 3242 3310 3311 3243
f 3243 3311 3312 3244
f 3244 3312 3313 3245
f 3245 3313 3314 3246
f 3246 3314 3315 3247
f 3247 3315 3316 3248
f 3248 3316 3317 3249
f 3249 3317 3318 3250
f 3250 3318 3319 3251
f 3251 3319 3320 3252
f 3252 3320 3321 3253
f 3253 3321 3322 3254
f 3254 3322 3323 3255
f 3255 3323 3324 3256
f 3256 3324 3325 3257
f 3257 3325 3326 3258
f 3258 3326 3327 3259
f 3259 3327 3328 3260
f 3260 3328 3329 3261
f 3261 3329 3330 3262
f 3262 3330 3331 3263
f 3263 3331 3332 3264
f 3265 3333 3334 3266
f 3266 3334 3335 3267
f 3267 3335 3336 3268
f 3268 3336 3337 3269
f 3269 3337 3338 3270
f 3270 3338 3339 3271
f 3271 3339 3340 3272
f 3272 3340 3341 3273
f 3273 3341 3342 3274
f 3274 3342 3343 3275
f 3275 3343 3344 3276
f 3276 3344 3345 3277
f 3277 3345 3346 3278
f 3278 3346 3347 3279
f 3279 3347 3348 3280
f 3280 3348 3349 3281
f 3281 3349 3350 3282
f 3282 3350 3351 3283
f 3283 3351 3352 3284
f 3284 3352 3353 3285
f 3285 3353 3354 3286
f 3286 3354 3355 3287
f 3287 3355 3356 3288
f 3288 3356 3357 3289
f 3289 3357 3358 3290
f 3290 3358 3359 3291
f 3291 3359 3360 3292
f 3292 3360 3361 3293
f 3293 3361 3362 3294
f 3294 3362 3363 3295
f 3295 3363 3364 3296
f 3296 3364 3365 3297
f 3297 3365 3366 3298
f 3298 3366 3367 3299
f 3299 3367 3368 3300
f 3300 3368 3369 3301
f 3301 3369 3370 3302
f 3302 3370 3371 3303
f 3303 3371 3372 3304
f 3304 3372 3373 3305
f 3305 3373 3374 3306
f 3306 3374 3375 3307
f 3307 3375 3376 3308
f 3308 3376 3377 3309
f 3309 3377 3378 3310
f 3310 3378 3379 3311
f 3311 3379 3380 3312
f 3312 3380 3381 3313
f 3313 3381 3382 3314
f 3314 3382 3383 3315
f 3315 3383 3384 3316
f 3316 3384 3385 3317
f 3317 3385 3386 3318
f 3318 3386 3387 3319
f 3319 3387 3388 3320
f 3320 3388 3389 3321
f 3321 3389 3390 3322
f 3322 3390 3391 3323
f 3323 3391 3392 3324
f 3324 3392 3393 3325
f 3325 3393 3394 3326
f 3326 3394 3395 3327
f 3327 3395 3396 3328
f 3328 3396 3397 3329
f 3329 3397 3398 3330
f 3330 3398 3399 3331
f 3331 3399 3400 3332
f 3333 3401 3402 3334
f 3334 3402 3403 3335
f 3335 3403 3404 3336
f 3336 3404 3405 3337
f 3337 3405 3406 3338
f 3338 3406 3407 3339
f 3339 3407 3408 3340
f 3340 3408 3409 3341
f 3341 3409 3410 3342
f 3342 3410 3411 3343
f 3343 3411 3412 3344
f 3344 3412 3413 3345
f 3345 3413 3414 3346
f 3346 3414 3415 3347
f 3347 3415 3416 3348
f 3348 3416 3417 3349
f 3349 3417 3418 3350
f 3350 3418 3419 3351
f 3351 3419 3420 3352
f 3352 3420 3421 3353
f 3353 3421 3422 3354
f 3354 3422 3423 3355
f 3355 3423 3424 3356
f 3356 3424 3425 3357
f 3357 3425 3426 3358
f 3358 3426 3427 3359
f 3359 3427 3428 3360
f 3360 3428 3429 3361
f 3361 3429 3430 3362
f 3362 3430 3431 3363
f 3363 3431 3432 3364
f 3364 3432 3433 3365
f 3365 3433 3434 3366
f 3366 3434 3435 3367
f 3367 3435 3436 3368
f 3368 3436 3437 3369
f 3369 3437 3438 3370
f 3370 3438 3439 3371
f 3371 3439 3440 3372
f 3372 3440 3441 3373
f 3373 3441 3442 3374
f 3374 3442 3443 3375
f 3375 3443 3444 3376
f 3376 3444 3445 3377
f 3377 3445 3446 3378
f 3378 3446 3447 3379
f 3379 3447 3448 3380
f 3380 3448 3449 3381
f 3381 3449 3450 3382
f 3382 3450 3451 3383
f 3383 3451 3452 3384
f 3384 3452 3453 3385
f 3385 3453 3454 3386
f 3386 3454 3455 3387
f 3387 3455 3456 3388
f 3388 3456 3457 3389
f 3389 3457 3458 3390
f 3390 3458 3459 3391
f 3391 3459 3460 3392
f 3392 3460 3461 3393
f 3393 3461 3462 3394
f 3394 3462 3463 3395
f 3395 3463 3464 3396
f 3396 3464 3465 3397
f 3397 3465 3466 3398
f 3398 3466 3467 3399
f 3399 3467 3468 3400
f 3401 3469 3470 3402
f 3402 3470 3471 3403
f 3403 3471 3472 3404
f 3404 3472 3473 3405
f 3405 3473 3474 3406
f 3406 3474 3475 3407
f 3407 3475 3476 3408
f 3408 3476 3477 3409
f 3409 3477 3478 3410
f 3410 3478 3479 3411
f 3411 3479 3480 3412
f 3412 3480 3481 3413
f 3413 3481 3482 3414
f 3414 3482 3483 3415
f 3415 3483 3484 3416
f 3416 3484 3485 3417
f 3417 3485 3486 3418
f 3418 3486 3487 3419
f 3419 3487 3488 3420
f 3420 3488 3489 3421
f 3421 3489 3490 3422
f 3422 3490 3491 3423
f 3423 3491 3492 3424
f 3424 3492 3493 3425
f 3425 3493 3494 3426
f 3426 3494 3495 3427
f 3427 3495 3496 3428
f 3428 3496 3497 3429
f 3429 3497 3498 3430
f 3430 3498 3499 3431
f 3431 3499 3500 3432
f 3432 3500 3501 3433
f 3433 3501 3502 3434
f 3434 3502 3503 3435
f 3435 3503 3504 3436
f 3436 3504 3505 3437
f 3437 3505 3506 3438
f 3438 3506 3507 3439
f 3439 3507 3508 3440
f 3440 3508 3509 3441
f 3441 3509 3510 3442
f 3442 3510 3511 3443
f 3443 3511 3512 3444
f 3444 3512 3513 3445
f 3445 3513 3514 3446
f 3446 3514 3515 3447
f 3447 3515 3516 3448
f 3448 3516 3517 3449
f 3449 3517 3518 3450
f 3450 3518 3519 3451
f 3451 3519 3520 3452
f 3452 3520 3521 3453
f 3453 3521 3522 3454
f 3454 3522 3523 3455
f 3455 3523 3524 3456
f 3456 3524 3525 3457
f 3457 3525 3526 3458
f 3458 3526 3527 3459
f 3459 3527 3528 3460
f 3460 3528 3529 3461
f 3461 3529 3530 3462
f 3462 3530 3531 3463
f 3463 3531 3532 3464
f 3464 3532 3533 3465
f 3465 3533 3534 3466
f 3466 3534 3535 3467
f 3467 3535 3536 3468
f 3469 3537 3538 3470
f 3470 3538 3539 3471
f 3471 3539 3540 3472
f 3472 3540 3541 3473
f 3473 3541 3542 3474
f 3474 3542 3543 3475
f 3475 3543 3544 3476
f 3476 3544 3545 3477
f 3477 3545 3546 3478
f 3478 3546 3547 3479
f 3479 3547 3548 3480
f 3480 3548 3549 3481
f 3481 3549 3550 3482
f 3482 3550 3551 3483
f 3483 3551 3552 3484
f 3484 3552 3553 3485
f 3485 3553 3554 3486
f 3486 3554 3555 3487
f 3487 3555 3556 3488
f 3488 3556 3557 3489
f 3489 3557 3558 3490
f 3490 3558 3559 3491
f 3491 3559 3560 3492
f 3492 3560 3561 3493
f 3493 3561 3562 3494
f 3494 3562 3563 3495
f 3495 3563 3564 3496
f 3496 3564 3565 3497
f 3497 3565 3566 3498
f 3498 3566 3567 3499
f 3499 3567 3568 3500
f 3500 3568 3569 3501
f 3501 3569 3570 3502
f 3502 3570 3571 3503
f 3503 3571 3572 3504
f 3504 3572 3573 3505
f 3505 3573 3574 3506
f 3506 3574 3575 3507
f 3507 3575 3576 3508
f 3508 3576 3577 3509
f 3509 3577 3578 3510
f 3510 3578 3579 3511
f 3511 3579 3580 3512
f 3512 3580 3581 3513
f 3513 3581 3582 3514
f 3514 3582 3583 3515
f 3515 3583 3584 3516
f 3516 3584 3585 3517
f 3517 3585 3586 3518
f 3518 3586 3587 3519
f 3519 3587 3588 3520
f 3520 3588 3589 3521
f 3521 3589 3590 3522
f 3522 3590 3591 3523
f 3523 3591 3592 3524
f 3524 3592 3593 3525
f 3525 3593 3594 3526
f 3526 3594 3595 3527
f 3527 3595 3596 3528
f 3528 3596 3597 3529
f 3529 3597 3598 3530
f 3530 3598 3599 3531
f 3531 3599 3600 3532
f 3532 3600 3601 3533
f 3533 3601 3602 3534
f 3534 3602 3603 3535
f 3535 3603 3604 3536
f 3537 3605 3606 3538
f 3538 3606 3607 3539
f 3539 3607 3608 3540
f 3540 3608 3609 3541
f 3541 3609 3610 3542
f 3542 3610 3611 3543
f 3543 3611 3612 3544
f 3544 3612 3613 3545
f 3545 3613 3614 3546
f 3546 3614 3615 3547
f 3547 3615 3616 3548
f 3548 3616 3617 3549
f 3549 3617 3618 3550
f 3550 3618 3619 3551
f 3551 3619 3620 3552
f 3552 3620 3621 3553
f 3553 3621 3622 3554
f 3554 3622 3623 3555
f 3555 3623 3624 3556
f 3556 3624 3625 3557
f 3557 3625 3626 3558
f 3558 3626 3627 3559
f 3559 3627 3628 3560
f 3560 3628 3629 3561
f 3561 3629 3630 3562
f 3562 3630 3631 3563
f 3563 3631 3632 3564
f 3564 3632 3633 3565
f 3565 3633 3634 3566
f 3566 3634 3635 3567
f 3567 3635 3636 3568
f 3568 3636 3637 3569
f 3569 3637 3638 3570
f 3570 3638 3639 3571
f 3571 3639 3640 3572
f 3572 3640 3641 3573
f 3573 3641 3642 3574
f 3574 3642 3643 3575
f 3575 3643 3644 3576
f 3576 3644 3645 3577
f 3577 3645 3646 3578
f 3578 3646 3647 3579
f 3579 3647 3648 3580
f 3580 3648 3649 3581
f 3581 3649 3650 3582
f 3582 3650 3651 3583
f 3583 3651 3652 3584
f 3584 3652 3653 3585
f 3585 3653 3654 3586
f 3586 3654 3655 3587
f 3587 3655 3656 3588
f 3588 3656 3657 3589
f 3589 3657 3658 3590
f 3590 3658 3659 3591
f 3591 3659 3660 3592
f 3592 3660 3661 3593
f 3593 3661 3662 3594
f 3594 3662 3663 3595
f 3595 3663 3664 3596
f 3596 3664 3665 3597
f 3597 3665 3666 3598
f 3598 3666 3667 3599
f 3599 3667 3668 3600
f 3600 3668 3669 3601
f 3601 3669 3670 3602
f 3602 3670 3671 3603
f 3603 3671 3672 3604
f 3605 3673 3674 3606
f 3606 3674 3675 3607
f 3607 3675 3676 3608
f 3608 3676 3677 3609
f 3609 3677 3678 3610
f 3610 3678 3679 3611
f 3611 3679 3680 3612
f 3612 3680 3681 3613
f 3613 3681 3682 3614
f 3614 3682 3683 3615
f 3615 3683 3684 3616
f 3616 3684 3685 3617
f 3617 3685 3686 3618
f 3618 3686 3687 3619
f 3619 3687 3688 3620
f 3620 3688 3689 3621
f 3621 3689 3690 3622
f 3622 3690 3691 3623
f 3623 3691 3692 3624
f 3624 3692 3693 3625
f 3625 3693 3694 3626
f 3626 3694 3695 3627
f 3627 3695 3696 3628
f 3628 3696 3697 3629
f 3629 3697 3698 3630
f 3630 3698 3699 3631
f 3631 3699 3700 3632
f 3632 3700 3701 3633
f 3633 3701 3702 3634
f 3634 3702 3703 3635
f 3635 3703 3704 3636
f 3636 3704 3705 3637
f 3637 3705 3706 3638
f 3638 3706 3707 3639
f 3639 3707 3708 3640
f 3640 3708 3709 3641
f 3641 3709 3710 3642
f 3642 3710 3711 3643
f 3643 3711 3712 3644
f 3644 3712 3713 3645
f 3645 3713 3714 3646
f 3646 3714 3715 3647
f 3647 3715 3716 3648
f 3648 3716 3717 3649
f 3649 3717 3718 3650
f 3650 3718 3719 3651
f 3651 3719 3720 3652
f 3652 3720 3721 3653
f 3653 3721 3722 3654
f 3654 3722 3723 3655
f 3655 3723 3724 3656
f 3656 3724 3725 3657
f 3657 3725 3726 3658
f 3658 3726 3727 3659
f 3659 3727 3728 3660
f 3660 3728 3729 3661
f 3661 3729 3730 3662
f 3662 3730 3731 3663
f 3663 3731 3732 3664
f 3664 3732 3733 3665
f 3665 3733 3734 3666
f 3666 3734 3735 3667
f 3667 3735 3736 3668
f 3668 3736 3737 3669
f 3669 3737 3738 3670
f 3670 3738 3739 3671
f 3671 3739 3740 3672
f 3673 3741 3742 3674
f 3674 3742 3743 3675
f 3675 3743 3744 3676
f 3676 3744 3745 3677
f 3677 3745 3746 3678
f 3678 3746 3747 3679
f 3679 3747 3748 3680
f 3680 3748 3749 3681
f 3681 3749 3750 3682
f 3682 3750 3751 3683
f 3683 3751 3752 3684
f 3684 3752 3753 3685
f 3685 3753 3754 3686
f 3686 3754 3755 3687
f 3687 3755 3756 3688
f 3688 3756 3757 3689
f 3689 3757 3758 3690
f 3690 3758 3759 3691
f 3691 3759 3760 3692
f 3692 3760 3761 3693
f 3693 3761 3762 3694
f 3694 3762 3763 3695
f 3695 3763 3764 3696
f 3696 3764 3765 3697
f 3697 3765 3766 3698
f 3698 3766 3767 3699
f 3699 3767 3768 3700
f 3700 3768 3769 3701
f 3701 3769 3770 3702
f 3702 3770 3771 3703
f 3703 3771 3772 3704
f 3704 3772 3773 3705
f 3705 3773 3774 3706
f 3706 3774 3775 3707
f 3707 3775 3776 3708
f 3708 3776 3777 3709
f 3709 3777 3778 3710
f 3710 3778 3779 3711
f 3711 3779 3780 3712
f 3712 3780 3781 3713
f 3713 3781 3782 3714
f 3714 3782 3783 3715
f 3715 3783 3784 3716
f 3716 3784 3785 3717
f 3717 3785 3786 3718
f 3718 3786 3787 3719
f 3719 3787 3788 3720
f 3720 3788 3789 3721
f 3721 3789 3790 3722
f 3722 3790 3791 3723
f 3723 3791 3792 3724
f 3724 3792 3793 3725
f 3725 3793 3794 3726
f 3726 3794 3795 3727
f 3727 3795 3796 3728
f 3728 3796 3797 3729
f 3729 3797 3798 3730
f 3730 3798 3799 3731
f 3731 3799 3800 3732
f 3732 3800 3801 3733
f 3733 3801 3802 3734
f 3734 3802 3803 3735
f 3735 3803 3804 3736
f 3736 3804 3805 3737
f 3737 3805 3806 3738
f 3738 3806 3807 3739
f 3739 3807 3808 3740
f 3741 3809 3810 3742
f 3742 3810 3811 3743
f 3743 3811 3812 3744
f 3744 3812 3813 3745
f 3745 3813 3814 3746
f 3746 3814 3815 3747
f 3747 3815 3816 3748
f 3748 3816 3817 3749
f 3749 3817 3818 3750
f 3750 3818 3819 3751
f 3751 3819 3820 3752
f 3752 3820 3821 3753
f 3753 3821 3822 3754
f 3754 3822 3823 3755
f 3755 3823 3824 3756
f 3756 3824 3825 3757
f 3757 3825 3826 3758
f 3758 3826 3827 3759
f 3759 3827 3828 3760
f 3760 3828 3829 3761
f 3761 3829 3830 3762
f 3762 3830 3831 3763
f 3763 3831 3832 3764
f 3764 3832 3833 3765
f 3765 3833 3834 3766
f 3766 3834 3835 3767
f 3767 3835 3836 3768
f 3768 3836 3837 3769
f 3769 3837 3838 3770
f 3770 3838 3839 3771
f 3771 3839 3840 3772
f 3772 3840 3841 3773
f 3773 3841 3842 3774
f 3774 3842 3843 3775
f 3775 3843 3844 3776
f 3776 3844 3845 3777
f 3777 3845 3846 3778
f 3778 3846 3847 3779
f 3779 3847 3848 3780
f 3780 3848 3849 3781
f 3781 3849 3850 3782
f 3782 3850 3851 3783
f 3783 3851 3852 3784
f 3784 3852 3853 3785
f 3785 3853 3854 3786
f 3786 3854 3855 3787
f 3787 3855 3856 3788
f 3788 3856 3857 3789
f 3789 3857 3858 3790
f 3790 3858 3859 3791
f 3791 3859 3860 3792
f 3792 3860 3861 3793
f 3793 3861 3862 3794
f 3794 3862 3863 3795
f 3795 3863 3864 3796
f 3796 3864 3865 3797
f 3797 3865 3866 3798
f 3798 3866 3867 3799
f 3799 3867 3868 3800
f 3800 3868 3869 3801
f 3801 3869 3870 3802
f 3802 3870 3871 3803
f 3803 3871 3872 3804
f 3804 3872 3873 3805
f 3805 3873 3874 3806
f 3806 3874 3875 3807
f 3807 3875 3876 3808
f 3809 3877 3878 3810
f 3810 3878 3879 3811
f 3811 3879 3880 3812
f 3812 3880 3881 3813
f 3813 3881 3882 3814
f 3814 3882 3883 3815
f 3815 3883 3884 3816
f 3816 3884 3885 3817
f 3817 3885 3886 3818
f 3818 3886 3887 3819
f 3819 3887 3888 3820
f 3820 3888 3889 3821
f 3821 3889 3890 3822
f 3822 3890 3891 3823
f 3823 3891 3892 3824
f 3824 3892 3893 3825
f 3825 3893 3894 3826
f 3826 3894 3895 3827
f 3827 3895 3896 3828
f 3828 3896 3897 3829
f 3829 3897 3898 3830
f 3830 3898 3899 3831
f 3831 3899 3900 3832
f 3832 3900 3901 3833
f 3833 3901 3902 3834
f 3834 3902 3903 3835
f 3835 3903 3904 3836
f 3836 3904 3905 3837
f 3837 3905 3906 3838
f 3838 3906 3907 3839
f 3839 3907 3908 3840
f 3840 3908 3909 3841
f 3841 3909 3910 3842
f 3842 3910 3911 3843
f 3843 3911 3912 3844
f 3844 3912 3913 3845
f 3845 3913 3914 3846
f 3846 3914 3915 3847
f 3847 3915 3916 3848
f 3848 3916 3917 3849
f 3849 3917 3918 3850
f 3850 3918 3919 3851
f 3851 3919 3920 3852
f 3852 3920 3921 3853
f 3853 3921 3922 3854
f 3854 3922 3923 3855
f 3855 3923 3924 3856
f 3856 3924 3925 3857
f 3857 3925 3926 3858
f 3858 3926 3927 3859
f 3859 3927 3928 3860
f 3860 3928 3929 3861
f 3861 3929 3930 3862
f 3862 3930 3931 3863
f 3863 3931 3932 3864
f 3864 3932 3933 3865
f 3865 3933 3934 3866
f 3866 3934 3935 3867
f 3867 3935 3936 3868
f 3868 3936 3937 3869
f 3869 3937 3938 3870
f 3870 3938 3939 3871
f 3871 3939 3940 3872
f 3872 3940 3941 3873
f 3873 3941 3942 3874
f 3874 3942 3943 3875
f 3875 3943 3944 3876
f 3877 3945 3946 3878
f 3878 3946 3947 3879
f 3879 3947 3948 3880
f 3880 3948 3949 3881
f 3881 3949 3950 3882
f 3882 3950 3951 3883
f 3883 3951 3952 3884
f 3884 3952 3953 3885
f 3885 3953 3954 3886
f 3886 3954 3955 3887
f 3887 3955 3956 3888
f 3888 3956 3957 3889
f 3889 3957 3958 3890
f 3890 3958 3959 3891
f 3891 3959 3960 3892
f 3892 3960 3961 3893
f 3893 3961 3962 3894
f 3894 3962 3963 3895
f 3895 3963 3964 3896
f 3896 3964 3965 3897
f 3897 3965 3966 3898
f 3898 3966 3967 3899
f 3899 3967 3968 3900
f 3900 3968 3969 3901
f 3901 3969 3970 3902
f 3902 3970 3971 3903
f 3903 3971 3972 3904
f 3904 3972 3973 3905
f 3905 3973 3974 3906
f 3906 3974 3975 3907
f 3907 3975 3976 3908
f 3908 3976 3977 3909
f 3909 3977 3978 3910
f 3910 3978 3979 3911
f 3911 3979 3980 3912
f 3912 3980 3981 3913
f 3913 3981 3982 3914
f 3914 3982 3983 3915
f 3915 3983 3984 3916
f 3916 3984 3985 3917
f 3917 3985 3986 3918
f 3918 3986 3987 3919
f 3919 3987 3988 3920
f 3920 3988 3989 3921
f 3921 3989 3990 3922
f 3922 3990 3991 3923
f 3923 3991 3992 3924
f 3924 3992 3993 3925
f 3925 3993 3994 3926
f 3926 3994 3995 3927
f 3927 3995 3996 3928
f 3928 3996 3997 3929
f 3929 3997 3998 3930
f 3930 3998 3999 3931
f 3931 3999 4000 3932
f 3932 4000 4001 3933
f 3933 4001 4002 3934
f 3934 4002 4003 3935
f 3935 4003 4004 3936
f 3936 4004 4005 3937
f 3937 4005 4006 3938
f 3938 4006 4007 3939
f 3939 4007 4008 3940
f 3940 4008 4009 3941
f 3941 4009 4010 3942
f 3942 4010 4011 3943
f 3943 4011 4012 3944
f 3945 4013 4014 3946
f 3946 4014 4015 3947
f 3947 4015 4016 3948
f 3948 4016 4017 3949
f 3949 4017 4018 3950
f 3950 4018 4019 3951
f 3951 4019 4020 3952
f 3952 4020 4021 3953
f 3953 4021 4022 3954
f 3954 4022 4023 3955
f 3955 4023 4024 3956
f 3956 4024 4025 3957
f 3957 4025 4026 3958
f 3958 4026 4027 3959
f 3959 4027 4028 3960
f 3960 4028 4029 3961
f 3961 4029 4030 3962
f 3962 4030 4031 3963
f 3963 4031 4032 3964
f 3964 4032 4033 3965
f 3965 4033 4034 3966
f 3966 4034 4035 3967
f 3967 4035 4036 3968
f 3968 4036 4037 3969
f 3969 4037 4038 3970
f 3970 4038 4039 3971
f 3971 4039 4040 3972
f 3972 4040 4041 3973
f 3973 4041 4042 3974
f 3974 4042 4043 3975
f 3975 4043 4044 3976
f 3976 4044 4045 3977
f 3977 4045 4046 3978
f 3978 4046 4047 3979
f 3979 4047 4048 3980
f 3980 4048 4049 3981
f 3981 4049 4050 3982
f 3982 4050 4051 3983
f 3983 4051 4052 3984
f 3984 4052 4053 3985
f 3985 4053 4054 3986
f 3986 4054 4055 3987
f 3987 4055 4056 3988
f 3988 4056 4057 3989
f 3989 4057 4058 3990
f 3990 4058 4059 3991
f 3991 4059 4060 3992
f 3992 4060 4061 3993
f 3993 4061 4062 3994
f 3994 4062 4063 3995
f 3995 4063 4064 3996
f 3996 4064 4065 3997
f 3997 4065 4066 3998
f 3998 4066 4067 3999
f 3999 4067 4068 4000
f 4000 4068 4069 4001
f 4001 4069 4070 4002
f 4002 4070 4071 4003
f 4003 4071 4072 4004
f 4004 4072 4073 4005
f 4005 4073 4074 4006
f 4006 4074 4075 4007
f 4007 4075 4076 4008
f 4008 4076 4077 4009
f 4009 4077 4078 4010
f 4010 4078 4079 4011
f 4011 4079 4080 4012
f 4013 4081 4082 4014
f 4014 4082 4083 4015
f 4015 4083 4084 4016
f 4016 4084 4085 4017
f 4017 4085 4086 4018
f 4018 4086 4087 4019
f 4019 4087 4088 4020
f 4020 4088 4089 4021
f 4021 4089 4090 4022
f 4022 4090 4091 4023
f 4023 4091 4092 4024
f 4024 4092 4093 4025
f 4025 4093 4094 4026
f 4026 4094 4095 4027
f 4027 4095 4096 4028
f 4028 4096 4097 4029
f 4029 4097 4098 4030
f 4030 4098 4099 4031
f 4031 4099 4100 4032
f 4032 4100 4101 4033
f 4033 4101 4102 4034
f 4034 4102 4103 4035
f 4035 4103 4104 4036
f 4036 4104 4105 4037
f 4037 4105 4106 4038
f 4038 4106 4107 4039
f 4039 4107 4108 4040
f 4040 4108 4109 4041
f 4041 4109 4110 4042
f 4042 4110 4111 4043
f 4043 4111 4112 4044
f 4044 4112 4113 4045
f 4045 4113 4114 4046
f 4046 4114 4115 4047
f 4047 4115 4116 4048
f 4048 4116 4117 4049
f 4049 4117 4118 4050
f 4050 4118 4119 4051
f 4051 4119 4120 4052
f 4052 4120 4121 4053
f 4053 4121 4122 4054
f 4054 4122 4123 4055
f 4055 4123 4124 4056
f 4056 4124 4125 4057
f 4057 4125 4126 4058
f 4058 4126 4127 4059
f 4059 4127 4128 4060
f 4060 4128 4129 4061
f 4061 4129 4130 4062
f 4062 4130 4131 4063
f 4063 4131 4132 4064
f 4064 4132 4133 4065
f 4065 4133 4134 4066
f 4066 4134 4135 4067
f 4067 4135 4136 4068
f 4068 4136 4137 4069
f 4069 4137 4138 4070
f 4070 4138 4139 4071
f 4071 4139 4140 4072
f 4072 4140 4141 4073
f 4073 4141 4142 4074
f 4074 4142 4143 4075
f 4075 4143 4144 4076
f 4076 4144 4145 4077
f 4077 4145 4146 4078
f 4078 4146 4147 4079
f 4079 4147 4148 4080
f 4081 4149 4150 4082
f 4082 4150 4151 4083
f 4083 4151 4152 4084
f 4084 4152 4153 4085
f 4085 4153 4154 4086
f 4086 4154 4155 4087
f 4087 4155 4156 4088
f 4088 4156 4157 4089
f 4089 4157 4158 4090
f 4090 4158 4159 4091
f 4091 4159 4160 4092
f 4092 4160 4161 4093
f 4093 4161 4162 4094
f 4094 4162 4163 4095
f 4095 4163 4164 4096
f 4096 4164 4165 4097
f 4097 4165 4166 4098
f 4098 4166 4167 4099
f 4099 4167 4168 4100
f 4100 4168 4169 4101
f 4101 4169 4170 4102
f 4102 4170 4171 4103
f 4103 4171 4172 4104
f 4104 4172 4173 4105
f 4105 4173 4174 4106
f 4106 4174 4175 4107
f 4107 4175 4176 4108
f 4108 4176 4177 4109
f 4109 4177 4178 4110
f 4110 4178 4179 4111
f 4111 4179 4180 4112
f 4112 4180 4181 4113
f 4113 4181 4182 4114
f 4114 4182 4183 4115
f 4115 4183 4184 4116
f 4116 4184 4185 4117
f 4117 4185 4186 4118
f 4118 4186 4187 4119
f 4119 4187 4188 4120
f 4120 4188 4189 4121
f 4121 4189 4190 4122
f 4122 4190 4191 4123
f 4123 4191 4192 4124
f 4124 4192 4193 4125
f 4125 4193 4194 4126
f 4126 4194 4195 4127
f 4127 4195 4196 4128
f 4128 4196 4197 4129
f 4129 4197 4198 4130
f 4130 4198 4199 4131
f 4131 4199 4200 4132
f 4132 4200 4201 4133
f 4133 4201 4202 4134
f 4134 4202 4203 4135
f 4135 4203 4204 4136
f 4136 4204 4205 4137
f 4137 4205 4206 4138
f 4138 4206 4207 4139
f 4139 4207 4208 4140
f 4140 4208 4209 4141
f 4141 4209 4210 4142
f 4142 4210 4211 4143
f 4143 4211 4212 4144
f 4144 4212 4213 4145
f 4145 4213 4214 4146
f 4146 4214 4215 4147
f 4147 4215 4216 4148
f 4149 4217 4218 4150
f 4150 4218 4219 4151
f 4151 4219 4220 4152
f 4152 4220 4221 4153
f 4153 4221 4222 4154
f 4154 4222 4223 4155
f 4155 4223 4224 4156
f 4156 4224 4225 4157
f 4157 4225 4226 4158
f 4158 4226 4227 4159
f 4159 4227 4228 4160
f 4160 4228 4229 4161
f 4161 4229 4230 4162
f 4162 4230 4231 4163
f 4163 4231 4232 4164
f 4164 4232 4233 4165
f 4165 4233 4234 4166
f 4166 4234 4235 4167
f 4167 4235 4236 4168
f 4168 4236 4237 4169
f 4169 4237 4238 4170
f 4170 4238 4239 4171
f 4171 4239 4240 4172
f 4172 4240 4241 4173
f 4173 4241 4242 4174
f 4174 4242 4243 4175
f 4175 4243 4244 4176
f 4176 4244 4245 4177
f 4177 4245 4246 4178
f 4178 4246 4247 4179
f 4179 4247 4248 4180
f 4180 4248 4249 4181
f 4181 4249 4250 4182
f 4182 4250 4251 4183
f 4183 4251 4252 4184
f 4184 4252 4253 4185
f 4185 4253 4254 4186
f 4186 4254 4255 4187
f 4187 4255 4256 4188
f 4188 4256 4257 4189
f 4189 4257 4258 4190
f 4190 4258 4259 4191
f 4191 4259 4260 4192
f 4192 4260 4261 4193
f 4193 4261 4262 4194
f 4194 4262 4263 4195
f 4195 4263 4264 4196
f 4196 4264 4265 4197
f 4197 4265 4266 4198
f 4198 4266 4267 4199
f 4199 4267 4268 4200
f 4200 4268 4269 4201
f 4201 4269 4270 4202
f 4202 4270 4271 4203
f 4203 4271 4272 4204
f 4204 4272 4273 4205
f 4205 4273 4274 4206
f 4206 4274 4275 4207
f 4207 4275 4276 4208
f 4208 4276 4277 4209
f 4209 4277 4278 4210
f 4210 4278 4279 4211
f 4211 4279 4280 4212
f 4212 4280 4281 4213
f 4213 4281 4282 4214
f 4214 4282 4283 4215
f 4215 4283 4284 4216
f 4217 4285 4286 4218
f 4218 4286 4287 4219
f 4219 4287 4288 4220
f 4220 4288 4289 4221
f 4221 4289 4290 4222
f 4222 4290 4291 4223
f 4223 4291 4292 4224
f 4224 4292 4293 4225
f 4225 4293 4294 4226
f 4226 4294 4295 4227
f 4227 4295 4296 4228
f 4228 4296 4297 4229
f 4229 4297 4298 4230
f 4230 4298 4299 4231
f 4231 4299 4300 4232
f 4232 4300 4301 4233
f 4233 4301 4302 4234
f 4234 4302 4303 4235
f 4235 4303 4304 4236
f 4236 4304 4305 4237
f 4237 4305 4306 4238
f 4238 4306 4307 4239
f 4239 4307 4308 4240
f 4240 4308 4309 4241
f 4241 4309 4310 4242
f 4242 4310 4311 4243
f 4243 4311 4312 4244
f 4244 4312 4313 4245
f 4245 4313 4314 4246
f 4246 4314 4315 4247
f 4247 4315 4316 4248
f 4248 4316 4317 4249
f 4249 4317 4318 4250
f 4250 4318 4319 4251
f 4251 4319 4320 4252
f 4252 4320 4321 4253
f 4253 4321 4322 4254
f 4254 4322 4323 4255
f 4255 4323 4324 4256
f 4256 4324 4325 4257
f 4257 4325 4326 4258
f 4258 4326 4327 4259
f 4259 4327 4328 4260
f 4260 4328 4329 4261
f 4261 4329 4330 4262
f 4262 4330 4331 4263
f 4263 4331 4332 4264
f 4264 4332 4333 4265
f 4265 4333 4334 4266
f 4266 4334 4335 4267
f 4267 4335 4336 4268
f 4268 4336 4337 4269
f 4269 4337 4338 4270
f 4270 4338 4339 4271
f 4271 4339 4340 4272
f 4272 4340 4341 4273
f 4273 4341 4342 4274
f 4274 4342 4343 4275
f 4275 4343 4344 4276
f 4276 4344 4345 4277
f 4277 4345 4346 4278
f 4278 4346 4347 4279
f 4279 4347 4348 4280
f 4280 4348 4349 4281
f 4281 4349 4350 4282
f 4282 4350 4351 4283
f 4283 4351 4352 4284
f 4285 4353 4354 4286
f 4286 4354 4355 4287
f 4287 4355 4356 4288
f 4288 4356 4357 4289
f 4289 4357 4358 4290
f 4290 4358 4359 4291
f 4291 4359 4360 4292
f 4292 4360 4361 4293
f 4293 4361 4362 4294
f 4294 4362 4363 4295
f 4295 4363 4364 4296
f 4296 4364 4365 4297
f 4297 4365 4366 4298
f 4298 4366 4367 4299
f 4299 4367 4368 4300
f 4300 4368 4369 4301
f 4301 4369 4370 4302
f 4302 4370 4371 4303
f 4303 4371 4372 4304
f 4304 4372 4373 4305
f 4305 4373 4374 4306
f 4306 4374 4375 4307
f 4307 4375 4376 4308
f 4308 4376 4377 4309
f 4309 4377 4378 4310
f 4310 4378 4379 4311
f 4311 4379 4380 4312
f 4312 4380 4381 4313
f 4313 4381 4382 4314
f 4314 4382 4383 4315
f 4315 4383 4384 4316
f 4316 4384 4385 4317
f 4317 4385 4386 4318
f 4318 4386 4387 4319
f 4319 4387 4388 4320
f 4320 4388 4389 4321
f 4321 4389 4390 4322
f 4322 4390 4391 4323
f 4323 4391 4392 4324
f 4324 4392 4393 4325
f 4325 4393 4394 4326
f 4326 4394 4395 4327
f 4327 4395 4396 4328
f 4328 4396 4397 4329
f 4329 4397 4398 4330
f 4330 4398 4399 4331
f 4331 4399 4400 4332
f 4332 4400 4401 4333
f 4333 4401 4402 4334
f 4334 4402 4403 4335
f 4335 4403 4404 4336
f 4336 4404 4405 4337
f 4337 4405 4406 4338
f 4338 4406 4407 4339
f 4339 4407 4408 4340
f 4340 4408 4409 4341
f 4341 4409 4410 4342
f 4342 4410 4411 4343
f 4343 4411 4412 4344
f 4344 4412 4413 4345
f 4345 4413 4414 4346
f 4346 4414 4415 4347
f 4347 4415 4416 4348
f 4348 4416 4417 4349
f 4349 4417 4418 4350
f 4350 4418 4419 4351
f 4351 4419 4420 4352
f 4353 4421 4422 4354
f 4354 4422 4423 4355
f 4355 4423 4424 4356
f 4356 4424 4425 4357
f 4357 4425 4426 4358
f 4358 4426 4427 4359
f 4359 4427 4428 4360
f 4360 4428 4429 4361
f 4361 4429 4430 4362
f 4362 4430 4431 4363
f 4363 4431 4432 4364
f 4364 4432 4433 4365
f 4365 4433 4434 4366
f 4366 4434 4435 4367
f 4367 4435 4436 4368
f 4368 4436 4437 4369
f 4369 4437 4438 4370
f 4370 4438 4439 4371
f 4371 4439 4440 4372
f 4372 4440 4441 4373
f 4373 4441 4442 4374
f 4374 4442 4443 4375
f 4375 4443 4444 4376
f 4376 4444 4445 4377
f 4377 4445 4446 4378
f 4378 4446 4447 4379
f 4379 4447 4448 4380
f 4380 4448 4449 4381
f 4381 4449 4450 4382
f 4382 4450 4451 4383
f 4383 4451 4452 4384
f 4384 4452 4453 4385
f 4385 4453 4454 4386
f 4386 4454 4455 4387
f 4387 4455 4456 4388
f 4388 4456 4457 4389
f 4389 4457 4458 4390
f 4390 4458 4459 4391
f 4391 4459 4460 4392
f 4392 4460 4461 4393
f 4393 4461 4462 4394
f 4394 4462 4463 4395
f 4395 4463 4464 4396
f 4396 4464 4465 4397
f 4397 4465 4466 4398
f 4398 4466 4467 4399
f 4399 4467 4468 4400
f 4400 4468 4469 4401
f 4401 4469 4470 4402
f 4402 4470 4471 4403
f 4403 4471 4472 4404
f 4404 4472 4473 4405
f 4405 4473 4474 4406
f 4406 4474 4475 4407
f 4407 4475 4476 4408
f 4408 4476 4477 4409
f 4409 4477 4478 4410
f 4410 4478 4479 4411
f 4411 4479 4480 4412
f 4412 4480 4481 4413
f 4413 4481 4482 4414
f 4414 4482 4483 4415
f 4415 4483 4484 4416
f 4416 4484 4485 4417
f 4417 4485 4486 4418
f 4418 4486 4487 4419
f 4419 4487 4488 4420
f 4421 4489 4490 4422
f 4422 4490 4491 4423
f 4423 4491 4492 4424
f 4424 4492 4493 4425
f 4425 4493 4494 4426
f 4426 4494 4495 4427
f 4427 4495 4496 4428
f 4428 4496 4497 4429
f 4429 4497 4498 4430
f 4430 4498 4499 4431
f 4431 4499 4500 4432
f 4432 4500 4501 4433
f 4433 4501 4502 4434
f 4434 4502 4503 4435
f 4435 4503 4504 4436
f 4436 4504 4505 4437
f 4437 4505 4506 4438
f 4438 4506 4507 4439
f 4439 4507 4508 4440
f 4440 4508 4509 4441
f 4441 4509 4510 4442
f 4442 4510 4511 4443
f 4443 4511 4512 4444
f 4444 4512 4513 4445
f 4445 4513 4514 4446
f 4446 4514 4515 4447
f 4447 4515 4516 4448
f 4448 4516 4517 4449
f 4449 4517 4518 4450
f 4450 4518 4519 4451
f 4451 4519 4520 4452
f 4452 4520 4521 4453
f 4453 4521 4522 4454
f 4454 4522 4523 4455
f 4455 4523 4524 4456
f 4456 4524 4525 4457
f 4457 4525 4526 4458
f 4458 4526 4527 4459
f 4459 4527 4528 4460
f 4460 4528 4529 4461
f 4461 4529 4530 4462
f 4462 4530 4531 4463
f 4463 4531 4532 4464
f 4464 4532 4533 4465
f 4465 4533 4534 4466
f 4466 4534 4535 4467
f 4467 4535 4536 4468
f 4468 4536 4537 4469
f 4469 4537 4538 4470
f 4470 4538 4539 4471
f 4471 4539 4540 4472
f 4472 4540 4541 4473
f 4473 4541 4542 4474
f 4474 4542 4543 4475
f 4475 4543 4544 4476
f 4476 4544 4545 4477
f 4477 4545 4546 4478
f 4478 4546 4547 4479
f 4479 4547 4548 4480
f 4480 4548 4549 4481
f 4481 4549 4550 4482
f 4482 4550 4551 4483
f 4483 4551 4552 4484
f 4484 4552 4553 4485
f 4485 4553 4554 4486
f 4486 4554 4555 4487
f 4487 4555 4556 4488
f 4489 4557 4558 4490
f 4490 4558 4559 4491
f 4491 4559 4560 4492
f 4492 4560 4561 4493
f 4493 4561 4562 4494
f 4494 4562 4563 4495
f 4495 4563 4564 4496
f 4496 4564 4565 4497
f 4497 4565 4566 4498
f 4498 4566 4567 4499
f 4499 4567 4568 4500
f 4500 4568 4569 4501
f 4501 4569 4570 4502
f 4502 4570 4571 4503
f 4503 4571 4572 4504
f 4504 4572 4573 4505
f 4505 4573 4574 4506
f 4506 4574 4575 4507
f 4507 4575 4576 4508
f 4508 4576 4577 4509
f 4509 4577 4578 4510
f 4510 4578 4579 4511
f 4511 4579 4580 4512
f 4512 4580 4581 4513
f 4513 4581 4582 4514
f 4514 4582 4583 4515
f 4515 4583 4584 4516
f 4516 4584 4585 4517
f 4517 4585 4586 4518
f 4518 4586 4587 4519
f 4519 4587 4588 4520
f 4520 4588 4589 4521
f 4521 4589 4590 4522
f 4522 4590 4591 4523
f 4523 4591 4592 4524
f 4524 4592 4593 4525
f 4525 4593 4594 4526
f 4526 4594 4595 4527
f 4527 4595 4596 4528
f 4528 4596 4597 4529
f 4529 4597 4598 4530
f 4530 4598 4599 4531
f 4531 4599 4600 4532
f 4532 4600 4601 4533
f 4533 4601 4602 4534
f 4534 4602 4603 4535
f 4535 4603 4604 4536
f 4536 4604 4605 4537
f 4537 4605 4606 4538
f 4538 4606 4607 4539
f 4539 4607 4608 4540
f 4540 4608 4609 4541
f 4541 4609 4610 4542
f 4542 4610 4611 4543
f 4543 4611 4612 4544
f 4544 4612 4613 4545
f 4545 4613 4614 4546
f 4546 4614 4615 4547
f 4547 4615 4616 4548
f 4548 4616 4617 4549
f 4549 4617 4618 4550
f 4550 4618 4619 4551
f 4551 4619 4620 4552
f 4552 4620 4621 4553
f 4553 4621 4622 4554
f 4554 4622 4623 4555
f 4555 4623 4624 4556
f 4557 4625 4626 4558
f 4558 4626 4627 4559
f 4559 4627 4628 4560
f 4560 4628 4629 4561
f 4561 4629 4630 4562
f 4562 4630 4631 4563
f 4563 4631 4632 4564
f 4564 4632 4633 4565
f 4565 4633 4634 4566
f 4566 4634 4635 4567
f 4567 4635 4636 4568
f 4568 4636 4637 4569
f 4569 4637 4638 4570
f 4570 4638 4639 4571
f 4571 4639 4640 4572
f 4572 4640 4641 4573
f 4573 4641 4642 4574
f 4574 4642 4643 4575
f 4575 4643 4644 4576
f 4576 4644 4645 4577
f 4577 4645 4646 4578
f 4578 4646 4647 4579
f 4579 4647 4648 4580
f 4580 4648 4649 4581
f 4581 4649 4650 4582
f 4582 4650 4651 4583
f 4583 4651 4652 4584
f 4584 4652 4653 4585
f 4585 4653 4654 4586
f 4586 4654 4655 4587
f 4587 4655 4656 4588
f 4588 4656 4657 4589
f 4589 4657 4658 4590
f 4590 4658 4659 4591
f 4591 4659 4660 4592
f 4592 4660 4661 4593
f 4593 4661 4662 4594
f 4594 4662 4663 4595
f 4595 4663 4664 4596
f 4596 4664 4665 4597
f 4597 4665 4666 4598
f 4598 4666 4667 4599
f 4599 4667 4668 4600
f 4600 4668 4669 4601
f 4601 4669 4670 4602
f 4602 4670 4671 4603
f 4603 4671 4672 4604
f 4604 4672 4673 4605
f 4605 4673 4674 4606
f 4606 4674 4675 4607
f 4607 4675 4676 4608
f 4608 4676 4677 4609
f 4609 4677 4678 4610
f 4610 4678 4679 4611
f 4611 4679 4680 4612
f 4612 4680 4681 4613
f 4613 4681 4682 4614
f 4614 4682 4683 4615
f 4615 4683 4684 4616
f 4616 4684 4685 4617
f 4617 4685 4686 4618
f 4618 4686 4687 4619
f 4619 4687 4688 4620
f 4620 4688 4689 4621
f 4621 4689 4690 4622
f 4622 4690 4691 4623
f 4623 4691 4692 4624
f 4625 4693 4694 4626
f 4626 4694 4695 4627
f 4627 4695 4696 4628
f 4628 4696 4697 4629
f 4629 4697 4698 4630
f 4630 4698 4699 4631
f 4631 4699 4700 4632
f 4632 4700 4701 4633
f 4633 4701 4702 4634
f 4634 4702 4703 4635
f 4635 4703 4704 4636
f 4636 4704 4705 4637
f 4637 4705 4706 4638
f 4638 4706 4707 4639
f 4639 4707 4708 4640
f 4640 4708 4709 4641
f 4641 4709 4710 4642
f 4642 4710 4711 4643
f 4643 4711 4712 4644
f 4644 4712 4713 4645
f 4645 4713 4714 4646
f 4646 4714 4715 4647
f 4647 4715 4716 4648
f 4648 4716 4717 4649
f 4649 4717 4718 4650
f 4650 4718 4719 4651
f 4651 4719 4720 4652
f 4652 4720 4721 4653
f 4653 4721 4722 4654
f 4654 4722 4723 4655
f 4655 4723 4724 4656
f 4656 4724 4725 4657
f 4657 4725 4726 4658
f 4658 4726 4727 4659
f 4659 4727 4728 4660
f 4660 4728 4729 4661
f 4661 4729 4730 4662
f 4662 4730 4731 4663
f 4663 4731 4732 4664
f 4664 4732 4733 4665
f 4665 4733 4734 4666
f 4666 4734 4735 4667
f 4667 4735 4736 4668
f 4668 4736 4737 4669
f 4669 4737 4738 4670
f 4670 4738 4739 4671
f 4671 4739 4740 4672
f 4672 4740 4741 4673
f 4673 4741 4742 4674
f 4674 4742 4743 4675
f 4675 4743 4744 4676
f 4676 4744 4745 4677
f 4677 4745 4746 4678
f 4678 4746 4747 4679
f 4679 4747 4748 4680
f 4680 4748 4749 4681
f 4681 4749 4750 4682
f 4682 4750 4751 4683
f 4683 4751 4752 4684
f 4684 4752 4753 4685
f 4685 4753 4754 4686
f 4686 4754 4755 4687
f 4687 4755 4756 4688
f 4688 4756 4757 4689
f 4689 4757 4758 4690
f 4690 4758 4759 4691
f 4691 4759 4760 4692
f 4693 4761 4762 4694
f 4694 4762 4763 4695
f 4695 4763 4764 4696
f 4696 4764 4765 4697
f 4697 4765 4766 4698
f 4698 4766 4767 4699
f 4699 4767 4768 4700
f 4700 4768 4769 4701
f 4701 4769 4770 4702
f 4702 4770 4771 4703
f 4703 4771 4772 4704
f 4704 4772 4773 4705
f 4705 4773 4774 4706
f 4706 4774 4775 4707
f 4707 4775 4776 4708
f 4708 4776 4777 4709
f 4709 4777 4778 4710
f 4710 4778 4779 4711
f 4711 4779 4780 4712
f 4712 4780 4781 4713
f 4713 4781 4782 4714
f 4714 4782 4783 4715
f 4715 4783 4784 4716
f 4716 4784 4785 4717
f 4717 4785 4786 4718
f 4718 4786 4787 4719
f 4719 4787 4788 4720
f 4720 4788 4789 4721
f 4721 4789 4790 4722
f 4722 4790 4791 4723
f 4723 4791 4792 4724
f 4724 4792 4793 4725
f 4725 4793 4794 4726
f 4726 4794 4795 4727
f 4727 4795 4796 4728
f 4728 4796 4797 4729
f 4729 4797 4798 4730
f 4730 4798 4799 4731
f 4731 4799 4800 4732
f 4732 4800 4801 4733
f 4733 4801 4802 4734
f 4734 4802 4803 4735
f 4735 4803 4804 4736
f 4736 4804 4805 4737
f 4737 4805 4806 4738
f 4738 4806 4807 4739
f 4739 4807 4808 4740
f 4740 4808 4809 4741
f 4741 4809 4810 4742
f 4742 4810 4811 4743
f 4743 4811 4812 4744
f 4744 4812 4813 4745
f 4745 4813 4814 4746
f 4746 4814 4815 4747
f 4747 4815 4816 4748
f 4748 4816 4817 4749
f 4749 4817 4818 4750
f 4750 4818 4819 4751
f 4751 4819 4820 4752
f 4752 4820 4821 4753
f 4753 4821 4822 4754
f 4754 4822 4823 4755
f 4755 4823 4824 4756
f 4756 4824 4825 4757
f 4757 4825 4826 4758
f 4758 4826 4827 4759
f 4759 4827 4828 4760
f 4761 4829 4830 4762
f 4762 4830 4831 4763
f 4763 4831 4832 4764
f 4764 4832 4833 4765
f 4765 4833 4834 4766
f 4766 4834 4835 4767
f 4767 4835 4836 4768
f 4768 4836 4837 4769
f 4769 4837 4838 4770
f 4770 4838 4839 4771
f 4771 4839 4840 4772
f 4772 4840 4841 4773
f 4773 4841 4842 4774
f 4774 4842 4843 4775
f 4775 4843 4844 4776
f 4776 4844 4845 4777
f 4777 4845 4846 4778
f 4778 4846 4847 4779
f 4779 4847 4848 4780
f 4780 4848 4849 4781
f 4781 4849 4850 4782
f 4782 4850 4851 4783
f 4783 4851 4852 4784
f 4784 4852 4853 4785
f 4785 4853 4854 4786
f 4786 4854 4855 4787
f 4787 4855 4856 4788
f 4788 4856 4857 4789
f 4789 4857 4858 4790
f 4790 4858 4859 4791
f 4791 4859 4860 4792
f 4792 4860 4861 4793
f 4793 4861 4862 4794
f 4794 4862 4863 4795
f 4795 4863 4864 4796
f 4796 4864 4865 4797
f 4797 4865 4866 4798
f 4798 4866 4867 4799
f 4799 4867 4868 4800
f 4800 4868 4869 4801
f 4801 4869 4870 4802
f 4802 4870 4871 4803
f 4803 4871 4872 4804
f 4804 4872 4873 4805
f 4805 4873 4874 4806
f 4806 4874 4875 4807
f 4807 4875 4876 4808
f 4808 4876 4877 4809
f 4809 4877 4878 4810
f 4810 4878 4879 4811
f 4811 4879 4880 4812
f 4812 4880 4881 4813
f 4813 4881 4882 4814
f 4814 4882 4883 4815
f 4815 4883 4884 4816
f 4816 4884 4885 4817
f 4817 4885 4886 4818
f 4818 4886 4887 4819
f 4819 4887 4888 4820
f 4820 4888 4889 4821
f 4821 4889 4890 4822
f 4822 4890 4891 4823
f 4823 4891 4892 4824
f 4824 4892 4893 4825
f 4825 4893 4894 4826
f 4826 4894 4895 4827
f 4827 4895 4896 4828
f 4829 4897 4898 4830
f 4830 4898 4899 4831
f 4831 4899 4900 4832
f 4832 4900 4901 4833
f 4833 4901 4902 4834
f 4834 4902 4903 4835
f 4835 4903 4904 4836
f 4836 4904 4905 4837
f 4837 4905 4906 4838
f 4838 4906 4907 4839
f 4839 4907 4908 4840
f 4840 4908 4909 4841
f 4841 4909 4910 4842
f 4842 4910 4911 4843
f 4843 4911 4912 4844
f 4844 4912 4913 4845
f 4845 4913 4914 4846
f 4846 4914 4915 4847
f 4847 4915 4916 4848
f 4848 4916 4917 4849
f 4849 4917 4918 4850
f 4850 4918 4919 4851
f 4851 4919 4920 4852
f 4852 4920 4921 4853
f 4853 4921 4922 4854
f 4854 4922 4923 4855
f 4855 4923 4924 4856
f 4856 4924 4925 4857
f 4857 4925 4926 4858
f 4858 4926 4927 4859
f 4859 4927 4928 4860
f 4860 4928 4929 4861
f 4861 4929 4930 4862
f 4862 4930 4931 4863
f 4863 4931 4932 4864
f 4864 4932 4933 4865
f 4865 4933 4934 4866
f 4866 4934 4935 4867
f 4867 4935 4936 4868
f 4868 4936 4937 4869
f 4869 4937 4938 4870
f 4870 4938 4939 4871
f 4871 4939 4940 4872
f 4872 4940 4941 4873
f 4873 4941 4942 4874
f 4874 4942 4943 4875
f 4875 4943 4944 4876
f 4876 4944 4945 4877
f 4877 4945 4946 4878
f 4878 4946 4947 4879
f 4879 4947 4948 4880
f 4880 4948 4949 4881
f 4881 4949 4950 4882
f 4882 4950 4951 4883
f 4883 4951 4952 4884
f 4884 4952 4953 4885
f 4885 4953 4954 4886
f 4886 4954 4955 4887
f 4887 4955 4956 4888
f 4888 4956 4957 4889
f 4889 4957 4958 4890
f 4890 4958 4959 4891
f 4891 4959 4960 4892
f 4892 4960 4961 4893
f 4893 4961 4962 4894
f 4894 4962 4963 4895
f 4895 4963 4964 4896
f 4897 4965 4966 4898
f 4898 4966 4967 4899
f 4899 4967 4968 4900
f 4900 4968 4969 4901
f 4901 4969 4970 4902
f 4902 4970 4971 4903
f 4903 4971 4972 4904
f 4904 4972 4973 4905
f 4905 4973 4974 4906
f 4906 4974 4975 4907
f 4907 4975 4976 4908
f 4908 4976 4977 4909
f 4909 4977 4978 4910
f 4910 4978 4979 4911
f 4911 4979 4980 4912
f 4912 4980 4981 4913
f 4913 4981 4982 4914
f 4914 4982 4983 4915
f 4915 4983 4984 4916
f 4916 4984 4985 4917
f 4917 4985 4986 4918
f 4918 4986 4987 4919
f 4919 4987 4988 4920
f 4920 4988 4989 4921
f 4921 4989 4990 4922
f 4922 4990 4991 4923
f 4923 4991 4992 4924
f 4924 4992 4993 4925
f 4925 4993 4994 4926
f 4926 4994 4995 4927
f 4927 4995 4996 4928
f 4928 4996 4997 4929
f 4929 4997 4998 4930
f 4930 4998 4999 4931
f 4931 4999 5000 4932
f 4932 5000 5001 4933
f 4933 5001 5002 4934
f 4934 5002 5003 4935
f 4935 5003 5004 4936
f 4936 5004 5005 4937
f 4937 5005 5006 4938
f 4938 5006 5007 4939
f 4939 5007 5008 4940
f 4940 5008 5009 4941
f 4941 5009 5010 4942
f 4942 5010 5011 4943
f 4943 5011 5012 4944
f 4944 5012 5013 4945
f 4945 5013 5014 4946
f 4946 5014 5015 4947
f 4947 5015 5016 4948
f 4948 5016 5017 4949
f 4949 5017 5018 4950
f 4950 5018 5019 4951
f 4951 5019 5020 4952
f 4952 5020 5021 4953
f 4953 5021 5022 4954
f 4954 5022 5023 4955
f 4955 5023 5024 4956
f 4956 5024 5025 4957
f 4957 5025 5026 4958
f 4958 5026 5027 4959
f 4959 5027 5028 4960
f 4960 5028 5029 4961
f 4961 5029 5030 4962
f 4962 5030 5031 4963
f 4963 5031 5032 4964
f 4965 5033 5034 4966
f 4966 5034 5035 4967
f 4967 5035 5036 4968
f 4968 5036 5037 4969
f 4969 5037 5038 4970
f 4970 5038 5039 4971
f 4971 5039 5040 4972
f 4972 5040 5041 4973
f 4973 5041 5042 4974
f 4974 5042 5043 4975
f 4975 5043 5044 4976
f 4976 5044 5045 4977
f 4977 5045 5046 4978
f 4978 5046 5047 4979
f 4979 5047 5048 4980
f 4980 5048 5049 4981
f 4981 5049 5050 4982
f 4982 5050 5051 4983
f 4983 5051 5052 4984
f 4984 5052 5053 4985
f 4985 5053 5054 4986
f 4986 5054 5055 4987
f 4987 5055 5056 4988
f 4988 5056 5057 4989
f 4989 5057 5058 4990
f 4990 5058 5059 4991
f 4991 5059 5060 4992
f 4992 5060 5061 4993
f 4993 5061 5062 4994
f 4994 5062 5063 4995
f 4995 5063 5064 4996
f 4996 5064 5065 4997
f 4997 5065 5066 4998
f 4998 5066 5067 4999
f 4999 5067 5068 5000
f 5000 5068 5069 5001
f 5001 5069 5070 5002
f 5002 5070 5071 5003
f 5003 5071 5072 5004
f 5004 5072 5073 5005
f 5005 5073 5074 5006
f 5006 5074 5075 5007
f 5007 5075 5076 5008
f 5008 5076 5077 5009
f 5009 5077 5078 5010
f 5010 5078 5079 5011
f 5011 5079 5080 5012
f 5012 5080 5081 5013
f 5013 5081 5082 5014
f 5014 5082 5083 5015
f 5015 5083 5084 5016
f 5016 5084 5085 5017
f 5017 5085 5086 5018
f 5018 5086 5087 5019
f 5019 5087 5088 5020
f 5020 5088 5089 5021
f 5021 5089 5090 5022
f 5022 5090 5091 5023
f 5023 5091 5092 5024
f 5024 5092 5093 5025
f 5025 5093 5094 5026
f 5026 5094 5095 5027
f 5027 5095 5096 5028
f 5028 5096 5097 5029
f 5029 5097 5098 5030
f 5030 5098 5099 5031
f 5031 5099 5100 5032
f 5033 5101 5102 5034
f 5034 5102 5103 5035
f 5035 5103 5104 5036
f 5036 5104 5105 5037
f 5037 5105 5106 5038
f 5038 5106 5107 5039
f 5039 5107 5108 5040
f 5040 5108 5109 5041
f 5041 5109 5110 5042
f 5042 5110 5111 5043
f 5043 5111 5112 5044
f 5044 5112 5113 5045
f 5045 5113 5114 5046
f 5046 5114 5115 5047
f 5047 5115 5116 5048
f 5048 5116 5117 5049
f 5049 5117 5118 5050
f 5050 5118 5119 5051
f 5051 5119 5120 5052
f 5052 5120 5121 5053
f 5053 5121 5122 5054
f 5054 5122 5123 5055
f 5055 5123 5124 5056
f 5056 5124 5125 5057
f 5057 5125 5126 5058
f 5058 5126 5127 5059
f 5059 5127 5128 5060
f 5060 5128 5129 5061
f 5061 5129 5130 5062
f 5062 5130 5131 5063
f 5063 5131 5132 5064
f 5064 5132 5133 5065
f 5065 5133 5134 5066
f 5066 5134 5135 5067
f 5067 5135 5136 5068
f 5068 5136 5137 5069
f 5069 5137 5138 5070
f 5070 5138 5139 5071
f 5071 5139 5140 5072
f 5072 5140 5141 5073
f 5073 5141 5142 5074
f 5074 5142 5143 5075
f 5075 5143 5144 5076
f 5076 5144 5145 5077
f 5077 5145 5146 5078
f 5078 5146 5147 5079
f 5079 5147 5148 5080
f 5080 5148 5149 5081
f 5081 5149 5150 5082
f 5082 5150 5151 5083
f 5083 5151 5152 5084
f 5084 5152 5153 5085
f 5085 5153 5154 5086
f 5086 5154 5155 5087
f 5087 5155 5156 5088
f 5088 5156 5157 5089
f 5089 5157 5158 5090
f 5090 5158 5159 5091
f 5091 5159 5160 5092
f 5092 5160 5161 5093
f 5093 5161 5162 5094
f 5094 5162 5163 5095
f 5095 5163 5164 5096
f 5096 5164 5165 5097
f 5097 5165 5166 5098
f 5098 5166 5167 5099
f 5099 5167 5168 5100
f 5101 5169 5170 5102
f 5102 5170 5171 5103
f 5103 5171 5172 5104
f 5104 5172 5173 5105
f 5105 5173 5174 5106
f 5106 5174 5175 5107
f 5107 5175 5176 5108
f 5108 5176 5177 5109
f 5109 5177 5178 5110
f 5110 5178 5179 5111
f 5111 5179 5180 5112
f 5112 5180 5181 5113
f 5113 5181 5182 5114
f 5114 5182 5183 5115
f 5115 5183 5184 5116
f 5116 5184 5185 5117
f 5117 5185 5186 5118
f 5118 5186 5187 5119
f 5119 5187 5188 5120
f 5120 5188 5189 5121
f 5121 5189 5190 5122
f 5122 5190 5191 5123
f 5123 5191 5192 5124
f 5124 5192 5193 5125
f 5125 5193 5194 5126
f 5126 5194 5195 5127
f 5127 5195 5196 5128
f 5128 5196 5197 5129
f 5129 5197 5198 5130
f 5130 5198 5199 5131
f 5131 5199 5200 5132
f 5132 5200 5201 5133
f 5133 5201 5202 5134
f 5134 5202 5203 5135
f 5135 5203 5204 5136
f 5136 5204 5205 5137
f 5137 5205 5206 5138
f 5138 5206 5207 5139
f 5139 5207 5208 5140
f 5140 5208 5209 5141
f 5141 5209 5210 5142
f 5142 5210 5211 5143
f 5143 5211 5212 5144
f 5144 5212 5213 5145
f 5145 5213 5214 5146
f 5146 5214 5215 5147
f 5147 5215 5216 5148
f 5148 5216 5217 5149
f 5149 5217 5218 5150
f 5150 5218 5219 5151
f 5151 5219 5220 5152
f 5152 5220 5221 5153
f 5153 5221 5222 5154
f 5154 5222 5223 5155
f 5155 5223 5224 5156
f 5156 5224 5225 5157
f 5157 5225 5226 5158
f 5158 5226 5227 5159
f 5159 5227 5228 5160
f 5160 5228 5229 5161
f 5161 5229 5230 5162
f 5162 5230 5231 5163
f 5163 5231 5232 5164
f 5164 5232 5233 5165
f 5165 5233 5234 5166
f 5166 5234 5235 5167
f 5167 5235 5236 5168
f 5169 5237 5238 5170
f 5170 5238 5239 5171
f 5171 5239 5240 5172
f 5172 5240 5241 5173
f 5173 5241 5242 5174
f 5174 5242 5243 5175
f 5175 5243 5244 5176
f 5176 5244 5245 5177
f 5177 5245 5246 5178
f 5178 5246 5247 5179
f 5179 5247 5248 5180
f 5180 5248 5249 5181
f 5181 5249 5250 5182
f 5182 5250 5251 5183
f 5183 5251 5252 5184
f 5184 5252 5253 5185
f 5185 5253 5254 5186
f 5186 5254 5255 5187
f 5187 5255 5256 5188
f 5188 5256 5257 5189
f 5189 5257 5258 5190
f 5190 5258 5259 5191
f 5191 5259 5260 5192
f 5192 5260 5261 5193
f 5193 5261 5262 5194
f 5194 5262 5263 5195
f 5195 5263 5264 5196
f 5196 5264 5265 5197
f 5197 5265 5266 5198
f 5198 5266 5267 5199
f 5199 5267 5268 5200
f 5200 5268 5269 5201
f 5201 5269 5270 5202
f 5202 5270 5271 5203
f 5203 5271 5272 5204
f 5204 5272 5273 5205
f 5205 5273 5274 5206
f 5206 5274 5275 5207
f 5207 5275 5276 5208
f 5208 5276 5277 5209
f 5209 5277 5278 5210
f 5210 5278 5279 5211
f 5211 5279 5280 5212
f 5212 5280 5281 5213
f 5213 5281 5282 5214
f 5214 5282 5283 5215
f 5215 5283 5284 5216
f 5216 5284 5285 5217
f 5217 5285 5286 5218
f 5218 5286 5287 5219
f 5219 5287 5288 5220
f 5220 5288 5289 5221
f 5221 5289 5290 5222
f 5222 5290 5291 5223
f 5223 5291 5292 5224
f 5224 5292 5293 5225
f 5225 5293 5294 5226
f 5226 5294 5295 5227
f 5227 5295 5296 5228
f 5228 5296 5297 5229
f 5229 5297 5298 5230
f 5230 5298 5299 5231
f 5231 5299 5300 5232
f 5232 5300 5301 5233
f 5233 5301 5302 5234
f 5234 5302 5303 5235
f 5235 5303 5304 5236
f 5237 5305 5306 5238
f 5238 5306 5307 5239
f 5239 5307 5308 5240
f 5240 5308 5309 5241
f 5241 5309 5310 5242
f 5242 5310 5311 5243
f 5243 5311 5312 5244
f 5244 5312 5313 5245
f 5245 5313 5314 5246
f 5246 5314 5315 5247
f 5247 5315 5316 5248
f 5248 5316 5317 5249
f 5249 5317 5318 5250
f 5250 5318 5319 5251
f 5251 5319 5320 5252
f 5252 5320 5321 5253
f 5253 5321 5322 5254
f 5254 5322 5323 5255
f 5255 5323 5324 5256
f 5256 5324 5325 5257
f 5257 5325 5326 5258
f 5258 5326 5327 5259
f 5259 5327 5328 5260
f 5260 5328 5329 5261
f 5261 5329 5330 5262
f 5262 5330 5331 5263
f 5263 5331 5332 5264
f 5264 5332 5333 5265
f 5265 5333 5334 5266
f 5266 5334 5335 5267
f 5267 5335 5336 5268
f 5268 5336 5337 5269
f 5269 5337 5338 5270
f 5270 5338 5339 5271
f 5271 5339 5340 5272
f 5272 5340 5341 5273
f 5273 5341 5342 5274
f 5274 5342 5343 5275
f 5275 5343 5344 5276
f 5276 5344 5345 5277
f 5277 5345 5346 5278
f 5278 5346 5347 5279
f 5279 5347 5348 5280
f 5280 5348 5349 5281
f 5281 5349 5350 5282
f 5282 5350 5351 5283
f 5283 5351 5352 5284
f 5284 5352 5353 5285
f 5285 5353 5354 5286
f 5286 5354 5355 5287
f 5287 5355 5356 5288
f 5288 5356 5357 5289
f 5289 5357 5358 5290
f 5290 5358 5359 5291
f 5291 5359 5360 5292
f 5292 5360 5361 5293
f 5293 5361 5362 5294
f 5294 5362 5363 5295
f 5295 5363 5364 5296
f 5296 5364 5365 5297
f 5297 5365 5366 5298
f 5298 5366 5367 5299
f 5299 5367 5368 5300
f 5300 5368 5369 5301
f 5301 5369 5370 5302
f 5302 5370 5371 5303
f 5303 5371 5372 5304
f 5305 5373 5374 5306
f 5306 5374 5375 5307
f 5307 5375 5376 5308
f 5308 5376 5377 5309
f 5309 5377 5378 5310
f 5310 5378 5379 5311
f 5311 5379 5380 5312
f 5312 5380 5381 5313
f 5313 5381 5382 5314
f 5314 5382 5383 5315
f 5315 5383 5384 5316
f 5316 5384 5385 5317
f 5317 5385 5386 5318
f 5318 5386 5387 5319
f 5319 5387 5388 5320
f 5320 5388 5389 5321
f 5321 5389 5390 5322
f 5322 5390 5391 5323
f 5323 5391 5392 5324
f 5324 5392 5393 5325
f 5325 5393 5394 5326
f 5326 5394 5395 5327
f 5327 5395 5396 5328
f 5328 5396 5397 5329
f 5329 5397 5398 5330
f 5330 5398 5399 5331
f 5331 5399 5400 5332
f 5332 5400 5401 5333
f 5333 5401 5402 5334
f 5334 5402 5403 5335
f 5335 5403 5404 5336
f 5336 5404 5405 5337
f 5337 5405 5406 5338
f 5338 5406 5407 5339
f 5339 5407 5408 5340
f 5340 5408 5409 5341
f 5341 5409 5410 5342
f 5342 5410 5411 5343
f 5343 5411 5412 5344
f 5344 5412 5413 5345
f 5345 5413 5414 5346
f 5346 5414 5415 5347
f 5347 5415 5416 5348
f 5348 5416 5417 5349
f 5349 5417 5418 5350
f 5350 5418 5419 5351
f 5351 5419 5420 5352
f 5352 5420 5421 5353
f 5353 5421 5422 5354
f 5354 5422 5423 5355
f 5355 5423 5424 5356
f 5356 5424 5425 5357
f 5357 5425 5426 5358
f 5358 5426 5427 5359
f 5359 5427 5428 5360
f 5360 5428 5429 5361
f 5361 5429 5430 5362
f 5362 5430 5431 5363
f 5363 5431 5432 5364
f 5364 5432 5433 5365
f 5365 5433 5434 5366
f 5366 5434 5435 5367
f 5367 5435 5436 5368
f 5368 5436 5437 5369
f 5369 5437 5438 5370
f 5370 5438 5439 5371
f 5371 5439 5440 5372
f 5373 5441 5442 5374
f 5374 5442 5443 5375
f 5375 5443 5444 5376
f 5376 5444 5445 5377
f 5377 5445 5446 5378
f 5378 5446 5447 5379
f 5379 5447 5448 5380
f 5380 5448 5449 5381
f 5381 5449 5450 5382
f 5382 5450 5451 5383
f 5383 5451 5452 5384
f 5384 5452 5453 5385
f 5385 5453 5454 5386
f 5386 5454 5455 5387
f 5387 5455 5456 5388
f 5388 5456 5457 5389
f 5389 5457 5458 5390
f 5390 5458 5459 5391
f 5391 5459 5460 5392
f 5392 5460 5461 5393
f 5393 5461 5462 5394
f 5394 5462 5463 5395
f 5395 5463 5464 5396
f 5396 5464 5465 5397
f 5397 5465 5466 5398
f 5398 5466 5467 5399
f 5399 5467 5468 5400
f 5400 5468 5469 5401
f 5401 5469 5470 5402
f 5402 5470 5471 5403
f 5403 5471 5472 5404
f 5404 5472 5473 5405
f 5405 5473 5474 5406
f 5406 5474 5475 5407
f 5407 5475 5476 5408
f 5408 5476 5477 5409
f 5409 5477 5478 5410
f 5410 5478 5479 5411
f 5411 5479 5480 5412
f 5412 5480 5481 5413
f 5413 5481 5482 5414
f 5414 5482 5483 5415
f 5415 5483 5484 5416
f 5416 5484 5485 5417
f 5417 5485 5486 5418
f 5418 5486 5487 5419
f 5419 5487 5488 5420
f 5420 5488 5489 5421
f 5421 5489 5490 5422
f 5422 5490 5491 5423
f 5423 5491 5492 5424
f 5424 5492 5493 5425
f 5425 5493 5494 5426
f 5426 5494 5495 5427
f 5427 5495 5496 5428
f 5428 5496 5497 5429
f 5429 5497 5498 5430
f 5430 5498 5499 5431
f 5431 5499 5500 5432
f 5432 5500 5501 5433
f 5433 5501 5502 5434
f 5434 5502 5503 5435
f 5435 5503 5504 5436
f 5436 5504 5505 5437
f 5437 5505 5506 5438
f 5438 5506 5507 5439
f 5439 5507 5508 5440
f 5441 5509 5510 5442
f 5442 5510 5511 5443
f 5443 5511 5512 5444
f 5444 5512 5513 5445
f 5445 5513 5514 5446
f 5446 5514 5515 5447
f 5447 5515 5516 5448
f 5448 5516 5517 5449
f 5449 5517 5518 5450
f 5450 5518 5519 5451
f 5451 5519 5520 5452
f 5452 5520 5521 5453
f 5453 5521 5522 5454
f 5454 5522 5523 5455
f 5455 5523 5524 5456
f 5456 5524 5525 5457
f 5457 5525 5526 5458
f 5458 5526 5527 5459
f 5459 5527 5528 5460
f 5460 5528 5529 5461
f 5461 5529 5530 5462
f 5462 5530 5531 5463
f 5463 5531 5532 5464
f 5464 5532 5533 5465
f 5465 5533 5534 5466
f 5466 5534 5535 5467
f 5467 5535 5536 5468
f 5468 5536 5537 5469
f 5469 5537 5538 5470
f 5470 5538 5539 5471
f 5471 5539 5540 5472
f 5472 5540 5541 5473
f 5473 5541 5542 5474
f 5474 5542 5543 5475
f 5475 5543 5544 5476
f 5476 5544 5545 5477
f 5477 5545 5546 5478
f 5478 5546 5547 5479
f 5479 5547 5548 5480
f 5480 5548 5549 5481
f 5481 5549 5550 5482
f 5482 5550 5551 5483
f 5483 5551 5552 5484
f 5484 5552 5553 5485
f 5485 5553 5554 5486
f 5486 5554 5555 5487
f 5487 5555 5556 5488
f 5488 5556 5557 5489
f 5489 5557 5558 5490
f 5490 5558 5559 5491
f 5491 5559 5560 5492
f 5492 5560 5561 5493
f 5493 5561 5562 5494
f 5494 5562 5563 5495
f 5495 5563 5564 5496
f 5496 5564 5565 5497
f 5497 5565 5566 5498
f 5498 5566 5567 5499
f 5499 5567 5568 5500
f 5500 5568 5569 5501
f 5501 5569 5570 5502
f 5502 5570 5571 5503
f 5503 5571 5572 5504
f 5504 5572 5573 5505
f 5505 5573 5574 5506
f 5506 5574 5575 5507
f 5507 5575 5576 5508
f 5509 5577 5578 5510
f 5510 5578 5579 5511
f 5511 5579 5580 5512
f 5512 5580 5581 5513
f 5513 5581 5582 5514
f 5514 5582 5583 5515
f 5515 5583 5584 5516
f 5516 5584 5585 5517
f 5517 5585 5586 5518
f 5518 5586 5587 5519
f 5519 5587 5588 5520
f 5520 5588 5589 5521
f 5521 5589 5590 5522
f 5522 5590 5591 5523
f 5523 5591 5592 5524
f 5524 5592 5593 5525
f 5525 5593 5594 5526
f 5526 5594 5595 5527
f 5527 5595 5596 5528
f 5528 5596 5597 5529
f 5529 5597 5598 5530
f 5530 5598 5599 5531
f 5531 5599 5600 5532
f 5532 5600 5601 5533
f 5533 5601 5602 5534
f 5534 5602 5603 5535
f 5535 5603 5604 5536
f 5536 5604 5605 5537
f 5537 5605 5606 5538
f 5538 5606 5607 5539
f 5539 5607 5608 5540
f 5540 5608 5609 5541
f 5541 5609 5610 5542
f 5542 5610 5611 5543
f 5543 5611 5612 5544
f 5544 5612 5613 5545
f 5545 5613 5614 5546
f 5546 5614 5615 5547
f 5547 5615 5616 5548
f 5548 5616 5617 5549
f 5549 5617 5618 5550
f 5550 5618 5619 5551
f 5551 5619 5620 5552
f 5552 5620 5621 5553
f 5553 5621 5622 5554
f 5554 5622 5623 5555
f 5555 5623 5624 5556
f 5556 5624 5625 5557
f 5557 5625 5626 5558
f 5558 5626 5627 5559
f 5559 5627 5628 5560
f 5560 5628 5629 5561
f 5561 5629 5630 5562
f 5562 5630 5631 5563
f 5563 5631 5632 5564
f 5564 5632 5633 5565
f 5565 5633 5634 5566
f 5566 5634 5635 5567
f 5567 5635 5636 5568
f 5568 5636 5637 5569
f 5569 5637 5638 5570
f 5570 5638 5639 5571
f 5571 5639 5640 5572
f 5572 5640 5641 5573
f 5573 5641 5642 5574
f 5574 5642 5643 5575
f 5575 5643 5644 5576
f 5577 5645 5646 5578
f 5578 5646 5647 5579
f 5579 5647 5648 5580
f 5580 5648 5649 5581
f 5581 5649 5650 5582
f 5582 5650 5651 5583
f 5583 5651 5652 5584
f 5584 5652 5653 5585
f 5585 5653 5654 5586
f 5586 5654 5655 5587
f 5587 5655 5656 5588
f 5588 5656 5657 5589
f 5589 5657 5658 5590
f 5590 5658 5659 5591
f 5591 5659 5660 5592
f 5592 5660 5661 5593
f 5593 5661 5662 5594
f 5594 5662 5663 5595
f 5595 5663 5664 5596
f 5596 5664 5665 5597
f 5597 5665 5666 5598
f 5598 5666 5667 5599
f 5599 5667 5668 5600
f 5600 5668 5669 5601
f 5601 5669 5670 5602
f 5602 5670 5671 5603
f 5603 5671 5672 5604
f 5604 5672 5673 5605
f 5605 5673 5674 5606
f 5606 5674 5675 5607
f 5607 5675 5676 5608
f 5608 5676 5677 5609
f 5609 5677 5678 5610
f 5610 5678 5679 5611
f 5611 5679 5680 5612
f 5612 5680 5681 5613
f 5613 5681 5682 5614
f 5614 5682 5683 5615
f 5615 5683 5684 5616
f 5616 5684 5685 5617
f 5617 5685 5686 5618
f 5618 5686 5687 5619
f 5619 5687 5688 5620
f 5620 5688 5689 5621
f 5621 5689 5690 5622
f 5622 5690 5691 5623
f 5623 5691 5692 5624
f 5624 5692 5693 5625
f 5625 5693 5694 5626
f 5626 5694 5695 5627
f 5627 5695 5696 5628
f 5628 5696 5697 5629
f 5629 5697 5698 5630
f 5630 5698 5699 5631
f 5631 5699 5700 5632
f 5632 5700 5701 5633
f 5633 5701 5702 5634
f 5634 5702 5703 5635
f 5635 5703 5704 5636
f 5636 5704 5705 5637
f 5637 5705 5706 5638
f 5638 5706 5707 5639
f 5639 5707 5708 5640
f 5640 5708 5709 5641
f 5641 5709 5710 5642
f 5642 5710 5711 5643
f 5643 5711 5712 5644
f 5645 5713 5714 5646
f 5646 5714 5715 5647
f 5647 5715 5716 5648
f 5648 5716 5717 5649
f 5649 5717 5718 5650
f 5650 5718 5719 5651
f 5651 5719 5720 5652
f 5652 5720 5721 5653
f 5653 5721 5722 5654
f 5654 5722 5723 5655
f 5655 5723 5724 5656
f 5656 5724 5725 5657
f 5657 5725 5726 5658
f 5658 5726 5727 5659
f 5659 5727 5728 5660
f 5660 5728 5729 5661
f 5661 5729 5730 5662
f 5662 5730 5731 5663
f 5663 5731 5732 5664
f 5664 5732 5733 5665
f 5665 5733 5734 5666
f 5666 5734 5735 5667
f 5667 5735 5736 5668
f 5668 5736 5737 5669
f 5669 5737 5738 5670
f 5670 5738 5739 5671
f 5671 5739 5740 5672
f 5672 5740 5741 5673
f 5673 5741 5742 5674
f 5674 5742 5743 5675
f 5675 5743 5744 5676
f 5676 5744 5745 5677
f 5677 5745 5746 5678
f 5678 5746 5747 5679
f 5679 5747 5748 5680
f 5680 5748 5749 5681
f 5681 5749 5750 5682
f 5682 5750 5751 5683
f 5683 5751 5752 5684
f 5684 5752 5753 5685
f 5685 5753 5754 5686
f 5686 5754 5755 5687
f 5687 5755 5756 5688
f 5688 5756 5757 5689
f 5689 5757 5758 5690
f 5690 5758 5759 5691
f 5691 5759 5760 5692
f 5692 5760 5761 5693
f 5693 5761 5762 5694
f 5694 5762 5763 5695
f 5695 5763 5764 5696
f 5696 5764 5765 5697
f 5697 5765 5766 5698
f 5698 5766 5767 5699
f 5699 5767 5768 5700
f 5700 5768 5769 5701
f 5701 5769 5770 5702
f 5702 5770 5771 5703
f 5703 5771 5772 5704
f 5704 5772 5773 5705
f 5705 5773 5774 5706
f 5706 5774 5775 5707
f 5707 5775 5776 5708
f 5708 5776 5777 5709
f 5709 5777 5778 5710
f 5710 5778 5779 5711
f 5711 5779 5780 5712
f 5713 5781 5782 5714
f 5714 5782 5783 5715
f 5715 5783 5784 5716
f 5716 5784 5785 5717
f 5717 5785 5786 5718
f 5718 5786 5787 5719
f 5719 5787 5788 5720
f 5720 5788 5789 5721
f 5721 5789 5790 5722
f 5722 5790 5791 5723
f 5723 5791 5792 5724
f 5724 5792 5793 5725
f 5725 5793 5794 5726
f 5726 5794 5795 5727
f 5727 5795 5796 5728
f 5728 5796 5797 5729
f 5729 5797 5798 5730
f 5730 5798 5799 5731
f 5731 5799 5800 5732
f 5732 5800 5801 5733
f 5733 5801 5802 5734
f 5734 5802 5803 5735
f 5735 5803 5804 5736
f 5736 5804 5805 5737
f 5737 5805 5806 5738
f 5738 5806 5807 5739
f 5739 5807 5808 5740
f 5740 5808 5809 5741
f 5741 5809 5810 5742
f 5742 5810 5811 5743
f 5743 5811 5812 5744
f 5744 5812 5813 5745
f 5745 5813 5814 5746
f 5746 5814 5815 5747
f 5747 5815 5816 5748
f 5748 5816 5817 5749
f 5749 5817 5818 5750
f 5750 5818 5819 5751
f 5751 5819 5820 5752
f 5752 5820 5821 5753
f 5753 5821 5822 5754
f 5754 5822 5823 5755
f 5755 5823 5824 5756
f 5756 5824 5825 5757
f 5757 5825 5826 5758
f 5758 5826 5827 5759
f 5759 5827 5828 5760
f 5760 5828 5829 5761
f 5761 5829 5830 5762
f 5762 5830 5831 5763
f 5763 5831 5832 5764
f 5764 5832 5833 5765
f 5765 5833 5834 5766
f 5766 5834 5835 5767
f 5767 5835 5836 5768
f 5768 5836 5837 5769
f 5769 5837 5838 5770
f 5770 5838 5839 5771
f 5771 5839 5840 5772
f 5772 5840 5841 5773
f 5773 5841 5842 5774
f 5774 5842 5843 5775
f 5775 5843 5844 5776
f 5776 5844 5845 5777
f 5777 5845 5846 5778
f 5778 5846 5847 5779
f 5779 5847 5848 5780
f 5781 5849 5850 5782
f 5782 5850 5851 5783
f 5783 5851 5852 5784
f 5784 5852 5853 5785
f 5785 5853 5854 5786
f 5786 5854 5855 5787
f 5787 5855 5856 5788
f 5788 5856 5857 5789
f 5789 5857 5858 5790
f 5790 5858 5859 5791
f 5791 5859 5860 5792
f 5792 5860 5861 5793
f 5793 5861 5862 5794
f 5794 5862 5863 5795
f 5795 5863 5864 5796
f 5796 5864 5865 5797
f 5797 5865 5866 5798
f 5798 5866 5867 5799
f 5799 5867 5868 5800
f 5800 5868 5869 5801
f 5801 5869 5870 5802
f 5802 5870 5871 5803
f 5803 5871 5872 5804
f 5804 5872 5873 5805
f 5805 5873 5874 5806
f 5806 5874 5875 5807
f 5807 5875 5876 5808
f 5808 5876 5877 5809
f 5809 5877 5878 5810
f 5810 5878 5879 5811
f 5811 5879 5880 5812
f 5812 5880 5881 5813
f 5813 5881 5882 5814
f 5814 5882 5883 5815
f 5815 5883 5884 5816
f 5816 5884 5885 5817
f 5817 5885 5886 5818
f 5818 5886 5887 5819
f 5819 5887 5888 5820
f 5820 5888 5889 5821
f 5821 5889 5890 5822
f 5822 5890 5891 5823
f 5823 5891 5892 5824
f 5824 5892 5893 5825
f 5825 5893 5894 5826
f 5826 5894 5895 5827
f 5827 5895 5896 5828
f 5828 5896 5897 5829
f 5829 5897 5898 5830
f 5830 5898 5899 5831
f 5831 5899 5900 5832
f 5832 5900 5901 5833
f 5833 5901 5902 5834
f 5834 5902 5903 5835
f 5835 5903 5904 5836
f 5836 5904 5905 5837
f 5837 5905 5906 5838
f 5838 5906 5907 5839
f 5839 5907 5908 5840
f 5840 5908 5909 5841
f 5841 5909 5910 5842
f 5842 5910 5911 5843
f 5843 5911 5912 5844
f 5844 5912 5913 5845
f 5845 5913 5914 5846
f 5846 5914 5915 5847
f 5847 5915 5916 5848
f 5849 5917 5918 5850
f 5850 5918 5919 5851
f 5851 5919 5920 5852
f 5852 5920 5921 5853
f 5853 5921 5922 5854
f 5854 5922 5923 5855
f 5855 5923 5924 5856
f 5856 5924 5925 5857
f 5857 5925 5926 5858
f 5858 5926 5927 5859
f 5859 5927 5928 5860
f 5860 5928 5929 5861
f 5861 5929 5930 5862
f 5862 5930 5931 5863
f 5863 5931 5932 5864
f 5864 5932 5933 5865
f 5865 5933 5934 5866
f 5866 5934 5935 5867
f 5867 5935 5936 5868
f 5868 5936 5937 5869
f 5869 5937 5938 5870
f 5870 5938 5939 5871
f 5871 5939 5940 5872
f 5872 5940 5941 5873
f 5873 5941 5942 5874
f 5874 5942 5943 5875
f 5875 5943 5944 5876
f 5876 5944 5945 5877
f 5877 5945 5946 5878
f 5878 5946 5947 5879
f 5879 5947 5948 5880
f 5880 5948 5949 5881
f 5881 5949 5950 5882
f 5882 5950 5951 5883
f 5883 5951 5952 5884
f 5884 5952 5953 5885
f 5885 5953 5954 5886
f 5886 5954 5955 5887
f 5887 5955 5956 5888
f 5888 5956 5957 5889
f 5889 5957 5958 5890
f 5890 5958 5959 5891
f 5891 5959 5960 5892
f 5892 5960 5961 5893
f 5893 5961 5962 5894
f 5894 5962 5963 5895
f 5895 5963 5964 5896
f 5896 5964 5965 5897
f 5897 5965 5966 5898
f 5898 5966 5967 5899
f 5899 5967 5968 5900
f 5900 5968 5969 5901
f 5901 5969 5970 5902
f 5902 5970 5971 5903
f 5903 5971 5972 5904
f 5904 5972 5973 5905
f 5905 5973 5974 5906
f 5906 5974 5975 5907
f 5907 5975 5976 5908
f 5908 5976 5977 5909
f 5909 5977 5978 5910
f 5910 5978 5979 5911
f 5911 5979 5980 5912
f 5912 5980 5981 5913
f 5913 5981 5982 5914
f 5914 5982 5983 5915
f 5915 5983 5984 5916
f 5917 5985 5986 5918
f 5918 5986 5987 5919
f 5919 5987 5988 5920
f 5920 5988 5989 5921
f 5921 5989 5990 5922
f 5922 5990 5991 5923
f 5923 5991 5992 5924
f 5924 5992 5993 5925
f 5925 5993 5994 5926
f 5926 5994 5995 5927
f 5927 5995 5996 5928
f 5928 5996 5997 5929
f 5929 5997 5998 5930
f 5930 5998 5999 5931
f 5931 5999 6000 5932
f 5932 6000 6001 5933
f 5933 6001 6002 5934
f 5934 6002 6003 5935
f 5935 6003 6004 5936
f 5936 6004 6005 5937
f 5937 6005 6006 5938
f 5938 6006 6007 5939
f 5939 6007 6008 5940
f 5940 6008 6009 5941
f 5941 6009 6010 5942
f 5942 6010 6011 5943
f 5943 6011 6012 5944
f 5944 6012 6013 5945
f 5945 6013 6014 5946
f 5946 6014 6015 5947
f 5947 6015 6016 5948
f 5948 6016 6017 5949
f 5949 6017 6018 5950
f 5950 6018 6019 5951
f 5951 6019 6020 5952
f 5952 6020 6021 5953
f 5953 6021 6022 5954
f 5954 6022 6023 5955
f 5955 6023 6024 5956
f 5956 6024 6025 5957
f 5957 6025 6026 5958
f 5958 6026 6027 5959
f 5959 6027 6028 5960
f 5960 6028 6029 5961
f 5961 6029 6030 5962
f 5962 6030 6031 5963
f 5963 6031 6032 5964
f 5964 6032 6033 5965
f 5965 6033 6034 5966
f 5966 6034 6035 5967
f 5967 6035 6036 5968
f 5968 6036 6037 5969
f 5969 6037 6038 5970
f 5970 6038 6039 5971
f 5971 6039 6040 5972
f 5972 6040 6041 5973
f 5973 6041 6042 5974
f 5974 6042 6043 5975
f 5975 6043 6044 5976
f 5976 6044 6045 5977
f 5977 6045 6046 5978
f 5978 6046 6047 5979
f 5979 6047 6048 5980
f 5980 6048 6049 5981
f 5981 6049 6050 5982
f 5982 6050 6051 5983
f 5983 6051 6052 5984
f 5985 6053 6054 5986
f 5986 6054 6055 5987
f 5987 6055 6056 5988
f 5988 6056 6057 5989
f 5989 6057 6058 5990
f 5990 6058 6059 5991
f 5991 6059 6060 5992
f 5992 6060 6061 5993
f 5993 6061 6062 5994
f 5994 6062 6063 5995
f 5995 6063 6064 5996
f 5996 6064 6065 5997
f 5997 6065 6066 5998
f 5998 6066 6067 5999
f 5999 6067 6068 6000
f 6000 6068 6069 6001
f 6001 6069 6070 6002
f 6002 6070 6071 6003
f 6003 6071 6072 6004
f 6004 6072 6073 6005
f 6005 6073 6074 6006
f 6006 6074 6075 6007
f 6007 6075 6076 6008
f 6008 6076 6077 6009
f 6009 6077 6078 6010
f 6010 6078 6079 6011
f 6011 6079 6080 6012
f 6012 6080 6081 6013
f 6013 6081 6082 6014
f 6014 6082 6083 6015
f 6015 6083 6084 6016
f 6016 6084 6085 6017
f 6017 6085 6086 6018
f 6018 6086 6087 6019
f 6019 6087 6088 6020
f 6020 6088 6089 6021
f 6021 6089 6090 6022
f 6022 6090 6091 6023
f 6023 6091 6092 6024
f 6024 6092 6093 6025
f 6025 6093 6094 6026
f 6026 6094 6095 6027
f 6027 6095 6096 6028
f 6028 6096 6097 6029
f 6029 6097 6098 6030
f 6030 6098 6099 6031
f 6031 6099 6100 6032
f 6032 6100 6101 6033
f 6033 6101 6102 6034
f 6034 6102 6103 6035
f 6035 6103 6104 6036
f 6036 6104 6105 6037
f 6037 6105 6106 6038
f 6038 6106 6107 6039
f 6039 6107 6108 6040
f 6040 6108 6109 6041
f 6041 6109 6110 6042
f 6042 6110 6111 6043
f 6043 6111 6112 6044
f 6044 6112 6113 6045
f 6045 6113 6114 6046
f 6046 6114 6115 6047
f 6047 6115 6116 6048
f 6048 6116 6117 6049
f 6049 6117 6118 6050
f 6050 6118 6119 6051
f 6051 6119 6120 6052
f 6053 6121 6122 6054
f 6054 6122 6123 6055
f 6055 6123 6124 6056
f 6056 6124 6125 6057
f 6057 6125 6126 6058
f 6058 6126 6127 6059
f 6059 6127 6128 6060
f 6060 6128 6129 6061
f 6061 6129 6130 6062
f 6062 6130 6131 6063
f 6063 6131 6132 6064
f 6064 6132 6133 6065
f 6065 6133 6134 6066
f 6066 6134 6135 6067
f 6067 6135 6136 6068
f 6068 6136 6137 6069
f 6069 6137 6138 6070
f 6070 6138 6139 6071
f 6071 6139 6140 6072
f 6072 6140 6141 6073
f 6073 6141 6142 6074
f 6074 6142 6143 6075
f 6075 6143 6144 6076
f 6076 6144 6145 6077
f 6077 6145 6146 6078
f 6078 6146 6147 6079
f 6079 6147 6148 6080
f 6080 6148 6149 6081
f 6081 6149 6150 6082
f 6082 6150 6151 6083
f 6083 6151 6152 6084
f 6084 6152 6153 6085
f 6085 6153 6154 6086
f 6086 6154 6155 6087
f 6087 6155 6156 6088
f 6088 6156 6157 6089
f 6089 6157 6158 6090
f 6090 6158 6159 6091
f 6091 6159 6160 6092
f 6092 6160 6161 6093
f 6093 6161 6162 6094
f 6094 6162 6163 6095
f 6095 6163 6164 6096
f 6096 6164 6165 6097
f 6097 6165 6166 6098
f 6098 6166 6167 6099
f 6099 6167 6168 6100
f 6100 6168 6169 6101
f 6101 6169 6170 6102
f 6102 6170 6171 6103
f 6103 6171 6172 6104
f 6104 6172 6173 6105
f 6105 6173 6174 6106
f 6106 6174 6175 6107
f 6107 6175 6176 6108
f 6108 6176 6177 6109
f 6109 6177 6178 6110
f 6110 6178 6179 6111
f 6111 6179 6180 6112
f 6112 6180 6181 6113
f 6113 6181 6182 6114
f 6114 6182 6183 6115
f 6115 6183 6184 6116
f 6116 6184 6185 6117
f 6117 6185 6186 6118
f 6118 6186 6187 6119
f 6119 6187 6188 6120
f 6121 6189 6190 6122
f 6122 6190 6191 6123
f 6123 6191 6192 6124
f 6124 6192 6193 6125
f 6125 6193 6194 6126
f 6126 6194 6195 6127
f 6127 6195 6196 6128
f 6128 6196 6197 6129
f 6129 6197 6198 6130
f 6130 6198 6199 6131
f 6131 6199 6200 6132
f 6132 6200 6201 6133
f 6133 6201 6202 6134
f 6134 6202 6203 6135
f 6135 6203 6204 6136
f 6136 6204 6205 6137
f 6137 6205 6206 6138
f 6138 6206 6207 6139
f 6139 6207 6208 6140
f 6140 6208 6209 6141
f 6141 6209 6210 6142
f 6142 6210 6211 6143
f 6143 6211 6212 6144
f 6144 6212 6213 6145
f 6145 6213 6214 6146
f 6146 6214 6215 6147
f 6147 6215 6216 6148
f 6148 6216 6217 6149
f 6149 6217 6218 6150
f 6150 6218 6219 6151
f 6151 6219 6220 6152
f 6152 6220 6221 6153
f 6153 6221 6222 6154
f 6154 6222 6223 6155
f 6155 6223 6224 6156
f 6156 6224 6225 6157
f 6157 6225 6226 6158
f 6158 6226 6227 6159
f 6159 6227 6228 6160
f 6160 6228 6229 6161
f 6161 6229 6230 6162
f 6162 6230 6231 6163
f 6163 6231 6232 6164
f 6164 6232 6233 6165
f 6165 6233 6234 6166
f 6166 6234 6235 6167
f 6167 6235 6236 6168
f 6168 6236 6237 6169
f 6169 6237 6238 6170
f 6170 6238 6239 6171
f 6171 6239 6240 6172
f 6172 6240 6241 6173
f 6173 6241 6242 6174
f 6174 6242 6243 6175
f 6175 6243 6244 6176
f 6176 6244 6245 6177
f 6177 6245 6246 6178
f 6178 6246 6247 6179
f 6179 6247 6248 6180
f 6180 6248 6249 6181
f 6181 6249 6250 6182
f 6182 6250 6251 6183
f 6183 6251 6252 6184
f 6184 6252 6253 6185
f 6185 6253 6254 6186
f 6186 6254 6255 6187
f 6187 6255 6256 6188
f 6189 6257 6258 6190
f 6190 6258 6259 6191
f 6191 6259 6260 6192
f 6192 6260 6261 6193
f 6193 6261 6262 6194
f 6194 6262 6263 6195
f 6195 6263 6264 6196
f 6196 6264 6265 6197
f 6197 6265 6266 6198
f 6198 6266 6267 6199
f 6199 6267 6268 6200
f 6200 6268 6269 6201
f 6201 6269 6270 6202
f 6202 6270 6271 6203
f 6203 6271 6272 6204
f 6204 6272 6273 6205
f 6205 6273 6274 6206
f 6206 6274 6275 6207
f 6207 6275 6276 6208
f 6208 6276 6277 6209
f 6209 6277 6278 6210
f 6210 6278 6279 6211
f 6211 6279 6280 6212
f 6212 6280 6281 6213
f 6213 6281 6282 6214
f 6214 6282 6283 6215
f 6215 6283 6284 6216
f 6216 6284 6285 6217
f 6217 6285 6286 6218
f 6218 6286 6287 6219
f 6219 6287 6288 6220
f 6220 6288 6289 6221
f 6221 6289 6290 6222
f 6222 6290 6291 6223
f 6223 6291 6292 6224
f 6224 6292 6293 6225
f 6225 6293 6294 6226
f 6226 6294 6295 6227
f 6227 6295 6296 6228
f 6228 6296 6297 6229
f 6229 6297 6298 6230
f 6230 6298 6299 6231
f 6231 6299 6300 6232
f 6232 6300 6301 6233
f 6233 6301 6302 6234
f 6234 6302 6303 6235
f 6235 6303 6304 6236
f 6236 6304 6305 6237
f 6237 6305 6306 6238
f 6238 6306 6307 6239
f 6239 6307 6308 6240
f 6240 6308 6309 6241
f 6241 6309 6310 6242
f 6242 6310 6311 6243
f 6243 6311 6312 6244
f 6244 6312 6313 6245
f 6245 6313 6314 6246
f 6246 6314 6315 6247
f 6247 6315 6316 6248
f 6248 6316 6317 6249
f 6249 6317 6318 6250
f 6250 6318 6319 6251
f 6251 6319 6320 6252
f 6252 6320 6321 6253
f 6253 6321 6322 6254
f 6254 6322 6323 6255
f 6255 6323 6324 6256
f 6257 6325 6326 6258
f 6258 6326 6327 6259
f 6259 6327 6328 6260
f 6260 6328 6329 6261
f 6261 6329 6330 6262
f 6262 6330 6331 6263
f 6263 6331 6332 6264
f 6264 6332 6333 6265
f 6265 6333 6334 6266
f 6266 6334 6335 6267
f 6267 6335 6336 6268
f 6268 6336 6337 6269
f 6269 6337 6338 6270
f 6270 6338 6339 6271
f 6271 6339 6340 6272
f 6272 6340 6341 6273
f 6273 6341 6342 6274
f 6274 6342 6343 6275
f 6275 6343 6344 6276
f 6276 6344 6345 6277
f 6277 6345 6346 6278
f 6278 6346 6347 6279
f 6279 6347 6348 6280
f 6280 6348 6349 6281
f 6281 6349 6350 6282
f 6282 6350 6351 6283
f 6283 6351 6352 6284
f 6284 6352 6353 6285
f 6285 6353 6354 6286
f 6286 6354 6355 6287
f 6287 6355 6356 6288
f 6288 6356 6357 6289
f 6289 6357 6358 6290
f 6290 6358 6359 6291
f 6291 6359 6360 6292
f 6292 6360 6361 6293
f 6293 6361 6362 6294
f 6294 6362 6363 6295
f 6295 6363 6364 6296
f 6296 6364 6365 6297
f 6297 6365 6366 6298
f 6298 6366 6367 6299
f 6299 6367 6368 6300
f 6300 6368 6369 6301
f 6301 6369 6370 6302
f 6302 6370 6371 6303
f 6303 6371 6372 6304
f 6304 6372 6373 6305
f 6305 6373 6374 6306
f 6306 6374 6375 6307
f 6307 6375 6376 6308
f 6308 6376 6377 6309
f 6309 6377 6378 6310
f 6310 6378 6379 6311
f 6311 6379 6380 6312
f 6312 6380 6381 6313
f 6313 6381 6382 6314
f 6314 6382 6383 6315
f 6315 6383 6384 6316
f 6316 6384 6385 6317
f 6317 6385 6386 6318
f 6318 6386 6387 6319
f 6319 6387 6388 6320
f 6320 6388 6389 6321
f 6321 6389 6390 6322
f 6322 6390 6391 6323
f 6323 6391 6392 6324
f 6325 6393 6394 6326
f 6326 6394 6395 6327
f 6327 6395 6396 6328
f 6328 6396 6397 6329
f 6329 6397 6398 6330
f 6330 6398 6399 6331
f 6331 6399 6400 6332
f 6332 6400 6401 6333
f 6333 6401 6402 6334
f 6334 6402 6403 6335
f 6335 6403 6404 6336
f 6336 6404 6405 6337
f 6337 6405 6406 6338
f 6338 6406 6407 6339
f 6339 6407 6408 6340
f 6340 6408 6409 6341
f 6341 6409 6410 6342
f 6342 6410 6411 6343
f 6343 6411 6412 6344
f 6344 6412 6413 6345
f 6345 6413 6414 6346
f 6346 6414 6415 6347
f 6347 6415 6416 6348
f 6348 6416 6417 6349
f 6349 6417 6418 6350
f 6350 6418 6419 6351
f 6351 6419 6420 6352
f 6352 6420 6421 6353
f 6353 6421 6422 6354
f 6354 6422 6423 6355
f 6355 6423 6424 6356
f 6356 6424 6425 6357
f 6357 6425 6426 6358
f 6358 6426 6427 6359
f 6359 6427 6428 6360
f 6360 6428 6429 6361
f 6361 6429 6430 6362
f 6362 6430 6431 6363
f 6363 6431 6432 6364
f 6364 6432 6433 6365
f 6365 6433 6434 6366
f 6366 6434 6435 6367
f 6367 6435 6436 6368
f 6368 6436 6437 6369
f 6369 6437 6438 6370
f 6370 6438 6439 6371
f 6371 6439 6440 6372
f 6372 6440 6441 6373
f 6373 6441 6442 6374
f 6374 6442 6443 6375
f 6375 6443 6444 6376
f 6376 6444 6445 6377
f 6377 6445 6446 6378
f 6378 6446 6447 6379
f 6379 6447 6448 6380
f 6380 6448 6449 6381
f 6381 6449 6450 6382
f 6382 6450 6451 6383
f 6383 6451 6452 6384
f 6384 6452 6453 6385
f 6385 6453 6454 6386
f 6386 6454 6455 6387
f 6387 6455 6456 6388
f 6388 6456 6457 6389
f 6389 6457 6458 6390
f 6390 6458 6459 6391
f 6391 6459 6460 6392
f 6393 6461 6462 6394
f 6394 6462 6463 6395
f 6395 6463 6464 6396
f 6396 6464 6465 6397
f 6397 6465 6466 6398
f 6398 6466 6467 6399
f 6399 6467 6468 6400
f 6400 6468 6469 6401
f 6401 6469 6470 6402
f 6402 6470 6471 6403
f 6403 6471 6472 6404
f 6404 6472 6473 6405
f 6405 6473 6474 6406
f 6406 6474 6475 6407
f 6407 6475 6476 6408
f 6408 6476 6477 6409
f 6409 6477 6478 6410
f 6410 6478 6479 6411
f 6411 6479 6480 6412
f 6412 6480 6481 6413
f 6413 6481 6482 6414
f 6414 6482 6483 6415
f 6415 6483 6484 6416
f 6416 6484 6485 6417
f 6417 6485 6486 6418
f 6418 6486 6487 6419
f 6419 6487 6488 6420
f 6420 6488 6489 6421
f 6421 6489 6490 6422
f 6422 6490 6491 6423
f 6423 6491 6492 6424
f 6424 6492 6493 6425
f 6425 6493 6494 6426
f 6426 6494 6495 6427
f 6427 6495 6496 6428
f 6428 6496 6497 6429
f 6429 6497 6498 6430
f 6430 6498 6499 6431
f 6431 6499 6500 6432
f 6432 6500 6501 6433
f 6433 6501 6502 6434
f 6434 6502 6503 6435
f 6435 6503 6504 6436
f 6436 6504 6505 6437
f 6437 6505 6506 6438
f 6438 6506 6507 6439
f 6439 6507 6508 6440
f 6440 6508 6509 6441
f 6441 6509 6510 6442
f 6442 6510 6511 6443
f 6443 6511 6512 6444
f 6444 6512 6513 6445
f 6445 6513 6514 6446
f 6446 6514 6515 6447
f 6447 6515 6516 6448
f 6448 6516 6517 6449
f 6449 6517 6518 6450
f 6450 6518 6519 6451
f 6451 6519 6520 6452
f 6452 6520 6521 6453
f 6453 6521 6522 6454
f 6454 6522 6523 6455
f 6455 6523 6524 6456
f 6456 6524 6525 6457
f 6457 6525 6526 6458
f 6458 6526 6527 6459
f 6459 6527 6528 6460
f 1 2 6529 6530
f 6532 6531 135 136
f 2 137 6533 6529
f 6531 6534 204 135
f 137 205 6535 6533
f 6534 6536 272 204
f 205 273 6537 6535
f 6536 6538 340 272
f 273 341 6539 6537
f 6538 6540 408 340
f 341 409 6541 6539
f 6540 6542 476 408
f 409 477 6543 6541
f 6542 6544 544 476
f 477 545 6545 6543
f 6544 6546 612 544
f 545 613 6547 6545
f 6546 6548 680 612
f 613 681 6549 6547
f 6548 6550 748 680
f 681 749 6551 6549
f 6550 6552 816 748
f 749 817 6553 6551
f 6552 6554 884 816
f 817 885 6555 6553
f 6554 6556 952 884
f 885 953 6557 6555
f 6556 6558 1020 952
f 953 1021 6559 6557
f 6558 6560 1088 1020
f 1021 1089 6561 6559
f 6560 6562 1156 1088
f 1089 1157 6563 6561
f 6562 6564 1224 1156
f 1157 1225 6565 6563
f 6564 6566 1292 1224
f 1225 1293 6567 6565
f 6566 6568 1360 1292
f 1293 1361 6569 6567
f 6568 6570 1428 1360
f 1361 1429 6571 6569
f 6570 6572 1496 1428
f 1429 1497 6573 6571
f 6572 6574 1564 1496
f 1497 1565 6575 6573
f 6574 6576 1632 1564
f 1565 1633 6577 6575
f 6576 6578 1700 1632
f 1633 1701 6579 6577
f 6578 6580 1768 1700
f 1701 1769 6581 6579
f 6580 6582 1836 1768
f 1769 1837 6583 6581
f 6582 6584 1904 1836
f 1837 1905 6585 6583
f 6584 6586 1972 1904
f 1905 1973 6587 6585
f 6586 6588 2040 1972
f 1973 2041 6589 6587
f 6588 6590 2108 2040
f 2041 2109 6591 6589
f 6590 6592 2176 2108
f 2109 2177 6593 6591
f 6592 6594 2244 2176
f 2177 2245 6595 6593
f 6594 6596 2312 2244
f 2245 2313 6597 6595
f 6596 6598 2380 2312
f 2313 2381 6599 6597
f 6598 6600 2448 2380
f 2381 2449 6601 6599
f 6600 6602 2516 2448
f 2449 2517 6603 6601
f 6602 6604 2584 2516
f 2517 2585 6605 6603
f 6604 6606 2652 2584
f 2585 2653 6607 6605
f 6606 6608 2720 2652
f 2653 2721 6609 6607
f 6608 6610 2788 2720
f 2721 2789 6611 6609
f 6610 6612 2856 2788
f 2789 2857 6613 6611
f 6612 6614 2924 2856
f 2857 2925 6615 6613
f 6614 6616 2992 2924
f 2925 2993 6617 6615
f 6616 6618 3060 2992
f 2993 3061 6619 6617
f 6618 6620 3128 3060
f 3061 3129 6621 6619
f 6620 6622 3196 3128
f 3129 3197 6623 6621
f 6622 6624 3264 3196
f 3197 3265 6625 6623
f 6624 6626 3332 3264
f 3265 3333 6627 6625
f 6626 6628 3400 3332
f 3333 3401 6629 6627
f 6628 6630 3468 3400
f 3401 3469 6631 6629
f 6630 6632 3536 3468
f 3469 3537 6633 6631
f 6632 6634 3604 3536
f 3537 3605 6635 6633
f 6634 6636 3672 3604
f 3605 3673 6637 6635
f 6636 6638 3740 3672
f 3673 3741 6639 6637
f 6638 6640 3808 3740
f 3741 3809 6641 6639
f 6640 6642 3876 3808
f 3809 3877 6643 6641
f 6642 6644 3944 3876
f 3877 3945 6645 6643
f 6644 6646 4012 3944
f 3945 4013 6647 6645
f 6646 6648 4080 4012
f 4013 4081 6649 6647
f 6648 6650 4148 4080
f 4081 4149 6651 6649
f 6650 6652 4216 4148
f 4149 4217 6653 6651
f 6652 6654 4284 4216
f 4217 4285 6655 6653
f 6654 6656 4352 4284
f 4285 4353 6657 6655
f 6656 6658 4420 4352
f 4353 4421 6659 6657
f 6658 6660 4488 4420
f 4421 4489 6661 6659
f 6660 6662 4556 4488
f 4489 4557 6663 6661
f 6662 6664 4624 4556
f 4557 4625 6665 6663
f 6664 6666 4692 4624
f 4625 4693 6667 6665
f 6666 6668 4760 4692
f 4693 4761 6669 6667
f 6668 6670 4828 4760
f 4761 4829 6671 6669
f 6670 6672 4896 4828
f 4829 4897 6673 6671
f 6672 6674 4964 4896
f 4897 4965 6675 6673
f 6674 6676 5032 4964
f 4965 5033 6677 6675
f 6676 6678 5100 5032
f 5033 5101 6679 6677
f 6678 6680 5168 5100
f 5101 5169 6681 6679
f 6680 6682 5236 5168
f 5169 5237 6683 6681
f 6682 6684 5304 5236
f 5237 5305 6685 6683
f 6684 6686 5372 5304
f 5305 5373 6687 6685
f 6686 6688 5440 5372
f 5373 5441 6689 6687
f 6688 6690 5508 5440
f 5441 5509 6691 6689
f 6690 6692 5576 5508
f 5509 5577 6693 6691
f 6692 6694 5644 5576
f 5577 5645 6695 6693
f 6694 6696 5712 5644
f 5645 5713 6697 6695
f 6696 6698 5780 5712
f 5713 5781 6699 6697
f 6698 6700 5848 5780
f 5781 5849 6701 6699
f 6700 6702 5916 5848
f 5849 5917 6703 6701
f 6702 6704 5984 5916
f 5917 5985 6705 6703
f 6704 6706 6052 5984
f 5985 6053 6707 6705
f 6706 6708 6120 6052
f 6053 6121 6709 6707
f 6708 6710 6188 6120
f 6121 6189 6711 6709
f 6710 6712 6256 6188
f 6189 6257 6713 6711
f 6712 6714 6324 6256
f 6257 6325 6715 6713
f 6714 6716 6392 6324
f 6325 6393 6717 6715
f 6716 6718 6460 6392
f 6393 6461 6719 6717
f 6718 6720 6528 6460
f 6530 6721 4 1
f 6461 6462 6722 6719
f 6721 6723 6 4
f 6462 6463 6724 6722
f 6723 6725 8 6
f 6463 6464 6726 6724
f 6725 6727 10 8
f 6464 6465 6728 6726
f 6727 6729 12 10
f 6465 6466 6730 6728
f 6729 6731 14 12
f 6466 6467 6732 6730
f 6731 6733 16 14
f 6467 6468 6734 6732
f 6733 6735 18 16
f 6468 6469 6736 6734
f 6735 6737 20 18
f 6469 6470 6738 6736
f 6737 6739 22 20
f 6470 6471 6740 6738
f 6739 6741 24 22
f 6471 6472 6742 6740
f 6741 6743 26 24
f 6472 6473 6744 6742
f 6743 6745 28 26
f 6473 6474 6746 6744
f 6745 6747 30 28
f 6474 6475 6748 6746
f 6747 6749 32 30
f 6475 6476 6750 6748
f 6749 6751 34 32
f 6476 6477 6752 6750
f 6751 6753 36 34
f 6477 6478 6754 6752
f 6753 6755 38 36
f 6478 6479 6756 6754
f 6755 6757 40 38
f 6479 6480 6758 6756
f 6757 6759 42 40
f 6480 6481 6760 6758
f 6759 6761 44 42
f 6481 6482 6762 6760
f 6761 6763 46 44
f 6482 6483 6764 6762
f 6763 6765 48 46
f 6483 6484 6766 6764
f 6765 6767 50 48
f 6484 6485 6768 6766
f 6767 6769 52 50
f 6485 6486 6770 6768
f 6769 6771 54 52
f 6486 6487 6772 6770
f 6771 6773 56 54
f 6487 6488 6774 6772
f 6773 6775 58 56
f 6488 6489 6776 6774
f 6775 6777 60 58
f 6489 6490 6778 6776
f 6777 6779 62 60
f 6490 6491 6780 6778
f 6779 6781 64 62
f 6491 6492 6782 6780
f 6781 6783 66 64
f 6492 6493 6784 6782
f 6783 6785 68 66
f 6493 6494 6786 6784
f 6785 6787 70 68
f 6494 6495 6788 6786
f 6787 6789 72 70
f 6495 6496 6790 6788
f 6789 6791 74 72
f 6496 6497 6792 6790
f 6791 6793 76 74
f 6497 6498 6794 6792
f 6793 6795 78 76
f 6498 6499 6796 6794
f 6795 6797 80 78
f 6499 6500 6798 6796
f 6797 6799 82 80
f 6500 6501 6800 6798
f 6799 6801 84 82
f 6501 6502 6802 6800
f 6801 6803 86 84
f 6502 6503 6804 6802
f 6803 6805 88 86
f 6503 6504 6806 6804
f 6805 6807 90 88
f 6504 6505 6808 6806
f 6807 6809 92 90
f 6505 6506 6810 6808
f 6809 6811 94 92
f 6506 6507 6812 6810
f 6811 6813 96 94
f 6507 6508 6814 6812
f 6813 6815 98 96
f 6508 6509 6816 6814
f 6815 6817 100 98
f 6509 6510 6818 6816
f 6817 6819 102 100
f 6510 6511 6820 6818
f 6819 6821 104 102
f 6511 6512 6822 6820
f 6821 6823 106 104
f 6512 6513 6824 6822
f 6823 6825 108 106
f 6513 6514 6826 6824
f 6825 6827 110 108
f 6514 6515 6828 6826
f 6827 6829 112 110
f 6515 6516 6830 6828
f 6829 6831 114 112
f 6516 6517 6832 6830
f 6831 6833 116 114
f 6517 6518 6834 6832
f 6833 6835 118 116
f 6518 6519 6836 6834
f 6835 6837 120 118
f 6519 6520 6838 6836
f 6837 6839 122 120
f 6520 6521 6840 6838
f 6839 6841 124 122
f 6521 6522 6842 6840
f 6841 6843 126 124
f 6522 6523 6844 6842
f 6843 6845 128 126
f 6523 6524 6846 6844
f 6845 6847 130 128
f 6524 6525 6848 6846
f 6847 6849 132 130
f 6525 6526 6850 6848
f 6849 6851 134 132
f 6526 6527 6852 6850
f 6851 6532 136 134
f 6527 6528 6720 6852
f 6530 6532 6720 6719
