# Relief for the CAM fixture project: a dome with two bumps, closed with a skirt
# and a floor. Inches, in the left half of the 4 x 3 x 0.75 in stock. Its peak
# reaches the stock top, so a 3D rough pass has levels to work down through.
o relief
v 0.6200 0.8600 0.1097
v 0.6447 0.8600 0.1113
v 0.6447 0.8928 0.1140
v 0.6200 0.8928 0.1120
v 0.6447 0.9256 0.1170
v 0.6200 0.9256 0.1147
v 0.6447 0.9585 0.1206
v 0.6200 0.9585 0.1177
v 0.6447 0.9913 0.1246
v 0.6200 0.9913 0.1211
v 0.6447 1.0241 0.1290
v 0.6200 1.0241 0.1249
v 0.6447 1.0569 0.1339
v 0.6200 1.0569 0.1291
v 0.6447 1.0897 0.1393
v 0.6200 1.0897 0.1337
v 0.6447 1.1226 0.1450
v 0.6200 1.1226 0.1385
v 0.6447 1.1554 0.1510
v 0.6200 1.1554 0.1436
v 0.6447 1.1882 0.1572
v 0.6200 1.1882 0.1488
v 0.6447 1.2210 0.1635
v 0.6200 1.2210 0.1541
v 0.6447 1.2538 0.1694
v 0.6200 1.2538 0.1591
v 0.6447 1.2867 0.1749
v 0.6200 1.2867 0.1638
v 0.6447 1.3195 0.1798
v 0.6200 1.3195 0.1681
v 0.6447 1.3523 0.1840
v 0.6200 1.3523 0.1718
v 0.6447 1.3851 0.1874
v 0.6200 1.3851 0.1748
v 0.6447 1.4179 0.1900
v 0.6200 1.4179 0.1772
v 0.6447 1.4508 0.1917
v 0.6200 1.4508 0.1788
v 0.6447 1.4836 0.1925
v 0.6200 1.4836 0.1796
v 0.6447 1.5164 0.1924
v 0.6200 1.5164 0.1795
v 0.6447 1.5492 0.1914
v 0.6200 1.5492 0.1786
v 0.6447 1.5821 0.1893
v 0.6200 1.5821 0.1769
v 0.6447 1.6149 0.1864
v 0.6200 1.6149 0.1744
v 0.6447 1.6477 0.1827
v 0.6200 1.6477 0.1712
v 0.6447 1.6805 0.1782
v 0.6200 1.6805 0.1674
v 0.6447 1.7133 0.1732
v 0.6200 1.7133 0.1630
v 0.6447 1.7462 0.1678
v 0.6200 1.7462 0.1583
v 0.6447 1.7790 0.1620
v 0.6200 1.7790 0.1534
v 0.6447 1.8118 0.1562
v 0.6200 1.8118 0.1484
v 0.6447 1.8446 0.1503
v 0.6200 1.8446 0.1433
v 0.6447 1.8774 0.1445
v 0.6200 1.8774 0.1383
v 0.6447 1.9103 0.1390
v 0.6200 1.9103 0.1336
v 0.6447 1.9431 0.1338
v 0.6200 1.9431 0.1291
v 0.6447 1.9759 0.1290
v 0.6200 1.9759 0.1249
v 0.6447 2.0087 0.1245
v 0.6200 2.0087 0.1211
v 0.6447 2.0415 0.1206
v 0.6200 2.0415 0.1177
v 0.6447 2.0744 0.1170
v 0.6200 2.0744 0.1147
v 0.6447 2.1072 0.1140
v 0.6200 2.1072 0.1120
v 0.6447 2.1400 0.1113
v 0.6200 2.1400 0.1097
v 0.6695 0.8600 0.1131
v 0.6695 0.8928 0.1161
v 0.6695 0.9256 0.1197
v 0.6695 0.9585 0.1238
v 0.6695 0.9913 0.1284
v 0.6695 1.0241 0.1336
v 0.6695 1.0569 0.1393
v 0.6695 1.0897 0.1456
v 0.6695 1.1226 0.1524
v 0.6695 1.1554 0.1596
v 0.6695 1.1882 0.1671
v 0.6695 1.2210 0.1746
v 0.6695 1.2538 0.1817
v 0.6695 1.2867 0.1881
v 0.6695 1.3195 0.1937
v 0.6695 1.3523 0.1982
v 0.6695 1.3851 0.2018
v 0.6695 1.4179 0.2045
v 0.6695 1.4508 0.2063
v 0.6695 1.4836 0.2071
v 0.6695 1.5164 0.2069
v 0.6695 1.5492 0.2056
v 0.6695 1.5821 0.2032
v 0.6695 1.6149 0.1999
v 0.6695 1.6477 0.1955
v 0.6695 1.6805 0.1904
v 0.6695 1.7133 0.1846
v 0.6695 1.7462 0.1783
v 0.6695 1.7790 0.1717
v 0.6695 1.8118 0.1649
v 0.6695 1.8446 0.1581
v 0.6695 1.8774 0.1515
v 0.6695 1.9103 0.1451
v 0.6695 1.9431 0.1390
v 0.6695 1.9759 0.1335
v 0.6695 2.0087 0.1283
v 0.6695 2.0415 0.1238
v 0.6695 2.0744 0.1197
v 0.6695 2.1072 0.1161
v 0.6695 2.1400 0.1131
v 0.6942 0.8600 0.1150
v 0.6942 0.8928 0.1185
v 0.6942 0.9256 0.1226
v 0.6942 0.9585 0.1273
v 0.6942 0.9913 0.1326
v 0.6942 1.0241 0.1386
v 0.6942 1.0569 0.1453
v 0.6942 1.0897 0.1527
v 0.6942 1.1226 0.1608
v 0.6942 1.1554 0.1696
v 0.6942 1.1882 0.1788
v 0.6942 1.2210 0.1879
v 0.6942 1.2538 0.1964
v 0.6942 1.2867 0.2040
v 0.6942 1.3195 0.2101
v 0.6942 1.3523 0.2150
v 0.6942 1.3851 0.2186
v 0.6942 1.4179 0.2211
v 0.6942 1.4508 0.2227
v 0.6942 1.4836 0.2234
v 0.6942 1.5164 0.2229
v 0.6942 1.5492 0.2214
v 0.6942 1.5821 0.2186
v 0.6942 1.6149 0.2147
v 0.6942 1.6477 0.2098
v 0.6942 1.6805 0.2039
v 0.6942 1.7133 0.1972
v 0.6942 1.7462 0.1900
v 0.6942 1.7790 0.1824
v 0.6942 1.8118 0.1746
v 0.6942 1.8446 0.1668
v 0.6942 1.8774 0.1591
v 0.6942 1.9103 0.1518
v 0.6942 1.9431 0.1449
v 0.6942 1.9759 0.1384
v 0.6942 2.0087 0.1326
v 0.6942 2.0415 0.1273
v 0.6942 2.0744 0.1226
v 0.6942 2.1072 0.1185
v 0.6942 2.1400 0.1150
v 0.7189 0.8600 0.1172
v 0.7189 0.8928 0.1212
v 0.7189 0.9256 0.1259
v 0.7189 0.9585 0.1312
v 0.7189 0.9913 0.1373
v 0.7189 1.0241 0.1443
v 0.7189 1.0569 0.1521
v 0.7189 1.0897 0.1608
v 0.7189 1.1226 0.1707
v 0.7189 1.1554 0.1815
v 0.7189 1.1882 0.1928
v 0.7189 1.2210 0.2041
v 0.7189 1.2538 0.2146
v 0.7189 1.2867 0.2233
v 0.7189 1.3195 0.2301
v 0.7189 1.3523 0.2349
v 0.7189 1.3851 0.2380
v 0.7189 1.4179 0.2401
v 0.7189 1.4508 0.2412
v 0.7189 1.4836 0.2415
v 0.7189 1.5164 0.2407
v 0.7189 1.5492 0.2388
v 0.7189 1.5821 0.2356
v 0.7189 1.6149 0.2311
v 0.7189 1.6477 0.2254
v 0.7189 1.6805 0.2187
v 0.7189 1.7133 0.2111
v 0.7189 1.7462 0.2028
v 0.7189 1.7790 0.1941
v 0.7189 1.8118 0.1852
v 0.7189 1.8446 0.1763
v 0.7189 1.8774 0.1676
v 0.7189 1.9103 0.1592
v 0.7189 1.9431 0.1513
v 0.7189 1.9759 0.1439
v 0.7189 2.0087 0.1372
v 0.7189 2.0415 0.1312
v 0.7189 2.0744 0.1258
v 0.7189 2.1072 0.1212
v 0.7189 2.1400 0.1172
v 0.7436 0.8600 0.1195
v 0.7436 0.8928 0.1241
v 0.7436 0.9256 0.1294
v 0.7436 0.9585 0.1355
v 0.7436 0.9913 0.1425
v 0.7436 1.0241 0.1505
v 0.7436 1.0569 0.1596
v 0.7436 1.0897 0.1701
v 0.7436 1.1226 0.1821
v 0.7436 1.1554 0.1955
v 0.7436 1.1882 0.2099
v 0.7436 1.2210 0.2241
v 0.7436 1.2538 0.2369
v 0.7436 1.2867 0.2472
v 0.7436 1.3195 0.2544
v 0.7436 1.3523 0.2587
v 0.7436 1.3851 0.2609
v 0.7436 1.4179 0.2618
v 0.7436 1.4508 0.2620
v 0.7436 1.4836 0.2615
v 0.7436 1.5164 0.2603
v 0.7436 1.5492 0.2579
v 0.7436 1.5821 0.2541
v 0.7436 1.6149 0.2490
v 0.7436 1.6477 0.2425
v 0.7436 1.6805 0.2348
v 0.7436 1.7133 0.2262
v 0.7436 1.7462 0.2168
v 0.7436 1.7790 0.2069
v 0.7436 1.8118 0.1968
v 0.7436 1.8446 0.1867
v 0.7436 1.8774 0.1768
v 0.7436 1.9103 0.1672
v 0.7436 1.9431 0.1582
v 0.7436 1.9759 0.1499
v 0.7436 2.0087 0.1423
v 0.7436 2.0415 0.1354
v 0.7436 2.0744 0.1294
v 0.7436 2.1072 0.1241
v 0.7436 2.1400 0.1195
v 0.7684 0.8600 0.1221
v 0.7684 0.8928 0.1272
v 0.7684 0.9256 0.1332
v 0.7684 0.9585 0.1402
v 0.7684 0.9913 0.1481
v 0.7684 1.0241 0.1573
v 0.7684 1.0569 0.1680
v 0.7684 1.0897 0.1806
v 0.7684 1.1226 0.1954
v 0.7684 1.1554 0.2122
v 0.7684 1.1882 0.2305
v 0.7684 1.2210 0.2486
v 0.7684 1.2538 0.2645
v 0.7684 1.2867 0.2765
v 0.7684 1.3195 0.2839
v 0.7684 1.3523 0.2872
v 0.7684 1.3851 0.2876
v 0.7684 1.4179 0.2866
v 0.7684 1.4508 0.2853
v 0.7684 1.4836 0.2837
v 0.7684 1.5164 0.2816
v 0.7684 1.5492 0.2786
v 0.7684 1.5821 0.2742
v 0.7684 1.6149 0.2684
v 0.7684 1.6477 0.2610
v 0.7684 1.6805 0.2524
v 0.7684 1.7133 0.2426
v 0.7684 1.7462 0.2320
v 0.7684 1.7790 0.2208
v 0.7684 1.8118 0.2094
v 0.7684 1.8446 0.1980
v 0.7684 1.8774 0.1867
v 0.7684 1.9103 0.1760
v 0.7684 1.9431 0.1658
v 0.7684 1.9759 0.1564
v 0.7684 2.0087 0.1478
v 0.7684 2.0415 0.1400
v 0.7684 2.0744 0.1332
v 0.7684 2.1072 0.1272
v 0.7684 2.1400 0.1221
v 0.7931 0.8600 0.1248
v 0.7931 0.8928 0.1306
v 0.7931 0.9256 0.1373
v 0.7931 0.9585 0.1452
v 0.7931 0.9913 0.1542
v 0.7931 1.0241 0.1648
v 0.7931 1.0569 0.1773
v 0.7931 1.0897 0.1924
v 0.7931 1.1226 0.2106
v 0.7931 1.1554 0.2319
v 0.7931 1.1882 0.2551
v 0.7931 1.2210 0.2781
v 0.7931 1.2538 0.2979
v 0.7931 1.2867 0.3120
v 0.7931 1.3195 0.3193
v 0.7931 1.3523 0.3208
v 0.7931 1.3851 0.3185
v 0.7931 1.4179 0.3148
v 0.7931 1.4508 0.3112
v 0.7931 1.4836 0.3080
v 0.7931 1.5164 0.3048
v 0.7931 1.5492 0.3010
v 0.7931 1.5821 0.2959
v 0.7931 1.6149 0.2892
v 0.7931 1.6477 0.2810
v 0.7931 1.6805 0.2712
v 0.7931 1.7133 0.2602
v 0.7931 1.7462 0.2483
v 0.7931 1.7790 0.2358
v 0.7931 1.8118 0.2229
v 0.7931 1.8446 0.2101
v 0.7931 1.8774 0.1975
v 0.7931 1.9103 0.1854
v 0.7931 1.9431 0.1740
v 0.7931 1.9759 0.1634
v 0.7931 2.0087 0.1537
v 0.7931 2.0415 0.1450
v 0.7931 2.0744 0.1373
v 0.7931 2.1072 0.1306
v 0.7931 2.1400 0.1248
v 0.8178 0.8600 0.1277
v 0.8178 0.8928 0.1342
v 0.8178 0.9256 0.1417
v 0.8178 0.9585 0.1505
v 0.8178 0.9913 0.1608
v 0.8178 1.0241 0.1729
v 0.8178 1.0569 0.1875
v 0.8178 1.0897 0.2056
v 0.8178 1.1226 0.2278
v 0.8178 1.1554 0.2543
v 0.8178 1.1882 0.2836
v 0.8178 1.2210 0.3126
v 0.8178 1.2538 0.3371
v 0.8178 1.2867 0.3535
v 0.8178 1.3195 0.3606
v 0.8178 1.3523 0.3595
v 0.8178 1.3851 0.3536
v 0.8178 1.4179 0.3462
v 0.8178 1.4508 0.3396
v 0.8178 1.4836 0.3343
v 0.8178 1.5164 0.3297
v 0.8178 1.5492 0.3250
v 0.8178 1.5821 0.3190
v 0.8178 1.6149 0.3115
v 0.8178 1.6477 0.3023
v 0.8178 1.6805 0.2913
v 0.8178 1.7133 0.2791
v 0.8178 1.7462 0.2657
v 0.8178 1.7790 0.2517
v 0.8178 1.8118 0.2374
v 0.8178 1.8446 0.2230
v 0.8178 1.8774 0.2089
v 0.8178 1.9103 0.1954
v 0.8178 1.9431 0.1826
v 0.8178 1.9759 0.1708
v 0.8178 2.0087 0.1600
v 0.8178 2.0415 0.1503
v 0.8178 2.0744 0.1417
v 0.8178 2.1072 0.1342
v 0.8178 2.1400 0.1277
v 0.8425 0.8600 0.1308
v 0.8425 0.8928 0.1380
v 0.8425 0.9256 0.1464
v 0.8425 0.9585 0.1562
v 0.8425 0.9913 0.1677
v 0.8425 1.0241 0.1815
v 0.8425 1.0569 0.1984
v 0.8425 1.0897 0.2198
v 0.8425 1.1226 0.2467
v 0.8425 1.1554 0.2792
v 0.8425 1.1882 0.3155
v 0.8425 1.2210 0.3512
v 0.8425 1.2538 0.3810
v 0.8425 1.2867 0.4000
v 0.8425 1.3195 0.4066
v 0.8425 1.3523 0.4025
v 0.8425 1.3851 0.3922
v 0.8425 1.4179 0.3805
v 0.8425 1.4508 0.3702
v 0.8425 1.4836 0.3624
v 0.8425 1.5164 0.3563
v 0.8425 1.5492 0.3504
v 0.8425 1.5821 0.3436
v 0.8425 1.6149 0.3351
v 0.8425 1.6477 0.3248
v 0.8425 1.6805 0.3126
v 0.8425 1.7133 0.2990
v 0.8425 1.7462 0.2842
v 0.8425 1.7790 0.2686
v 0.8425 1.8118 0.2527
v 0.8425 1.8446 0.2367
v 0.8425 1.8774 0.2211
v 0.8425 1.9103 0.2060
v 0.8425 1.9431 0.1918
v 0.8425 1.9759 0.1787
v 0.8425 2.0087 0.1667
v 0.8425 2.0415 0.1559
v 0.8425 2.0744 0.1463
v 0.8425 2.1072 0.1380
v 0.8425 2.1400 0.1308
v 0.8673 0.8600 0.1340
v 0.8673 0.8928 0.1420
v 0.8673 0.9256 0.1513
v 0.8673 0.9585 0.1622
v 0.8673 0.9913 0.1750
v 0.8673 1.0241 0.1906
v 0.8673 1.0569 0.2099
v 0.8673 1.0897 0.2348
v 0.8673 1.1226 0.2666
v 0.8673 1.1554 0.3055
v 0.8673 1.1882 0.3491
v 0.8673 1.2210 0.3921
v 0.8673 1.2538 0.4275
v 0.8673 1.2867 0.4493
v 0.8673 1.3195 0.4553
v 0.8673 1.3523 0.4479
v 0.8673 1.3851 0.4330
v 0.8673 1.4179 0.4166
v 0.8673 1.4508 0.4025
v 0.8673 1.4836 0.3921
v 0.8673 1.5164 0.3842
v 0.8673 1.5492 0.3771
v 0.8673 1.5821 0.3693
v 0.8673 1.6149 0.3599
v 0.8673 1.6477 0.3484
v 0.8673 1.6805 0.3350
v 0.8673 1.7133 0.3199
v 0.8673 1.7462 0.3036
v 0.8673 1.7790 0.2863
v 0.8673 1.8118 0.2687
v 0.8673 1.8446 0.2511
v 0.8673 1.8774 0.2338
v 0.8673 1.9103 0.2172
v 0.8673 1.9431 0.2015
v 0.8673 1.9759 0.1870
v 0.8673 2.0087 0.1737
v 0.8673 2.0415 0.1617
v 0.8673 2.0744 0.1512
v 0.8673 2.1072 0.1419
v 0.8673 2.1400 0.1340
v 0.8920 0.8600 0.1374
v 0.8920 0.8928 0.1461
v 0.8920 0.9256 0.1564
v 0.8920 0.9585 0.1684
v 0.8920 0.9913 0.1826
v 0.8920 1.0241 0.1999
v 0.8920 1.0569 0.2217
v 0.8920 1.0897 0.2501
v 0.8920 1.1226 0.2867
v 0.8920 1.1554 0.3318
v 0.8920 1.1882 0.3826
v 0.8920 1.2210 0.4326
v 0.8920 1.2538 0.4735
v 0.8920 1.2867 0.4980
v 0.8920 1.3195 0.5036
v 0.8920 1.3523 0.4933
v 0.8920 1.3851 0.4740
v 0.8920 1.4179 0.4532
v 0.8920 1.4508 0.4356
v 0.8920 1.4836 0.4226
v 0.8920 1.5164 0.4130
v 0.8920 1.5492 0.4048
v 0.8920 1.5821 0.3961
v 0.8920 1.6149 0.3856
v 0.8920 1.6477 0.3730
v 0.8920 1.6805 0.3583
v 0.8920 1.7133 0.3417
v 0.8920 1.7462 0.3237
v 0.8920 1.7790 0.3048
v 0.8920 1.8118 0.2854
v 0.8920 1.8446 0.2660
v 0.8920 1.8774 0.2470
v 0.8920 1.9103 0.2288
v 0.8920 1.9431 0.2115
v 0.8920 1.9759 0.1956
v 0.8920 2.0087 0.1810
v 0.8920 2.0415 0.1679
v 0.8920 2.0744 0.1562
v 0.8920 2.1072 0.1461
v 0.8920 2.1400 0.1374
v 0.9167 0.8600 0.1409
v 0.9167 0.8928 0.1504
v 0.9167 0.9256 0.1617
v 0.9167 0.9585 0.1748
v 0.9167 0.9913 0.1904
v 0.9167 1.0241 0.2094
v 0.9167 1.0569 0.2335
v 0.9167 1.0897 0.2650
v 0.9167 1.1226 0.3059
v 0.9167 1.1554 0.3564
v 0.9167 1.1882 0.4134
v 0.9167 1.2210 0.4695
v 0.9167 1.2538 0.5152
v 0.9167 1.2867 0.5423
v 0.9167 1.3195 0.5479
v 0.9167 1.3523 0.5355
v 0.9167 1.3851 0.5129
v 0.9167 1.4179 0.4887
v 0.9167 1.4508 0.4684
v 0.9167 1.4836 0.4534
v 0.9167 1.5164 0.4425
v 0.9167 1.5492 0.4333
v 0.9167 1.5821 0.4237
v 0.9167 1.6149 0.4122
v 0.9167 1.6477 0.3984
v 0.9167 1.6805 0.3823
v 0.9167 1.7133 0.3642
v 0.9167 1.7462 0.3445
v 0.9167 1.7790 0.3238
v 0.9167 1.8118 0.3026
v 0.9167 1.8446 0.2814
v 0.9167 1.8774 0.2607
v 0.9167 1.9103 0.2407
v 0.9167 1.9431 0.2219
v 0.9167 1.9759 0.2044
v 0.9167 2.0087 0.1885
v 0.9167 2.0415 0.1742
v 0.9167 2.0744 0.1615
v 0.9167 2.1072 0.1504
v 0.9167 2.1400 0.1408
v 0.9415 0.8600 0.1444
v 0.9415 0.8928 0.1548
v 0.9415 0.9256 0.1670
v 0.9415 0.9585 0.1813
v 0.9415 0.9913 0.1982
v 0.9415 1.0241 0.2189
v 0.9415 1.0569 0.2450
v 0.9415 1.0897 0.2791
v 0.9415 1.1226 0.3233
v 0.9415 1.1554 0.3779
v 0.9415 1.1882 0.4394
v 0.9415 1.2210 0.5000
v 0.9415 1.2538 0.5493
v 0.9415 1.2867 0.5787
v 0.9415 1.3195 0.5849
v 0.9415 1.3523 0.5717
v 0.9415 1.3851 0.5477
v 0.9415 1.4179 0.5217
v 0.9415 1.4508 0.4999
v 0.9415 1.4836 0.4839
v 0.9415 1.5164 0.4722
v 0.9415 1.5492 0.4623
v 0.9415 1.5821 0.4518
v 0.9415 1.6149 0.4393
v 0.9415 1.6477 0.4243
v 0.9415 1.6805 0.4068
v 0.9415 1.7133 0.3871
v 0.9415 1.7462 0.3657
v 0.9415 1.7790 0.3433
v 0.9415 1.8118 0.3202
v 0.9415 1.8446 0.2972
v 0.9415 1.8774 0.2746
v 0.9415 1.9103 0.2530
v 0.9415 1.9431 0.2325
v 0.9415 1.9759 0.2135
v 0.9415 2.0087 0.1962
v 0.9415 2.0415 0.1806
v 0.9415 2.0744 0.1668
v 0.9415 2.1072 0.1548
v 0.9415 2.1400 0.1444
v 0.9662 0.8600 0.1480
v 0.9662 0.8928 0.1592
v 0.9662 0.9256 0.1724
v 0.9662 0.9585 0.1878
v 0.9662 0.9913 0.2060
v 0.9662 1.0241 0.2281
v 0.9662 1.0569 0.2559
v 0.9662 1.0897 0.2918
v 0.9662 1.1226 0.3381
v 0.9662 1.1554 0.3950
v 0.9662 1.1882 0.4589
v 0.9662 1.2210 0.5219
v 0.9662 1.2538 0.5735
v 0.9662 1.2867 0.6048
v 0.9662 1.3195 0.6124
v 0.9662 1.3523 0.6001
v 0.9662 1.3851 0.5766
v 0.9662 1.4179 0.5511
v 0.9662 1.4508 0.5295
v 0.9662 1.4836 0.5134
v 0.9662 1.5164 0.5016
v 0.9662 1.5492 0.4913
v 0.9662 1.5821 0.4801
v 0.9662 1.6149 0.4667
v 0.9662 1.6477 0.4505
v 0.9662 1.6805 0.4316
v 0.9662 1.7133 0.4103
v 0.9662 1.7462 0.3872
v 0.9662 1.7790 0.3629
v 0.9662 1.8118 0.3380
v 0.9662 1.8446 0.3132
v 0.9662 1.8774 0.2888
v 0.9662 1.9103 0.2653
v 0.9662 1.9431 0.2432
v 0.9662 1.9759 0.2227
v 0.9662 2.0087 0.2040
v 0.9662 2.0415 0.1871
v 0.9662 2.0744 0.1722
v 0.9662 2.1072 0.1592
v 0.9662 2.1400 0.1480
v 0.9909 0.8600 0.1516
v 0.9909 0.8928 0.1637
v 0.9909 0.9256 0.1778
v 0.9909 0.9585 0.1943
v 0.9909 0.9913 0.2137
v 0.9909 1.0241 0.2371
v 0.9909 1.0569 0.2661
v 0.9909 1.0897 0.3031
v 0.9909 1.1226 0.3501
v 0.9909 1.1554 0.4075
v 0.9909 1.1882 0.4716
v 0.9909 1.2210 0.5348
v 0.9909 1.2538 0.5871
v 0.9909 1.2867 0.6197
v 0.9909 1.3195 0.6295
v 0.9909 1.3523 0.6199
v 0.9909 1.3851 0.5994
v 0.9909 1.4179 0.5764
v 0.9909 1.4508 0.5566
v 0.9909 1.4836 0.5418
v 0.9909 1.5164 0.5304
v 0.9909 1.5492 0.5201
v 0.9909 1.5821 0.5084
v 0.9909 1.6149 0.4941
v 0.9909 1.6477 0.4768
v 0.9909 1.6805 0.4564
v 0.9909 1.7133 0.4335
v 0.9909 1.7462 0.4087
v 0.9909 1.7790 0.3826
v 0.9909 1.8118 0.3559
v 0.9909 1.8446 0.3291
v 0.9909 1.8774 0.3029
v 0.9909 1.9103 0.2777
v 0.9909 1.9431 0.2539
v 0.9909 1.9759 0.2319
v 0.9909 2.0087 0.2117
v 0.9909 2.0415 0.1936
v 0.9909 2.0744 0.1776
v 0.9909 2.1072 0.1636
v 0.9909 2.1400 0.1516
v 1.0156 0.8600 0.1551
v 1.0156 0.8928 0.1681
v 1.0156 0.9256 0.1831
v 1.0156 0.9585 0.2007
v 1.0156 0.9913 0.2212
v 1.0156 1.0241 0.2457
v 1.0156 1.0569 0.2755
v 1.0156 1.0897 0.3129
v 1.0156 1.1226 0.3596
v 1.0156 1.1554 0.4157
v 1.0156 1.1882 0.4780
v 1.0156 1.2210 0.5396
v 1.0156 1.2538 0.5911
v 1.0156 1.2867 0.6247
v 1.0156 1.3195 0.6373
v 1.0156 1.3523 0.6320
v 1.0156 1.3851 0.6162
v 1.0156 1.4179 0.5977
v 1.0156 1.4508 0.5814
v 1.0156 1.4836 0.5687
v 1.0156 1.5164 0.5585
v 1.0156 1.5492 0.5483
v 1.0156 1.5821 0.5363
v 1.0156 1.6149 0.5212
v 1.0156 1.6477 0.5027
v 1.0156 1.6805 0.4810
v 1.0156 1.7133 0.4565
v 1.0156 1.7462 0.4300
v 1.0156 1.7790 0.4021
v 1.0156 1.8118 0.3735
v 1.0156 1.8446 0.3449
v 1.0156 1.8774 0.3169
v 1.0156 1.9103 0.2900
v 1.0156 1.9431 0.2646
v 1.0156 1.9759 0.2410
v 1.0156 2.0087 0.2195
v 1.0156 2.0415 0.2001
v 1.0156 2.0744 0.1830
v 1.0156 2.1072 0.1680
v 1.0156 2.1400 0.1551
v 1.0404 0.8600 0.1586
v 1.0404 0.8928 0.1723
v 1.0404 0.9256 0.1883
v 1.0404 0.9585 0.2069
v 1.0404 0.9913 0.2285
v 1.0404 1.0241 0.2538
v 1.0404 1.0569 0.2843
v 1.0404 1.0897 0.3215
v 1.0404 1.1226 0.3669
v 1.0404 1.1554 0.4206
v 1.0404 1.1882 0.4798
v 1.0404 1.2210 0.5383
v 1.0404 1.2538 0.5881
v 1.0404 1.2867 0.6223
v 1.0404 1.3195 0.6381
v 1.0404 1.3523 0.6382
v 1.0404 1.3851 0.6286
v 1.0404 1.4179 0.6158
v 1.0404 1.4508 0.6040
v 1.0404 1.4836 0.5942
v 1.0404 1.5164 0.5855
v 1.0404 1.5492 0.5758
v 1.0404 1.5821 0.5635
v 1.0404 1.6149 0.5477
v 1.0404 1.6477 0.5281
v 1.0404 1.6805 0.5050
v 1.0404 1.7133 0.4790
v 1.0404 1.7462 0.4508
v 1.0404 1.7790 0.4211
v 1.0404 1.8118 0.3907
v 1.0404 1.8446 0.3603
v 1.0404 1.8774 0.3305
v 1.0404 1.9103 0.3019
v 1.0404 1.9431 0.2749
v 1.0404 1.9759 0.2499
v 1.0404 2.0087 0.2270
v 1.0404 2.0415 0.2064
v 1.0404 2.0744 0.1882
v 1.0404 2.1072 0.1723
v 1.0404 2.1400 0.1586
v 1.0651 0.8600 0.1620
v 1.0651 0.8928 0.1765
v 1.0651 0.9256 0.1934
v 1.0651 0.9585 0.2129
v 1.0651 0.9913 0.2354
v 1.0651 1.0241 0.2616
v 1.0651 1.0569 0.2924
v 1.0651 1.0897 0.3292
v 1.0651 1.1226 0.3729
v 1.0651 1.1554 0.4237
v 1.0651 1.1882 0.4789
v 1.0651 1.2210 0.5336
v 1.0651 1.2538 0.5812
v 1.0651 1.2867 0.6158
v 1.0651 1.3195 0.6352
v 1.0651 1.3523 0.6411
v 1.0651 1.3851 0.6382
v 1.0651 1.4179 0.6317
v 1.0651 1.4508 0.6248
v 1.0651 1.4836 0.6183
v 1.0651 1.5164 0.6113
v 1.0651 1.5492 0.6022
v 1.0651 1.5821 0.5897
v 1.0651 1.6149 0.5731
v 1.0651 1.6477 0.5525
v 1.0651 1.6805 0.5281
v 1.0651 1.7133 0.5006
v 1.0651 1.7462 0.4708
v 1.0651 1.7790 0.4395
v 1.0651 1.8118 0.4073
v 1.0651 1.8446 0.3752
v 1.0651 1.8774 0.3437
v 1.0651 1.9103 0.3135
v 1.0651 1.9431 0.2849
v 1.0651 1.9759 0.2584
v 1.0651 2.0087 0.2342
v 1.0651 2.0415 0.2125
v 1.0651 2.0744 0.1932
v 1.0651 2.1072 0.1764
v 1.0651 2.1400 0.1620
v 1.0898 0.8600 0.1651
v 1.0898 0.8928 0.1804
v 1.0898 0.9256 0.1981
v 1.0898 0.9585 0.2186
v 1.0898 0.9913 0.2420
v 1.0898 1.0241 0.2690
v 1.0898 1.0569 0.3001
v 1.0898 1.0897 0.3363
v 1.0898 1.1226 0.3784
v 1.0898 1.1554 0.4261
v 1.0898 1.1882 0.4774
v 1.0898 1.2210 0.5283
v 1.0898 1.2538 0.5735
v 1.0898 1.2867 0.6085
v 1.0898 1.3195 0.6312
v 1.0898 1.3523 0.6428
v 1.0898 1.3851 0.6467
v 1.0898 1.4179 0.6464
v 1.0898 1.4508 0.6444
v 1.0898 1.4836 0.6411
v 1.0898 1.5164 0.6357
v 1.0898 1.5492 0.6272
v 1.0898 1.5821 0.6145
v 1.0898 1.6149 0.5973
v 1.0898 1.6477 0.5757
v 1.0898 1.6805 0.5501
v 1.0898 1.7133 0.5212
v 1.0898 1.7462 0.4898
v 1.0898 1.7790 0.4569
v 1.0898 1.8118 0.4231
v 1.0898 1.8446 0.3893
v 1.0898 1.8774 0.3562
v 1.0898 1.9103 0.3244
v 1.0898 1.9431 0.2944
v 1.0898 1.9759 0.2665
v 1.0898 2.0087 0.2411
v 1.0898 2.0415 0.2182
v 1.0898 2.0744 0.1980
v 1.0898 2.1072 0.1803
v 1.0898 2.1400 0.1651
v 1.1145 0.8600 0.1681
v 1.1145 0.8928 0.1840
v 1.1145 0.9256 0.2025
v 1.1145 0.9585 0.2238
v 1.1145 0.9913 0.2482
v 1.1145 1.0241 0.2758
v 1.1145 1.0569 0.3073
v 1.1145 1.0897 0.3431
v 1.1145 1.1226 0.3837
v 1.1145 1.1554 0.4288
v 1.1145 1.1882 0.4766
v 1.1145 1.2210 0.5242
v 1.1145 1.2538 0.5674
v 1.1145 1.2867 0.6028
v 1.1145 1.3195 0.6286
v 1.1145 1.3523 0.6453
v 1.1145 1.3851 0.6551
v 1.1145 1.4179 0.6605
v 1.1145 1.4508 0.6628
v 1.1145 1.4836 0.6624
v 1.1145 1.5164 0.6586
v 1.1145 1.5492 0.6505
v 1.1145 1.5821 0.6377
v 1.1145 1.6149 0.6198
v 1.1145 1.6477 0.5973
v 1.1145 1.6805 0.5705
v 1.1145 1.7133 0.5403
v 1.1145 1.7462 0.5076
v 1.1145 1.7790 0.4731
v 1.1145 1.8118 0.4378
v 1.1145 1.8446 0.4025
v 1.1145 1.8774 0.3679
v 1.1145 1.9103 0.3346
v 1.1145 1.9431 0.3032
v 1.1145 1.9759 0.2741
v 1.1145 2.0087 0.2475
v 1.1145 2.0415 0.2236
v 1.1145 2.0744 0.2025
v 1.1145 2.1072 0.1840
v 1.1145 2.1400 0.1681
v 1.1393 0.8600 0.1708
v 1.1393 0.8928 0.1873
v 1.1393 0.9256 0.2066
v 1.1393 0.9585 0.2287
v 1.1393 0.9913 0.2538
v 1.1393 1.0241 0.2822
v 1.1393 1.0569 0.3140
v 1.1393 1.0897 0.3496
v 1.1393 1.1226 0.3892
v 1.1393 1.1554 0.4322
v 1.1393 1.1882 0.4774
v 1.1393 1.2210 0.5224
v 1.1393 1.2538 0.5641
v 1.1393 1.2867 0.6000
v 1.1393 1.3195 0.6284
v 1.1393 1.3523 0.6494
v 1.1393 1.3851 0.6642
v 1.1393 1.4179 0.6742
v 1.1393 1.4508 0.6801
v 1.1393 1.4836 0.6821
v 1.1393 1.5164 0.6795
v 1.1393 1.5492 0.6719
v 1.1393 1.5821 0.6588
v 1.1393 1.6149 0.6404
v 1.1393 1.6477 0.6170
v 1.1393 1.6805 0.5892
v 1.1393 1.7133 0.5579
v 1.1393 1.7462 0.5238
v 1.1393 1.7790 0.4879
v 1.1393 1.8118 0.4512
v 1.1393 1.8446 0.4145
v 1.1393 1.8774 0.3785
v 1.1393 1.9103 0.3439
v 1.1393 1.9431 0.3113
v 1.1393 1.9759 0.2810
v 1.1393 2.0087 0.2534
v 1.1393 2.0415 0.2285
v 1.1393 2.0744 0.2065
v 1.1393 2.1072 0.1873
v 1.1393 2.1400 0.1708
v 1.1640 0.8600 0.1732
v 1.1640 0.8928 0.1903
v 1.1640 0.9256 0.2102
v 1.1640 0.9585 0.2330
v 1.1640 0.9913 0.2588
v 1.1640 1.0241 0.2879
v 1.1640 1.0569 0.3202
v 1.1640 1.0897 0.3558
v 1.1640 1.1226 0.3947
v 1.1640 1.1554 0.4364
v 1.1640 1.1882 0.4798
v 1.1640 1.2210 0.5230
v 1.1640 1.2538 0.5638
v 1.1640 1.2867 0.6002
v 1.1640 1.3195 0.6307
v 1.1640 1.3523 0.6551
v 1.1640 1.3851 0.6738
v 1.1640 1.4179 0.6874
v 1.1640 1.4508 0.6961
v 1.1640 1.4836 0.6999
v 1.1640 1.5164 0.6983
v 1.1640 1.5492 0.6910
v 1.1640 1.5821 0.6777
v 1.1640 1.6149 0.6588
v 1.1640 1.6477 0.6347
v 1.1640 1.6805 0.6059
v 1.1640 1.7133 0.5735
v 1.1640 1.7462 0.5383
v 1.1640 1.7790 0.5012
v 1.1640 1.8118 0.4632
v 1.1640 1.8446 0.4252
v 1.1640 1.8774 0.3880
v 1.1640 1.9103 0.3522
v 1.1640 1.9431 0.3185
v 1.1640 1.9759 0.2871
v 1.1640 2.0087 0.2586
v 1.1640 2.0415 0.2329
v 1.1640 2.0744 0.2101
v 1.1640 2.1072 0.1903
v 1.1640 2.1400 0.1732
v 1.1887 0.8600 0.1752
v 1.1887 0.8928 0.1928
v 1.1887 0.9256 0.2132
v 1.1887 0.9585 0.2367
v 1.1887 0.9913 0.2632
v 1.1887 1.0241 0.2929
v 1.1887 1.0569 0.3256
v 1.1887 1.0897 0.3615
v 1.1887 1.1226 0.4001
v 1.1887 1.1554 0.4410
v 1.1887 1.1882 0.4833
v 1.1887 1.2210 0.5255
v 1.1887 1.2538 0.5659
v 1.1887 1.2867 0.6028
v 1.1887 1.3195 0.6350
v 1.1887 1.3523 0.6619
v 1.1887 1.3851 0.6835
v 1.1887 1.4179 0.6997
v 1.1887 1.4508 0.7105
v 1.1887 1.4836 0.7155
v 1.1887 1.5164 0.7146
v 1.1887 1.5492 0.7075
v 1.1887 1.5821 0.6941
v 1.1887 1.6149 0.6747
v 1.1887 1.6477 0.6500
v 1.1887 1.6805 0.6205
v 1.1887 1.7133 0.5871
v 1.1887 1.7462 0.5509
v 1.1887 1.7790 0.5127
v 1.1887 1.8118 0.4736
v 1.1887 1.8446 0.4345
v 1.1887 1.8774 0.3961
v 1.1887 1.9103 0.3593
v 1.1887 1.9431 0.3246
v 1.1887 1.9759 0.2924
v 1.1887 2.0087 0.2630
v 1.1887 2.0415 0.2366
v 1.1887 2.0744 0.2132
v 1.1887 2.1072 0.1928
v 1.1887 2.1400 0.1752
v 1.2135 0.8600 0.1769
v 1.2135 0.8928 0.1949
v 1.2135 0.9256 0.2158
v 1.2135 0.9585 0.2397
v 1.2135 0.9913 0.2668
v 1.2135 1.0241 0.2970
v 1.2135 1.0569 0.3302
v 1.2135 1.0897 0.3663
v 1.2135 1.1226 0.4050
v 1.2135 1.1554 0.4456
v 1.2135 1.1882 0.4874
v 1.2135 1.2210 0.5290
v 1.2135 1.2538 0.5693
v 1.2135 1.2867 0.6067
v 1.2135 1.3195 0.6401
v 1.2135 1.3523 0.6689
v 1.2135 1.3851 0.6924
v 1.2135 1.4179 0.7104
v 1.2135 1.4508 0.7226
v 1.2135 1.4836 0.7286
v 1.2135 1.5164 0.7282
v 1.2135 1.5492 0.7212
v 1.2135 1.5821 0.7077
v 1.2135 1.6149 0.6881
v 1.2135 1.6477 0.6628
v 1.2135 1.6805 0.6327
v 1.2135 1.7133 0.5986
v 1.2135 1.7462 0.5615
v 1.2135 1.7790 0.5224
v 1.2135 1.8118 0.4823
v 1.2135 1.8446 0.4422
v 1.2135 1.8774 0.4029
v 1.2135 1.9103 0.3653
v 1.2135 1.9431 0.3297
v 1.2135 1.9759 0.2968
v 1.2135 2.0087 0.2667
v 1.2135 2.0415 0.2397
v 1.2135 2.0744 0.2158
v 1.2135 2.1072 0.1949
v 1.2135 2.1400 0.1769
v 1.2382 0.8600 0.1782
v 1.2382 0.8928 0.1965
v 1.2382 0.9256 0.2177
v 1.2382 0.9585 0.2421
v 1.2382 0.9913 0.2695
v 1.2382 1.0241 0.3002
v 1.2382 1.0569 0.3338
v 1.2382 1.0897 0.3702
v 1.2382 1.1226 0.4090
v 1.2382 1.1554 0.4496
v 1.2382 1.1882 0.4911
v 1.2382 1.2210 0.5326
v 1.2382 1.2538 0.5729
v 1.2382 1.2867 0.6108
v 1.2382 1.3195 0.6451
v 1.2382 1.3523 0.6750
v 1.2382 1.3851 0.6999
v 1.2382 1.4179 0.7191
v 1.2382 1.4508 0.7322
v 1.2382 1.4836 0.7389
v 1.2382 1.5164 0.7388
v 1.2382 1.5492 0.7320
v 1.2382 1.5821 0.7185
v 1.2382 1.6149 0.6987
v 1.2382 1.6477 0.6732
v 1.2382 1.6805 0.6426
v 1.2382 1.7133 0.6080
v 1.2382 1.7462 0.5701
v 1.2382 1.7790 0.5302
v 1.2382 1.8118 0.4893
v 1.2382 1.8446 0.4483
v 1.2382 1.8774 0.4083
v 1.2382 1.9103 0.3699
v 1.2382 1.9431 0.3337
v 1.2382 1.9759 0.3001
v 1.2382 2.0087 0.2695
v 1.2382 2.0415 0.2421
v 1.2382 2.0744 0.2177
v 1.2382 2.1072 0.1965
v 1.2382 2.1400 0.1782
v 1.2629 0.8600 0.1791
v 1.2629 0.8928 0.1976
v 1.2629 0.9256 0.2190
v 1.2629 0.9585 0.2436
v 1.2629 0.9913 0.2714
v 1.2629 1.0241 0.3023
v 1.2629 1.0569 0.3363
v 1.2629 1.0897 0.3729
v 1.2629 1.1226 0.4118
v 1.2629 1.1554 0.4524
v 1.2629 1.1882 0.4939
v 1.2629 1.2210 0.5354
v 1.2629 1.2538 0.5758
v 1.2629 1.2867 0.6140
v 1.2629 1.3195 0.6489
v 1.2629 1.3523 0.6796
v 1.2629 1.3851 0.7052
v 1.2629 1.4179 0.7252
v 1.2629 1.4508 0.7389
v 1.2629 1.4836 0.7461
v 1.2629 1.5164 0.7464
v 1.2629 1.5492 0.7398
v 1.2629 1.5821 0.7265
v 1.2629 1.6149 0.7068
v 1.2629 1.6477 0.6813
v 1.2629 1.6805 0.6505
v 1.2629 1.7133 0.6154
v 1.2629 1.7462 0.5770
v 1.2629 1.7790 0.5364
v 1.2629 1.8118 0.4947
v 1.2629 1.8446 0.4530
v 1.2629 1.8774 0.4122
v 1.2629 1.9103 0.3732
v 1.2629 1.9431 0.3364
v 1.2629 1.9759 0.3024
v 1.2629 2.0087 0.2715
v 1.2629 2.0415 0.2437
v 1.2629 2.0744 0.2190
v 1.2629 2.1072 0.1976
v 1.2629 2.1400 0.1791
v 1.2876 0.8600 0.1795
v 1.2876 0.8928 0.1981
v 1.2876 0.9256 0.2197
v 1.2876 0.9585 0.2444
v 1.2876 0.9913 0.2723
v 1.2876 1.0241 0.3034
v 1.2876 1.0569 0.3375
v 1.2876 1.0897 0.3742
v 1.2876 1.1226 0.4132
v 1.2876 1.1554 0.4538
v 1.2876 1.1882 0.4953
v 1.2876 1.2210 0.5368
v 1.2876 1.2538 0.5772
v 1.2876 1.2867 0.6156
v 1.2876 1.3195 0.6507
v 1.2876 1.3523 0.6818
v 1.2876 1.3851 0.7079
v 1.2876 1.4179 0.7283
v 1.2876 1.4508 0.7425
v 1.2876 1.4836 0.7500
v 1.2876 1.5164 0.7500
v 1.2876 1.5492 0.7447
v 1.2876 1.5821 0.7319
v 1.2876 1.6149 0.7126
v 1.2876 1.6477 0.6873
v 1.2876 1.6805 0.6566
v 1.2876 1.7133 0.6213
v 1.2876 1.7462 0.5824
v 1.2876 1.7790 0.5411
v 1.2876 1.8118 0.4986
v 1.2876 1.8446 0.4562
v 1.2876 1.8774 0.4147
v 1.2876 1.9103 0.3752
v 1.2876 1.9431 0.3380
v 1.2876 1.9759 0.3037
v 1.2876 2.0087 0.2725
v 1.2876 2.0415 0.2445
v 1.2876 2.0744 0.2197
v 1.2876 2.1072 0.1981
v 1.2876 2.1400 0.1795
v 1.3124 0.8600 0.1795
v 1.3124 0.8928 0.1981
v 1.3124 0.9256 0.2197
v 1.3124 0.9585 0.2444
v 1.3124 0.9913 0.2723
v 1.3124 1.0241 0.3034
v 1.3124 1.0569 0.3374
v 1.3124 1.0897 0.3741
v 1.3124 1.1226 0.4130
v 1.3124 1.1554 0.4536
v 1.3124 1.1882 0.4949
v 1.3124 1.2210 0.5363
v 1.3124 1.2538 0.5766
v 1.3124 1.2867 0.6149
v 1.3124 1.3195 0.6502
v 1.3124 1.3523 0.6814
v 1.3124 1.3851 0.7077
v 1.3124 1.4179 0.7283
v 1.3124 1.4508 0.7429
v 1.3124 1.4836 0.7500
v 1.3124 1.5164 0.7500
v 1.3124 1.5492 0.7470
v 1.3124 1.5821 0.7350
v 1.3124 1.6149 0.7166
v 1.3124 1.6477 0.6920
v 1.3124 1.6805 0.6616
v 1.3124 1.7133 0.6262
v 1.3124 1.7462 0.5868
v 1.3124 1.7790 0.5448
v 1.3124 1.8118 0.5015
v 1.3124 1.8446 0.4582
v 1.3124 1.8774 0.4160
v 1.3124 1.9103 0.3759
v 1.3124 1.9431 0.3384
v 1.3124 1.9759 0.3039
v 1.3124 2.0087 0.2726
v 1.3124 2.0415 0.2445
v 1.3124 2.0744 0.2197
v 1.3124 2.1072 0.1981
v 1.3124 2.1400 0.1795
v 1.3371 0.8600 0.1791
v 1.3371 0.8928 0.1976
v 1.3371 0.9256 0.2190
v 1.3371 0.9585 0.2436
v 1.3371 0.9913 0.2714
v 1.3371 1.0241 0.3023
v 1.3371 1.0569 0.3361
v 1.3371 1.0897 0.3726
v 1.3371 1.1226 0.4112
v 1.3371 1.1554 0.4515
v 1.3371 1.1882 0.4925
v 1.3371 1.2210 0.5336
v 1.3371 1.2538 0.5737
v 1.3371 1.2867 0.6118
v 1.3371 1.3195 0.6469
v 1.3371 1.3523 0.6780
v 1.3371 1.3851 0.7043
v 1.3371 1.4179 0.7252
v 1.3371 1.4508 0.7400
v 1.3371 1.4836 0.7487
v 1.3371 1.5164 0.7500
v 1.3371 1.5492 0.7469
v 1.3371 1.5821 0.7363
v 1.3371 1.6149 0.7193
v 1.3371 1.6477 0.6958
v 1.3371 1.6805 0.6661
v 1.3371 1.7133 0.6308
v 1.3371 1.7462 0.5910
v 1.3371 1.7790 0.5481
v 1.3371 1.8118 0.5036
v 1.3371 1.8446 0.4593
v 1.3371 1.8774 0.4163
v 1.3371 1.9103 0.3756
v 1.3371 1.9431 0.3378
v 1.3371 1.9759 0.3031
v 1.3371 2.0087 0.2718
v 1.3371 2.0415 0.2438
v 1.3371 2.0744 0.2191
v 1.3371 2.1072 0.1976
v 1.3371 2.1400 0.1791
v 1.3618 0.8600 0.1782
v 1.3618 0.8928 0.1965
v 1.3618 0.9256 0.2177
v 1.3618 0.9585 0.2420
v 1.3618 0.9913 0.2695
v 1.3618 1.0241 0.3000
v 1.3618 1.0569 0.3335
v 1.3618 1.0897 0.3695
v 1.3618 1.1226 0.4078
v 1.3618 1.1554 0.4475
v 1.3618 1.1882 0.4881
v 1.3618 1.2210 0.5287
v 1.3618 1.2538 0.5683
v 1.3618 1.2867 0.6060
v 1.3618 1.3195 0.6408
v 1.3618 1.3523 0.6716
v 1.3618 1.3851 0.6979
v 1.3618 1.4179 0.7188
v 1.3618 1.4508 0.7341
v 1.3618 1.4836 0.7436
v 1.3618 1.5164 0.7472
v 1.3618 1.5492 0.7449
v 1.3618 1.5821 0.7364
v 1.3618 1.6149 0.7215
v 1.3618 1.6477 0.6998
v 1.3618 1.6805 0.6712
v 1.3618 1.7133 0.6362
v 1.3618 1.7462 0.5958
v 1.3618 1.7790 0.5516
v 1.3618 1.8118 0.5057
v 1.3618 1.8446 0.4599
v 1.3618 1.8774 0.4158
v 1.3618 1.9103 0.3743
v 1.3618 1.9431 0.3361
v 1.3618 1.9759 0.3014
v 1.3618 2.0087 0.2701
v 1.3618 2.0415 0.2423
v 1.3618 2.0744 0.2178
v 1.3618 2.1072 0.1965
v 1.3618 2.1400 0.1782
v 1.3865 0.8600 0.1769
v 1.3865 0.8928 0.1949
v 1.3865 0.9256 0.2158
v 1.3865 0.9585 0.2397
v 1.3865 0.9913 0.2667
v 1.3865 1.0241 0.2967
v 1.3865 1.0569 0.3296
v 1.3865 1.0897 0.3651
v 1.3865 1.1226 0.4027
v 1.3865 1.1554 0.4418
v 1.3865 1.1882 0.4817
v 1.3865 1.2210 0.5216
v 1.3865 1.2538 0.5606
v 1.3865 1.2867 0.5976
v 1.3865 1.3195 0.6318
v 1.3865 1.3523 0.6623
v 1.3865 1.3851 0.6884
v 1.3865 1.4179 0.7094
v 1.3865 1.4508 0.7253
v 1.3865 1.4836 0.7359
v 1.3865 1.5164 0.7413
v 1.3865 1.5492 0.7414
v 1.3865 1.5821 0.7359
v 1.3865 1.6149 0.7240
v 1.3865 1.6477 0.7048
v 1.3865 1.6805 0.6778
v 1.3865 1.7133 0.6431
v 1.3865 1.7462 0.6019
v 1.3865 1.7790 0.5561
v 1.3865 1.8118 0.5082
v 1.3865 1.8446 0.4604
v 1.3865 1.8774 0.4148
v 1.3865 1.9103 0.3723
v 1.3865 1.9431 0.3336
v 1.3865 1.9759 0.2987
v 1.3865 2.0087 0.2676
v 1.3865 2.0415 0.2401
v 1.3865 2.0744 0.2159
v 1.3865 2.1072 0.1950
v 1.3865 2.1400 0.1770
v 1.4113 0.8600 0.1752
v 1.4113 0.8928 0.1928
v 1.4113 0.9256 0.2132
v 1.4113 0.9585 0.2366
v 1.4113 0.9913 0.2630
v 1.4113 1.0241 0.2924
v 1.4113 1.0569 0.3246
v 1.4113 1.0897 0.3593
v 1.4113 1.1226 0.3960
v 1.4113 1.1554 0.4342
v 1.4113 1.1882 0.4733
v 1.4113 1.2210 0.5123
v 1.4113 1.2538 0.5504
v 1.4113 1.2867 0.5867
v 1.4113 1.3195 0.6202
v 1.4113 1.3523 0.6502
v 1.4113 1.3851 0.6760
v 1.4113 1.4179 0.6972
v 1.4113 1.4508 0.7138
v 1.4113 1.4836 0.7259
v 1.4113 1.5164 0.7337
v 1.4113 1.5492 0.7371
v 1.4113 1.5821 0.7354
v 1.4113 1.6149 0.7273
v 1.4113 1.6477 0.7115
v 1.4113 1.6805 0.6865
v 1.4113 1.7133 0.6524
v 1.4113 1.7462 0.6101
v 1.4113 1.7790 0.5621
v 1.4113 1.8118 0.5115
v 1.4113 1.8446 0.4612
v 1.4113 1.8774 0.4135
v 1.4113 1.9103 0.3697
v 1.4113 1.9431 0.3303
v 1.4113 1.9759 0.2953
v 1.4113 2.0087 0.2644
v 1.4113 2.0415 0.2372
v 1.4113 2.0744 0.2135
v 1.4113 2.1072 0.1929
v 1.4113 2.1400 0.1753
v 1.4360 0.8600 0.1732
v 1.4360 0.8928 0.1903
v 1.4360 0.9256 0.2101
v 1.4360 0.9585 0.2329
v 1.4360 0.9913 0.2586
v 1.4360 1.0241 0.2871
v 1.4360 1.0569 0.3184
v 1.4360 1.0897 0.3522
v 1.4360 1.1226 0.3879
v 1.4360 1.1554 0.4251
v 1.4360 1.1882 0.4631
v 1.4360 1.2210 0.5010
v 1.4360 1.2538 0.5381
v 1.4360 1.2867 0.5734
v 1.4360 1.3195 0.6061
v 1.4360 1.3523 0.6354
v 1.4360 1.3851 0.6609
v 1.4360 1.4179 0.6823
v 1.4360 1.4508 0.6998
v 1.4360 1.4836 0.7138
v 1.4360 1.5164 0.7246
v 1.4360 1.5492 0.7320
v 1.4360 1.5821 0.7351
v 1.4360 1.6149 0.7319
v 1.4360 1.6477 0.7201
v 1.4360 1.6805 0.6978
v 1.4360 1.7133 0.6642
v 1.4360 1.7462 0.6206
v 1.4360 1.7790 0.5699
v 1.4360 1.8118 0.5159
v 1.4360 1.8446 0.4624
v 1.4360 1.8774 0.4121
v 1.4360 1.9103 0.3666
v 1.4360 1.9431 0.3263
v 1.4360 1.9759 0.2911
v 1.4360 2.0087 0.2604
v 1.4360 2.0415 0.2337
v 1.4360 2.0744 0.2104
v 1.4360 2.1072 0.1904
v 1.4360 2.1400 0.1732
v 1.4607 0.8600 0.1708
v 1.4607 0.8928 0.1873
v 1.4607 0.9256 0.2065
v 1.4607 0.9585 0.2285
v 1.4607 0.9913 0.2534
v 1.4607 1.0241 0.2810
v 1.4607 1.0569 0.3113
v 1.4607 1.0897 0.3439
v 1.4607 1.1226 0.3785
v 1.4607 1.1554 0.4144
v 1.4607 1.1882 0.4512
v 1.4607 1.2210 0.4879
v 1.4607 1.2538 0.5238
v 1.4607 1.2867 0.5579
v 1.4607 1.3195 0.5897
v 1.4607 1.3523 0.6182
v 1.4607 1.3851 0.6433
v 1.4607 1.4179 0.6650
v 1.4607 1.4508 0.6835
v 1.4607 1.4836 0.6997
v 1.4607 1.5164 0.7140
v 1.4607 1.5492 0.7262
v 1.4607 1.5821 0.7349
v 1.4607 1.6149 0.7374
v 1.4607 1.6477 0.7305
v 1.4607 1.6805 0.7111
v 1.4607 1.7133 0.6782
v 1.4607 1.7462 0.6331
v 1.4607 1.7790 0.5791
v 1.4607 1.8118 0.5212
v 1.4607 1.8446 0.4638
v 1.4607 1.8774 0.4105
v 1.4607 1.9103 0.3630
v 1.4607 1.9431 0.3217
v 1.4607 1.9759 0.2863
v 1.4607 2.0087 0.2558
v 1.4607 2.0415 0.2296
v 1.4607 2.0744 0.2069
v 1.4607 2.1072 0.1875
v 1.4607 2.1400 0.1708
v 1.4855 0.8600 0.1681
v 1.4855 0.8928 0.1840
v 1.4855 0.9256 0.2025
v 1.4855 0.9585 0.2236
v 1.4855 0.9913 0.2475
v 1.4855 1.0241 0.2741
v 1.4855 1.0569 0.3032
v 1.4855 1.0897 0.3346
v 1.4855 1.1226 0.3678
v 1.4855 1.1554 0.4024
v 1.4855 1.1882 0.4378
v 1.4855 1.2210 0.4731
v 1.4855 1.2538 0.5076
v 1.4855 1.2867 0.5405
v 1.4855 1.3195 0.5712
v 1.4855 1.3523 0.5989
v 1.4855 1.3851 0.6236
v 1.4855 1.4179 0.6454
v 1.4855 1.4508 0.6652
v 1.4855 1.4836 0.6838
v 1.4855 1.5164 0.7019
v 1.4855 1.5492 0.7194
v 1.4855 1.5821 0.7343
v 1.4855 1.6149 0.7431
v 1.4855 1.6477 0.7414
v 1.4855 1.6805 0.7254
v 1.4855 1.7133 0.6933
v 1.4855 1.7462 0.6464
v 1.4855 1.7790 0.5890
v 1.4855 1.8118 0.5267
v 1.4855 1.8446 0.4652
v 1.4855 1.8774 0.4085
v 1.4855 1.9103 0.3588
v 1.4855 1.9431 0.3165
v 1.4855 1.9759 0.2808
v 1.4855 2.0087 0.2506
v 1.4855 2.0415 0.2249
v 1.4855 2.0744 0.2030
v 1.4855 2.1072 0.1842
v 1.4855 2.1400 0.1681
v 1.5102 0.8600 0.1651
v 1.5102 0.8928 0.1803
v 1.5102 0.9256 0.1980
v 1.5102 0.9585 0.2182
v 1.5102 0.9913 0.2411
v 1.5102 1.0241 0.2665
v 1.5102 1.0569 0.2944
v 1.5102 1.0897 0.3244
v 1.5102 1.1226 0.3562
v 1.5102 1.1554 0.3893
v 1.5102 1.1882 0.4231
v 1.5102 1.2210 0.4569
v 1.5102 1.2538 0.4899
v 1.5102 1.2867 0.5215
v 1.5102 1.3195 0.5509
v 1.5102 1.3523 0.5777
v 1.5102 1.3851 0.6018
v 1.5102 1.4179 0.6239
v 1.5102 1.4508 0.6448
v 1.5102 1.4836 0.6659
v 1.5102 1.5164 0.6880
v 1.5102 1.5492 0.7108
v 1.5102 1.5821 0.7321
v 1.5102 1.6149 0.7474
v 1.5102 1.6477 0.7500
v 1.5102 1.6805 0.7387
v 1.5102 1.7133 0.7075
v 1.5102 1.7462 0.6589
v 1.5102 1.7790 0.5980
v 1.5102 1.8118 0.5313
v 1.5102 1.8446 0.4656
v 1.5102 1.8774 0.4057
v 1.5102 1.9103 0.3539
v 1.5102 1.9431 0.3105
v 1.5102 1.9759 0.2747
v 1.5102 2.0087 0.2449
v 1.5102 2.0415 0.2199
v 1.5102 2.0744 0.1986
v 1.5102 2.1072 0.1806
v 1.5102 2.1400 0.1652
v 1.5349 0.8600 0.1620
v 1.5349 0.8928 0.1764
v 1.5349 0.9256 0.1932
v 1.5349 0.9585 0.2125
v 1.5349 0.9913 0.2342
v 1.5349 1.0241 0.2584
v 1.5349 1.0569 0.2849
v 1.5349 1.0897 0.3135
v 1.5349 1.1226 0.3437
v 1.5349 1.1554 0.3752
v 1.5349 1.1882 0.4073
v 1.5349 1.2210 0.4395
v 1.5349 1.2538 0.4709
v 1.5349 1.2867 0.5010
v 1.5349 1.3195 0.5291
v 1.5349 1.3523 0.5548
v 1.5349 1.3851 0.5784
v 1.5349 1.4179 0.6005
v 1.5349 1.4508 0.6225
v 1.5349 1.4836 0.6458
v 1.5349 1.5164 0.6716
v 1.5349 1.5492 0.6995
v 1.5349 1.5821 0.7268
v 1.5349 1.6149 0.7482
v 1.5349 1.6477 0.7500
v 1.5349 1.6805 0.7482
v 1.5349 1.7133 0.7180
v 1.5349 1.7462 0.6682
v 1.5349 1.7790 0.6041
v 1.5349 1.8118 0.5337
v 1.5349 1.8446 0.4643
v 1.5349 1.8774 0.4015
v 1.5349 1.9103 0.3479
v 1.5349 1.9431 0.3038
v 1.5349 1.9759 0.2679
v 1.5349 2.0087 0.2386
v 1.5349 2.0415 0.2144
v 1.5349 2.0744 0.1940
v 1.5349 2.1072 0.1767
v 1.5349 2.1400 0.1620
v 1.5596 0.8600 0.1586
v 1.5596 0.8928 0.1723
v 1.5596 0.9256 0.1882
v 1.5596 0.9585 0.2064
v 1.5596 0.9913 0.2270
v 1.5596 1.0241 0.2499
v 1.5596 1.0569 0.2749
v 1.5596 1.0897 0.3019
v 1.5596 1.1226 0.3305
v 1.5596 1.1554 0.3603
v 1.5596 1.1882 0.3907
v 1.5596 1.2210 0.4212
v 1.5596 1.2538 0.4509
v 1.5596 1.2867 0.4794
v 1.5596 1.3195 0.5060
v 1.5596 1.3523 0.5307
v 1.5596 1.3851 0.5535
v 1.5596 1.4179 0.5755
v 1.5596 1.4508 0.5982
v 1.5596 1.4836 0.6233
v 1.5596 1.5164 0.6522
v 1.5596 1.5492 0.6843
v 1.5596 1.5821 0.7167
v 1.5596 1.6149 0.7435
v 1.5596 1.6477 0.7500
v 1.5596 1.6805 0.7500
v 1.5596 1.7133 0.7222
v 1.5596 1.7462 0.6716
v 1.5596 1.7790 0.6053
v 1.5596 1.8118 0.5321
v 1.5596 1.8446 0.4600
v 1.5596 1.8774 0.3952
v 1.5596 1.9103 0.3404
v 1.5596 1.9431 0.2960
v 1.5596 1.9759 0.2605
v 1.5596 2.0087 0.2319
v 1.5596 2.0415 0.2085
v 1.5596 2.0744 0.1890
v 1.5596 2.1072 0.1726
v 1.5596 2.1400 0.1587
v 1.5844 0.8600 0.1551
v 1.5844 0.8928 0.1680
v 1.5844 0.9256 0.1830
v 1.5844 0.9585 0.2001
v 1.5844 0.9913 0.2195
v 1.5844 1.0241 0.2410
v 1.5844 1.0569 0.2646
v 1.5844 1.0897 0.2900
v 1.5844 1.1226 0.3169
v 1.5844 1.1554 0.3449
v 1.5844 1.1882 0.3735
v 1.5844 1.2210 0.4021
v 1.5844 1.2538 0.4301
v 1.5844 1.2867 0.4570
v 1.5844 1.3195 0.4821
v 1.5844 1.3523 0.5055
v 1.5844 1.3851 0.5275
v 1.5844 1.4179 0.5491
v 1.5844 1.4508 0.5720
v 1.5844 1.4836 0.5983
v 1.5844 1.5164 0.6292
v 1.5844 1.5492 0.6644
v 1.5844 1.5821 0.7005
v 1.5844 1.6149 0.7312
v 1.5844 1.6477 0.7485
v 1.5844 1.6805 0.7451
v 1.5844 1.7133 0.7173
v 1.5844 1.7462 0.6667
v 1.5844 1.7790 0.5996
v 1.5844 1.8118 0.5251
v 1.5844 1.8446 0.4518
v 1.5844 1.8774 0.3862
v 1.5844 1.9103 0.3313
v 1.5844 1.9431 0.2872
v 1.5844 1.9759 0.2524
v 1.5844 2.0087 0.2247
v 1.5844 2.0415 0.2023
v 1.5844 2.0744 0.1838
v 1.5844 2.1072 0.1683
v 1.5844 2.1400 0.1552
v 1.6091 0.8600 0.1516
v 1.6091 0.8928 0.1636
v 1.6091 0.9256 0.1776
v 1.6091 0.9585 0.1936
v 1.6091 0.9913 0.2117
v 1.6091 1.0241 0.2319
v 1.6091 1.0569 0.2539
v 1.6091 1.0897 0.2777
v 1.6091 1.1226 0.3029
v 1.6091 1.1554 0.3291
v 1.6091 1.1882 0.3559
v 1.6091 1.2210 0.3827
v 1.6091 1.2538 0.4089
v 1.6091 1.2867 0.4340
v 1.6091 1.3195 0.4576
v 1.6091 1.3523 0.4796
v 1.6091 1.3851 0.5005
v 1.6091 1.4179 0.5214
v 1.6091 1.4508 0.5441
v 1.6091 1.4836 0.5706
v 1.6091 1.5164 0.6024
v 1.6091 1.5492 0.6391
v 1.6091 1.5821 0.6771
v 1.6091 1.6149 0.7099
v 1.6091 1.6477 0.7294
v 1.6091 1.6805 0.7279
v 1.6091 1.7133 0.7016
v 1.6091 1.7462 0.6521
v 1.6091 1.7790 0.5857
v 1.6091 1.8118 0.5116
v 1.6091 1.8446 0.4390
v 1.6091 1.8774 0.3741
v 1.6091 1.9103 0.3202
v 1.6091 1.9431 0.2772
v 1.6091 1.9759 0.2436
v 1.6091 2.0087 0.2172
v 1.6091 2.0415 0.1960
v 1.6091 2.0744 0.1785
v 1.6091 2.1072 0.1639
v 1.6091 2.1400 0.1517
v 1.6338 0.8600 0.1480
v 1.6338 0.8928 0.1592
v 1.6338 0.9256 0.1722
v 1.6338 0.9585 0.1871
v 1.6338 0.9913 0.2040
v 1.6338 1.0241 0.2227
v 1.6338 1.0569 0.2432
v 1.6338 1.0897 0.2653
v 1.6338 1.1226 0.2888
v 1.6338 1.1554 0.3132
v 1.6338 1.1882 0.3381
v 1.6338 1.2210 0.3630
v 1.6338 1.2538 0.3874
v 1.6338 1.2867 0.4107
v 1.6338 1.3195 0.4328
v 1.6338 1.3523 0.4534
v 1.6338 1.3851 0.4730
v 1.6338 1.4179 0.4929
v 1.6338 1.4508 0.5147
v 1.6338 1.4836 0.5406
v 1.6338 1.5164 0.5719
v 1.6338 1.5492 0.6083
v 1.6338 1.5821 0.6462
v 1.6338 1.6149 0.6793
v 1.6338 1.6477 0.6994
v 1.6338 1.6805 0.6990
v 1.6338 1.7133 0.6744
v 1.6338 1.7462 0.6270
v 1.6338 1.7790 0.5630
v 1.6338 1.8118 0.4915
v 1.6338 1.8446 0.4214
v 1.6338 1.8774 0.3589
v 1.6338 1.9103 0.3072
v 1.6338 1.9431 0.2661
v 1.6338 1.9759 0.2342
v 1.6338 2.0087 0.2093
v 1.6338 2.0415 0.1894
v 1.6338 2.0744 0.1731
v 1.6338 2.1072 0.1595
v 1.6338 2.1400 0.1481
v 1.6585 0.8600 0.1444
v 1.6585 0.8928 0.1548
v 1.6585 0.9256 0.1668
v 1.6585 0.9585 0.1806
v 1.6585 0.9913 0.1962
v 1.6585 1.0241 0.2135
v 1.6585 1.0569 0.2325
v 1.6585 1.0897 0.2530
v 1.6585 1.1226 0.2746
v 1.6585 1.1554 0.2972
v 1.6585 1.1882 0.3203
v 1.6585 1.2210 0.3433
v 1.6585 1.2538 0.3659
v 1.6585 1.2867 0.3875
v 1.6585 1.3195 0.4079
v 1.6585 1.3523 0.4270
v 1.6585 1.3851 0.4452
v 1.6585 1.4179 0.4637
v 1.6585 1.4508 0.4842
v 1.6585 1.4836 0.5086
v 1.6585 1.5164 0.5382
v 1.6585 1.5492 0.5726
v 1.6585 1.5821 0.6086
v 1.6585 1.6149 0.6401
v 1.6585 1.6477 0.6594
v 1.6585 1.6805 0.6594
v 1.6585 1.7133 0.6365
v 1.6585 1.7462 0.5922
v 1.6585 1.7790 0.5322
v 1.6585 1.8118 0.4652
v 1.6585 1.8446 0.3994
v 1.6585 1.8774 0.3409
v 1.6585 1.9103 0.2925
v 1.6585 1.9431 0.2541
v 1.6585 1.9759 0.2244
v 1.6585 2.0087 0.2012
v 1.6585 2.0415 0.1828
v 1.6585 2.0744 0.1676
v 1.6585 2.1072 0.1551
v 1.6585 2.1400 0.1445
v 1.6833 0.8600 0.1408
v 1.6833 0.8928 0.1504
v 1.6833 0.9256 0.1615
v 1.6833 0.9585 0.1742
v 1.6833 0.9913 0.1885
v 1.6833 1.0241 0.2044
v 1.6833 1.0569 0.2219
v 1.6833 1.0897 0.2407
v 1.6833 1.1226 0.2607
v 1.6833 1.1554 0.2814
v 1.6833 1.1882 0.3026
v 1.6833 1.2210 0.3239
v 1.6833 1.2538 0.3446
v 1.6833 1.2867 0.3645
v 1.6833 1.3195 0.3833
v 1.6833 1.3523 0.4008
v 1.6833 1.3851 0.4176
v 1.6833 1.4179 0.4345
v 1.6833 1.4508 0.4531
v 1.6833 1.4836 0.4752
v 1.6833 1.5164 0.5020
v 1.6833 1.5492 0.5331
v 1.6833 1.5821 0.5656
v 1.6833 1.6149 0.5940
v 1.6833 1.6477 0.6112
v 1.6833 1.6805 0.6110
v 1.6833 1.7133 0.5900
v 1.6833 1.7462 0.5495
v 1.6833 1.7790 0.4949
v 1.6833 1.8118 0.4339
v 1.6833 1.8446 0.3740
v 1.6833 1.8774 0.3207
v 1.6833 1.9103 0.2765
v 1.6833 1.9431 0.2415
v 1.6833 1.9759 0.2143
v 1.6833 2.0087 0.1931
v 1.6833 2.0415 0.1761
v 1.6833 2.0744 0.1622
v 1.6833 2.1072 0.1507
v 1.6833 2.1400 0.1409
v 1.7080 0.8600 0.1374
v 1.7080 0.8928 0.1461
v 1.7080 0.9256 0.1562
v 1.7080 0.9585 0.1679
v 1.7080 0.9913 0.1810
v 1.7080 1.0241 0.1956
v 1.7080 1.0569 0.2115
v 1.7080 1.0897 0.2288
v 1.7080 1.1226 0.2470
v 1.7080 1.1554 0.2660
v 1.7080 1.1882 0.2854
v 1.7080 1.2210 0.3048
v 1.7080 1.2538 0.3238
v 1.7080 1.2867 0.3420
v 1.7080 1.3195 0.3591
v 1.7080 1.3523 0.3751
v 1.7080 1.3851 0.3903
v 1.7080 1.4179 0.4055
v 1.7080 1.4508 0.4220
v 1.7080 1.4836 0.4413
v 1.7080 1.5164 0.4646
v 1.7080 1.5492 0.4914
v 1.7080 1.5821 0.5193
v 1.7080 1.6149 0.5434
v 1.7080 1.6477 0.5577
v 1.7080 1.6805 0.5567
v 1.7080 1.7133 0.5377
v 1.7080 1.7462 0.5016
v 1.7080 1.7790 0.4533
v 1.7080 1.8118 0.3993
v 1.7080 1.8446 0.3463
v 1.7080 1.8774 0.2991
v 1.7080 1.9103 0.2598
v 1.7080 1.9431 0.2286
v 1.7080 1.9759 0.2041
v 1.7080 2.0087 0.1849
v 1.7080 2.0415 0.1695
v 1.7080 2.0744 0.1569
v 1.7080 2.1072 0.1463
v 1.7080 2.1400 0.1375
v 1.7327 0.8600 0.1340
v 1.7327 0.8928 0.1419
v 1.7327 0.9256 0.1512
v 1.7327 0.9585 0.1617
v 1.7327 0.9913 0.1737
v 1.7327 1.0241 0.1870
v 1.7327 1.0569 0.2015
v 1.7327 1.0897 0.2172
v 1.7327 1.1226 0.2338
v 1.7327 1.1554 0.2511
v 1.7327 1.1882 0.2687
v 1.7327 1.2210 0.2864
v 1.7327 1.2538 0.3036
v 1.7327 1.2867 0.3202
v 1.7327 1.3195 0.3357
v 1.7327 1.3523 0.3502
v 1.7327 1.3851 0.3637
v 1.7327 1.4179 0.3771
v 1.7327 1.4508 0.3914
v 1.7327 1.4836 0.4077
v 1.7327 1.5164 0.4271
v 1.7327 1.5492 0.4491
v 1.7327 1.5821 0.4718
v 1.7327 1.6149 0.4911
v 1.7327 1.6477 0.5020
v 1.7327 1.6805 0.5001
v 1.7327 1.7133 0.4830
v 1.7327 1.7462 0.4516
v 1.7327 1.7790 0.4098
v 1.7327 1.8118 0.3635
v 1.7327 1.8446 0.3179
v 1.7327 1.8774 0.2771
v 1.7327 1.9103 0.2430
v 1.7327 1.9431 0.2156
v 1.7327 1.9759 0.1941
v 1.7327 2.0087 0.1770
v 1.7327 2.0415 0.1631
v 1.7327 2.0744 0.1517
v 1.7327 2.1072 0.1421
v 1.7327 2.1400 0.1341
v 1.7575 0.8600 0.1308
v 1.7575 0.8928 0.1380
v 1.7575 0.9256 0.1463
v 1.7575 0.9585 0.1559
v 1.7575 0.9913 0.1667
v 1.7575 1.0241 0.1787
v 1.7575 1.0569 0.1918
v 1.7575 1.0897 0.2060
v 1.7575 1.1226 0.2211
v 1.7575 1.1554 0.2367
v 1.7575 1.1882 0.2527
v 1.7575 1.2210 0.2686
v 1.7575 1.2538 0.2843
v 1.7575 1.2867 0.2992
v 1.7575 1.3195 0.3132
v 1.7575 1.3523 0.3262
v 1.7575 1.3851 0.3382
v 1.7575 1.4179 0.3498
v 1.7575 1.4508 0.3618
v 1.7575 1.4836 0.3752
v 1.7575 1.5164 0.3906
v 1.7575 1.5492 0.4079
v 1.7575 1.5821 0.4253
v 1.7575 1.6149 0.4398
v 1.7575 1.6477 0.4473
v 1.7575 1.6805 0.4443
v 1.7575 1.7133 0.4290
v 1.7575 1.7462 0.4022
v 1.7575 1.7790 0.3671
v 1.7575 1.8118 0.3282
v 1.7575 1.8446 0.2900
v 1.7575 1.8774 0.2556
v 1.7575 1.9103 0.2266
v 1.7575 1.9431 0.2031
v 1.7575 1.9759 0.1844
v 1.7575 2.0087 0.1693
v 1.7575 2.0415 0.1570
v 1.7575 2.0744 0.1467
v 1.7575 2.1072 0.1381
v 1.7575 2.1400 0.1308
v 1.7822 0.8600 0.1277
v 1.7822 0.8928 0.1342
v 1.7822 0.9256 0.1417
v 1.7822 0.9585 0.1503
v 1.7822 0.9913 0.1600
v 1.7822 1.0241 0.1708
v 1.7822 1.0569 0.1826
v 1.7822 1.0897 0.1954
v 1.7822 1.1226 0.2089
v 1.7822 1.1554 0.2230
v 1.7822 1.1882 0.2374
v 1.7822 1.2210 0.2517
v 1.7822 1.2538 0.2658
v 1.7822 1.2867 0.2792
v 1.7822 1.3195 0.2918
v 1.7822 1.3523 0.3033
v 1.7822 1.3851 0.3139
v 1.7822 1.4179 0.3238
v 1.7822 1.4508 0.3337
v 1.7822 1.4836 0.3444
v 1.7822 1.5164 0.3561
v 1.7822 1.5492 0.3690
v 1.7822 1.5821 0.3815
v 1.7822 1.6149 0.3915
v 1.7822 1.6477 0.3959
v 1.7822 1.6805 0.3920
v 1.7822 1.7133 0.3784
v 1.7822 1.7462 0.3560
v 1.7822 1.7790 0.3270
v 1.7822 1.8118 0.2951
v 1.7822 1.8446 0.2637
v 1.7822 1.8774 0.2353
v 1.7822 1.9103 0.2111
v 1.7822 1.9431 0.1913
v 1.7822 1.9759 0.1751
v 1.7822 2.0087 0.1620
v 1.7822 2.0415 0.1511
v 1.7822 2.0744 0.1420
v 1.7822 2.1072 0.1343
v 1.7822 2.1400 0.1277
v 1.8069 0.8600 0.1248
v 1.8069 0.8928 0.1306
v 1.8069 0.9256 0.1373
v 1.8069 0.9585 0.1450
v 1.8069 0.9913 0.1537
v 1.8069 1.0241 0.1634
v 1.8069 1.0569 0.1740
v 1.8069 1.0897 0.1854
v 1.8069 1.1226 0.1975
v 1.8069 1.1554 0.2101
v 1.8069 1.1882 0.2229
v 1.8069 1.2210 0.2358
v 1.8069 1.2538 0.2484
v 1.8069 1.2867 0.2604
v 1.8069 1.3195 0.2715
v 1.8069 1.3523 0.2818
v 1.8069 1.3851 0.2910
v 1.8069 1.4179 0.2994
v 1.8069 1.4508 0.3075
v 1.8069 1.4836 0.3157
v 1.8069 1.5164 0.3243
v 1.8069 1.5492 0.3333
v 1.8069 1.5821 0.3417
v 1.8069 1.6149 0.3479
v 1.8069 1.6477 0.3496
v 1.8069 1.6805 0.3450
v 1.8069 1.7133 0.3331
v 1.8069 1.7462 0.3144
v 1.8069 1.7790 0.2909
v 1.8069 1.8118 0.2652
v 1.8069 1.8446 0.2399
v 1.8069 1.8774 0.2168
v 1.8069 1.9103 0.1969
v 1.8069 1.9431 0.1803
v 1.8069 1.9759 0.1665
v 1.8069 2.0087 0.1552
v 1.8069 2.0415 0.1456
v 1.8069 2.0744 0.1375
v 1.8069 2.1072 0.1307
v 1.8069 2.1400 0.1248
v 1.8316 0.8600 0.1221
v 1.8316 0.8928 0.1272
v 1.8316 0.9256 0.1332
v 1.8316 0.9585 0.1400
v 1.8316 0.9913 0.1478
v 1.8316 1.0241 0.1564
v 1.8316 1.0569 0.1658
v 1.8316 1.0897 0.1760
v 1.8316 1.1226 0.1867
v 1.8316 1.1554 0.1980
v 1.8316 1.1882 0.2094
v 1.8316 1.2210 0.2208
v 1.8316 1.2538 0.2320
v 1.8316 1.2867 0.2427
v 1.8316 1.3195 0.2526
v 1.8316 1.3523 0.2616
v 1.8316 1.3851 0.2696
v 1.8316 1.4179 0.2767
v 1.8316 1.4508 0.2832
v 1.8316 1.4836 0.2894
v 1.8316 1.5164 0.2954
v 1.8316 1.5492 0.3013
v 1.8316 1.5821 0.3064
v 1.8316 1.6149 0.3096
v 1.8316 1.6477 0.3092
v 1.8316 1.6805 0.3042
v 1.8316 1.7133 0.2937
v 1.8316 1.7462 0.2784
v 1.8316 1.7790 0.2596
v 1.8316 1.8118 0.2391
v 1.8316 1.8446 0.2189
v 1.8316 1.8774 0.2003
v 1.8316 1.9103 0.1841
v 1.8316 1.9431 0.1703
v 1.8316 1.9759 0.1586
v 1.8316 2.0087 0.1488
v 1.8316 2.0415 0.1405
v 1.8316 2.0744 0.1334
v 1.8316 2.1072 0.1273
v 1.8316 2.1400 0.1221
v 1.8564 0.8600 0.1195
v 1.8564 0.8928 0.1241
v 1.8564 0.9256 0.1294
v 1.8564 0.9585 0.1354
v 1.8564 0.9913 0.1423
v 1.8564 1.0241 0.1499
v 1.8564 1.0569 0.1582
v 1.8564 1.0897 0.1672
v 1.8564 1.1226 0.1768
v 1.8564 1.1554 0.1867
v 1.8564 1.1882 0.1968
v 1.8564 1.2210 0.2069
v 1.8564 1.2538 0.2168
v 1.8564 1.2867 0.2263
v 1.8564 1.3195 0.2350
v 1.8564 1.3523 0.2429
v 1.8564 1.3851 0.2498
v 1.8564 1.4179 0.2558
v 1.8564 1.4508 0.2610
v 1.8564 1.4836 0.2656
v 1.8564 1.5164 0.2697
v 1.8564 1.5492 0.2732
v 1.8564 1.5821 0.2758
v 1.8564 1.6149 0.2767
v 1.8564 1.6477 0.2750
v 1.8564 1.6805 0.2697
v 1.8564 1.7133 0.2606
v 1.8564 1.7462 0.2481
v 1.8564 1.7790 0.2330
v 1.8564 1.8118 0.2168
v 1.8564 1.8446 0.2008
v 1.8564 1.8774 0.1859
v 1.8564 1.9103 0.1727
v 1.8564 1.9431 0.1612
v 1.8564 1.9759 0.1514
v 1.8564 2.0087 0.1430
v 1.8564 2.0415 0.1357
v 1.8564 2.0744 0.1295
v 1.8564 2.1072 0.1241
v 1.8564 2.1400 0.1195
v 1.8811 0.8600 0.1172
v 1.8811 0.8928 0.1212
v 1.8811 0.9256 0.1258
v 1.8811 0.9585 0.1312
v 1.8811 0.9913 0.1372
v 1.8811 1.0241 0.1439
v 1.8811 1.0569 0.1513
v 1.8811 1.0897 0.1592
v 1.8811 1.1226 0.1676
v 1.8811 1.1554 0.1763
v 1.8811 1.1882 0.1852
v 1.8811 1.2210 0.1941
v 1.8811 1.2538 0.2028
v 1.8811 1.2867 0.2111
v 1.8811 1.3195 0.2188
v 1.8811 1.3523 0.2257
v 1.8811 1.3851 0.2317
v 1.8811 1.4179 0.2367
v 1.8811 1.4508 0.2409
v 1.8811 1.4836 0.2442
v 1.8811 1.5164 0.2468
v 1.8811 1.5492 0.2487
v 1.8811 1.5821 0.2496
v 1.8811 1.6149 0.2490
v 1.8811 1.6477 0.2464
v 1.8811 1.6805 0.2412
v 1.8811 1.7133 0.2333
v 1.8811 1.7462 0.2230
v 1.8811 1.7790 0.2109
v 1.8811 1.8118 0.1981
v 1.8811 1.8446 0.1854
v 1.8811 1.8774 0.1735
v 1.8811 1.9103 0.1627
v 1.8811 1.9431 0.1532
v 1.8811 1.9759 0.1449
v 1.8811 2.0087 0.1377
v 1.8811 2.0415 0.1314
v 1.8811 2.0744 0.1259
v 1.8811 2.1072 0.1212
v 1.8811 2.1400 0.1172
v 1.9058 0.8600 0.1150
v 1.9058 0.8928 0.1185
v 1.9058 0.9256 0.1226
v 1.9058 0.9585 0.1273
v 1.9058 0.9913 0.1326
v 1.9058 1.0241 0.1384
v 1.9058 1.0569 0.1449
v 1.9058 1.0897 0.1518
v 1.9058 1.1226 0.1591
v 1.9058 1.1554 0.1668
v 1.9058 1.1882 0.1746
v 1.9058 1.2210 0.1824
v 1.9058 1.2538 0.1900
v 1.9058 1.2867 0.1972
v 1.9058 1.3195 0.2039
v 1.9058 1.3523 0.2099
v 1.9058 1.3851 0.2151
v 1.9058 1.4179 0.2193
v 1.9058 1.4508 0.2227
v 1.9058 1.4836 0.2251
v 1.9058 1.5164 0.2268
v 1.9058 1.5492 0.2275
v 1.9058 1.5821 0.2273
v 1.9058 1.6149 0.2258
v 1.9058 1.6477 0.2227
v 1.9058 1.6805 0.2178
v 1.9058 1.7133 0.2110
v 1.9058 1.7462 0.2025
v 1.9058 1.7790 0.1928
v 1.9058 1.8118 0.1826
v 1.9058 1.8446 0.1724
v 1.9058 1.8774 0.1628
v 1.9058 1.9103 0.1540
v 1.9058 1.9431 0.1461
v 1.9058 1.9759 0.1390
v 1.9058 2.0087 0.1328
v 1.9058 2.0415 0.1274
v 1.9058 2.0744 0.1227
v 1.9058 2.1072 0.1186
v 1.9058 2.1400 0.1150
v 1.9305 0.8600 0.1131
v 1.9305 0.8928 0.1161
v 1.9305 0.9256 0.1197
v 1.9305 0.9585 0.1238
v 1.9305 0.9913 0.1283
v 1.9305 1.0241 0.1335
v 1.9305 1.0569 0.1390
v 1.9305 1.0897 0.1451
v 1.9305 1.1226 0.1515
v 1.9305 1.1554 0.1581
v 1.9305 1.1882 0.1649
v 1.9305 1.2210 0.1717
v 1.9305 1.2538 0.1783
v 1.9305 1.2867 0.1846
v 1.9305 1.3195 0.1904
v 1.9305 1.3523 0.1956
v 1.9305 1.3851 0.2001
v 1.9305 1.4179 0.2037
v 1.9305 1.4508 0.2064
v 1.9305 1.4836 0.2082
v 1.9305 1.5164 0.2092
v 1.9305 1.5492 0.2093
v 1.9305 1.5821 0.2084
v 1.9305 1.6149 0.2064
v 1.9305 1.6477 0.2032
v 1.9305 1.6805 0.1987
v 1.9305 1.7133 0.1928
v 1.9305 1.7462 0.1857
v 1.9305 1.7790 0.1779
v 1.9305 1.8118 0.1696
v 1.9305 1.8446 0.1615
v 1.9305 1.8774 0.1536
v 1.9305 1.9103 0.1464
v 1.9305 1.9431 0.1398
v 1.9305 1.9759 0.1338
v 1.9305 2.0087 0.1285
v 1.9305 2.0415 0.1238
v 1.9305 2.0744 0.1197
v 1.9305 2.1072 0.1161
v 1.9305 2.1400 0.1131
v 1.9553 0.8600 0.1113
v 1.9553 0.8928 0.1140
v 1.9553 0.9256 0.1170
v 1.9553 0.9585 0.1206
v 1.9553 0.9913 0.1245
v 1.9553 1.0241 0.1290
v 1.9553 1.0569 0.1338
v 1.9553 1.0897 0.1390
v 1.9553 1.1226 0.1445
v 1.9553 1.1554 0.1503
v 1.9553 1.1882 0.1562
v 1.9553 1.2210 0.1620
v 1.9553 1.2538 0.1678
v 1.9553 1.2867 0.1732
v 1.9553 1.3195 0.1783
v 1.9553 1.3523 0.1827
v 1.9553 1.3851 0.1865
v 1.9553 1.4179 0.1896
v 1.9553 1.4508 0.1918
v 1.9553 1.4836 0.1932
v 1.9553 1.5164 0.1938
v 1.9553 1.5492 0.1935
v 1.9553 1.5821 0.1923
v 1.9553 1.6149 0.1902
v 1.9553 1.6477 0.1871
v 1.9553 1.6805 0.1829
v 1.9553 1.7133 0.1779
v 1.9553 1.7462 0.1720
v 1.9553 1.7790 0.1656
v 1.9553 1.8118 0.1589
v 1.9553 1.8446 0.1522
v 1.9553 1.8774 0.1458
v 1.9553 1.9103 0.1398
v 1.9553 1.9431 0.1342
v 1.9553 1.9759 0.1292
v 1.9553 2.0087 0.1246
v 1.9553 2.0415 0.1206
v 1.9553 2.0744 0.1171
v 1.9553 2.1072 0.1140
v 1.9553 2.1400 0.1113
v 1.9800 0.8600 0.1097
v 1.9800 0.8928 0.1120
v 1.9800 0.9256 0.1147
v 1.9800 0.9585 0.1177
v 1.9800 0.9913 0.1211
v 1.9800 1.0241 0.1249
v 1.9800 1.0569 0.1291
v 1.9800 1.0897 0.1336
v 1.9800 1.1226 0.1383
v 1.9800 1.1554 0.1433
v 1.9800 1.1882 0.1484
v 1.9800 1.2210 0.1534
v 1.9800 1.2538 0.1583
v 1.9800 1.2867 0.1630
v 1.9800 1.3195 0.1674
v 1.9800 1.3523 0.1712
v 1.9800 1.3851 0.1745
v 1.9800 1.4179 0.1770
v 1.9800 1.4508 0.1789
v 1.9800 1.4836 0.1800
v 1.9800 1.5164 0.1803
v 1.9800 1.5492 0.1798
v 1.9800 1.5821 0.1785
v 1.9800 1.6149 0.1764
v 1.9800 1.6477 0.1736
v 1.9800 1.6805 0.1699
v 1.9800 1.7133 0.1656
v 1.9800 1.7462 0.1606
v 1.9800 1.7790 0.1553
v 1.9800 1.8118 0.1498
v 1.9800 1.8446 0.1443
v 1.9800 1.8774 0.1390
v 1.9800 1.9103 0.1340
v 1.9800 1.9431 0.1293
v 1.9800 1.9759 0.1250
v 1.9800 2.0087 0.1212
v 1.9800 2.0415 0.1177
v 1.9800 2.0744 0.1147
v 1.9800 2.1072 0.1120
v 1.9800 2.1400 0.1097
v 0.6447 0.8600 0.0000
v 0.6200 0.8600 0.0000
v 0.6447 2.1400 0.0000
v 0.6200 2.1400 0.0000
v 0.6695 0.8600 0.0000
v 0.6695 2.1400 0.0000
v 0.6942 0.8600 0.0000
v 0.6942 2.1400 0.0000
v 0.7189 0.8600 0.0000
v 0.7189 2.1400 0.0000
v 0.7436 0.8600 0.0000
v 0.7436 2.1400 0.0000
v 0.7684 0.8600 0.0000
v 0.7684 2.1400 0.0000
v 0.7931 0.8600 0.0000
v 0.7931 2.1400 0.0000
v 0.8178 0.8600 0.0000
v 0.8178 2.1400 0.0000
v 0.8425 0.8600 0.0000
v 0.8425 2.1400 0.0000
v 0.8673 0.8600 0.0000
v 0.8673 2.1400 0.0000
v 0.8920 0.8600 0.0000
v 0.8920 2.1400 0.0000
v 0.9167 0.8600 0.0000
v 0.9167 2.1400 0.0000
v 0.9415 0.8600 0.0000
v 0.9415 2.1400 0.0000
v 0.9662 0.8600 0.0000
v 0.9662 2.1400 0.0000
v 0.9909 0.8600 0.0000
v 0.9909 2.1400 0.0000
v 1.0156 0.8600 0.0000
v 1.0156 2.1400 0.0000
v 1.0404 0.8600 0.0000
v 1.0404 2.1400 0.0000
v 1.0651 0.8600 0.0000
v 1.0651 2.1400 0.0000
v 1.0898 0.8600 0.0000
v 1.0898 2.1400 0.0000
v 1.1145 0.8600 0.0000
v 1.1145 2.1400 0.0000
v 1.1393 0.8600 0.0000
v 1.1393 2.1400 0.0000
v 1.1640 0.8600 0.0000
v 1.1640 2.1400 0.0000
v 1.1887 0.8600 0.0000
v 1.1887 2.1400 0.0000
v 1.2135 0.8600 0.0000
v 1.2135 2.1400 0.0000
v 1.2382 0.8600 0.0000
v 1.2382 2.1400 0.0000
v 1.2629 0.8600 0.0000
v 1.2629 2.1400 0.0000
v 1.2876 0.8600 0.0000
v 1.2876 2.1400 0.0000
v 1.3124 0.8600 0.0000
v 1.3124 2.1400 0.0000
v 1.3371 0.8600 0.0000
v 1.3371 2.1400 0.0000
v 1.3618 0.8600 0.0000
v 1.3618 2.1400 0.0000
v 1.3865 0.8600 0.0000
v 1.3865 2.1400 0.0000
v 1.4113 0.8600 0.0000
v 1.4113 2.1400 0.0000
v 1.4360 0.8600 0.0000
v 1.4360 2.1400 0.0000
v 1.4607 0.8600 0.0000
v 1.4607 2.1400 0.0000
v 1.4855 0.8600 0.0000
v 1.4855 2.1400 0.0000
v 1.5102 0.8600 0.0000
v 1.5102 2.1400 0.0000
v 1.5349 0.8600 0.0000
v 1.5349 2.1400 0.0000
v 1.5596 0.8600 0.0000
v 1.5596 2.1400 0.0000
v 1.5844 0.8600 0.0000
v 1.5844 2.1400 0.0000
v 1.6091 0.8600 0.0000
v 1.6091 2.1400 0.0000
v 1.6338 0.8600 0.0000
v 1.6338 2.1400 0.0000
v 1.6585 0.8600 0.0000
v 1.6585 2.1400 0.0000
v 1.6833 0.8600 0.0000
v 1.6833 2.1400 0.0000
v 1.7080 0.8600 0.0000
v 1.7080 2.1400 0.0000
v 1.7327 0.8600 0.0000
v 1.7327 2.1400 0.0000
v 1.7575 0.8600 0.0000
v 1.7575 2.1400 0.0000
v 1.7822 0.8600 0.0000
v 1.7822 2.1400 0.0000
v 1.8069 0.8600 0.0000
v 1.8069 2.1400 0.0000
v 1.8316 0.8600 0.0000
v 1.8316 2.1400 0.0000
v 1.8564 0.8600 0.0000
v 1.8564 2.1400 0.0000
v 1.8811 0.8600 0.0000
v 1.8811 2.1400 0.0000
v 1.9058 0.8600 0.0000
v 1.9058 2.1400 0.0000
v 1.9305 0.8600 0.0000
v 1.9305 2.1400 0.0000
v 1.9553 0.8600 0.0000
v 1.9553 2.1400 0.0000
v 1.9800 0.8600 0.0000
v 1.9800 2.1400 0.0000
v 0.6200 0.8928 0.0000
v 1.9800 0.8928 0.0000
v 0.6200 0.9256 0.0000
v 1.9800 0.9256 0.0000
v 0.6200 0.9585 0.0000
v 1.9800 0.9585 0.0000
v 0.6200 0.9913 0.0000
v 1.9800 0.9913 0.0000
v 0.6200 1.0241 0.0000
v 1.9800 1.0241 0.0000
v 0.6200 1.0569 0.0000
v 1.9800 1.0569 0.0000
v 0.6200 1.0897 0.0000
v 1.9800 1.0897 0.0000
v 0.6200 1.1226 0.0000
v 1.9800 1.1226 0.0000
v 0.6200 1.1554 0.0000
v 1.9800 1.1554 0.0000
v 0.6200 1.1882 0.0000
v 1.9800 1.1882 0.0000
v 0.6200 1.2210 0.0000
v 1.9800 1.2210 0.0000
v 0.6200 1.2538 0.0000
v 1.9800 1.2538 0.0000
v 0.6200 1.2867 0.0000
v 1.9800 1.2867 0.0000
v 0.6200 1.3195 0.0000
v 1.9800 1.3195 0.0000
v 0.6200 1.3523 0.0000
v 1.9800 1.3523 0.0000
v 0.6200 1.3851 0.0000
v 1.9800 1.3851 0.0000
v 0.6200 1.4179 0.0000
v 1.9800 1.4179 0.0000
v 0.6200 1.4508 0.0000
v 1.9800 1.4508 0.0000
v 0.6200 1.4836 0.0000
v 1.9800 1.4836 0.0000
v 0.6200 1.5164 0.0000
v 1.9800 1.5164 0.0000
v 0.6200 1.5492 0.0000
v 1.9800 1.5492 0.0000
v 0.6200 1.5821 0.0000
v 1.9800 1.5821 0.0000
v 0.6200 1.6149 0.0000
v 1.9800 1.6149 0.0000
v 0.6200 1.6477 0.0000
v 1.9800 1.6477 0.0000
v 0.6200 1.6805 0.0000
v 1.9800 1.6805 0.0000
v 0.6200 1.7133 0.0000
v 1.9800 1.7133 0.0000
v 0.6200 1.7462 0.0000
v 1.9800 1.7462 0.0000
v 0.6200 1.7790 0.0000
v 1.9800 1.7790 0.0000
v 0.6200 1.8118 0.0000
v 1.9800 1.8118 0.0000
v 0.6200 1.8446 0.0000
v 1.9800 1.8446 0.0000
v 0.6200 1.8774 0.0000
v 1.9800 1.8774 0.0000
v 0.6200 1.9103 0.0000
v 1.9800 1.9103 0.0000
v 0.6200 1.9431 0.0000
v 1.9800 1.9431 0.0000
v 0.6200 1.9759 0.0000
v 1.9800 1.9759 0.0000
v 0.6200 2.0087 0.0000
v 1.9800 2.0087 0.0000
v 0.6200 2.0415 0.0000
v 1.9800 2.0415 0.0000
v 0.6200 2.0744 0.0000
v 1.9800 2.0744 0.0000
v 0.6200 2.1072 0.0000
v 1.9800 2.1072 0.0000
f 1 2 3 4
f 4 3 5 6
f 6 5 7 8
f 8 7 9 10
f 10 9 11 12
f 12 11 13 14
f 14 13 15 16
f 16 15 17 18
f 18 17 19 20
f 20 19 21 22
f 22 21 23 24
f 24 23 25 26
f 26 25 27 28
f 28 27 29 30
f 30 29 31 32
f 32 31 33 34
f 34 33 35 36
f 36 35 37 38
f 38 37 39 40
f 40 39 41 42
f 42 41 43 44
f 44 43 45 46
f 46 45 47 48
f 48 47 49 50
f 50 49 51 52
f 52 51 53 54
f 54 53 55 56
f 56 55 57 58
f 58 57 59 60
f 60 59 61 62
f 62 61 63 64
f 64 63 65 66
f 66 65 67 68
f 68 67 69 70
f 70 69 71 72
f 72 71 73 74
f 74 73 75 76
f 76 75 77 78
f 78 77 79 80
f 2 81 82 3
f 3 82 83 5
f 5 83 84 7
f 7 84 85 9
f 9 85 86 11
f 11 86 87 13
f 13 87 88 15
f 15 88 89 17
f 17 89 90 19
f 19 90 91 21
f 21 91 92 23
f 23 92 93 25
f 25 93 94 27
f 27 94 95 29
f 29 95 96 31
f 31 96 97 33
f 33 97 98 35
f 35 98 99 37
f 37 99 100 39
f 39 100 101 41
f 41 101 102 43
f 43 102 103 45
f 45 103 104 47
f 47 104 105 49
f 49 105 106 51
f 51 106 107 53
f 53 107 108 55
f 55 108 109 57
f 57 109 110 59
f 59 110 111 61
f 61 111 112 63
f 63 112 113 65
f 65 113 114 67
f 67 114 115 69
f 69 115 116 71
f 71 116 117 73
f 73 117 118 75
f 75 118 119 77
f 77 119 120 79
f 81 121 122 82
f 82 122 123 83
f 83 123 124 84
f 84 124 125 85
f 85 125 126 86
f 86 126 127 87
f 87 127 128 88
f 88 128 129 89
f 89 129 130 90
f 90 130 131 91
f 91 131 132 92
f 92 132 133 93
f 93 133 134 94
f 94 134 135 95
f 95 135 136 96
f 96 136 137 97
f 97 137 138 98
f 98 138 139 99
f 99 139 140 100
f 100 140 141 101
f 101 141 142 102
f 102 142 143 103
f 103 143 144 104
f 104 144 145 105
f 105 145 146 106
f 106 146 147 107
f 107 147 148 108
f 108 148 149 109
f 109 149 150 110
f 110 150 151 111
f 111 151 152 112
f 112 152 153 113
f 113 153 154 114
f 114 154 155 115
f 115 155 156 116
f 116 156 157 117
f 117 157 158 118
f 118 158 159 119
f 119 159 160 120
f 121 161 162 122
f 122 162 163 123
f 123 163 164 124
f 124 164 165 125
f 125 165 166 126
f 126 166 167 127
f 127 167 168 128
f 128 168 169 129
f 129 169 170 130
f 130 170 171 131
f 131 171 172 132
f 132 172 173 133
f 133 173 174 134
f 134 174 175 135
f 135 175 176 136
f 136 176 177 137
f 137 177 178 138
f 138 178 179 139
f 139 179 180 140
f 140 180 181 141
f 141 181 182 142
f 142 182 183 143
f 143 183 184 144
f 144 184 185 145
f 145 185 186 146
f 146 186 187 147
f 147 187 188 148
f 148 188 189 149
f 149 189 190 150
f 150 190 191 151
f 151 191 192 152
f 152 192 193 153
f 153 193 194 154
f 154 194 195 155
f 155 195 196 156
f 156 196 197 157
f 157 197 198 158
f 158 198 199 159
f 159 199 200 160
f 161 201 202 162
f 162 202 203 163
f 163 203 204 164
f 164 204 205 165
f 165 205 206 166
f 166 206 207 167
f 167 207 208 168
f 168 208 209 169
f 169 209 210 170
f 170 210 211 171
f 171 211 212 172
f 172 212 213 173
f 173 213 214 174
f 174 214 215 175
f 175 215 216 176
f 176 216 217 177
f 177 217 218 178
f 178 218 219 179
f 179 219 220 180
f 180 220 221 181
f 181 221 222 182
f 182 222 223 183
f 183 223 224 184
f 184 224 225 185
f 185 225 226 186
f 186 226 227 187
f 187 227 228 188
f 188 228 229 189
f 189 229 230 190
f 190 230 231 191
f 191 231 232 192
f 192 232 233 193
f 193 233 234 194
f 194 234 235 195
f 195 235 236 196
f 196 236 237 197
f 197 237 238 198
f 198 238 239 199
f 199 239 240 200
f 201 241 242 202
f 202 242 243 203
f 203 243 244 204
f 204 244 245 205
f 205 245 246 206
f 206 246 247 207
f 207 247 248 208
f 208 248 249 209
f 209 249 250 210
f 210 250 251 211
f 211 251 252 212
f 212 252 253 213
f 213 253 254 214
f 214 254 255 215
f 215 255 256 216
f 216 256 257 217
f 217 257 258 218
f 218 258 259 219
f 219 259 260 220
f 220 260 261 221
f 221 261 262 222
f 222 262 263 223
f 223 263 264 224
f 224 264 265 225
f 225 265 266 226
f 226 266 267 227
f 227 267 268 228
f 228 268 269 229
f 229 269 270 230
f 230 270 271 231
f 231 271 272 232
f 232 272 273 233
f 233 273 274 234
f 234 274 275 235
f 235 275 276 236
f 236 276 277 237
f 237 277 278 238
f 238 278 279 239
f 239 279 280 240
f 241 281 282 242
f 242 282 283 243
f 243 283 284 244
f 244 284 285 245
f 245 285 286 246
f 246 286 287 247
f 247 287 288 248
f 248 288 289 249
f 249 289 290 250
f 250 290 291 251
f 251 291 292 252
f 252 292 293 253
f 253 293 294 254
f 254 294 295 255
f 255 295 296 256
f 256 296 297 257
f 257 297 298 258
f 258 298 299 259
f 259 299 300 260
f 260 300 301 261
f 261 301 302 262
f 262 302 303 263
f 263 303 304 264
f 264 304 305 265
f 265 305 306 266
f 266 306 307 267
f 267 307 308 268
f 268 308 309 269
f 269 309 310 270
f 270 310 311 271
f 271 311 312 272
f 272 312 313 273
f 273 313 314 274
f 274 314 315 275
f 275 315 316 276
f 276 316 317 277
f 277 317 318 278
f 278 318 319 279
f 279 319 320 280
f 281 321 322 282
f 282 322 323 283
f 283 323 324 284
f 284 324 325 285
f 285 325 326 286
f 286 326 327 287
f 287 327 328 288
f 288 328 329 289
f 289 329 330 290
f 290 330 331 291
f 291 331 332 292
f 292 332 333 293
f 293 333 334 294
f 294 334 335 295
f 295 335 336 296
f 296 336 337 297
f 297 337 338 298
f 298 338 339 299
f 299 339 340 300
f 300 340 341 301
f 301 341 342 302
f 302 342 343 303
f 303 343 344 304
f 304 344 345 305
f 305 345 346 306
f 306 346 347 307
f 307 347 348 308
f 308 348 349 309
f 309 349 350 310
f 310 350 351 311
f 311 351 352 312
f 312 352 353 313
f 313 353 354 314
f 314 354 355 315
f 315 355 356 316
f 316 356 357 317
f 317 357 358 318
f 318 358 359 319
f 319 359 360 320
f 321 361 362 322
f 322 362 363 323
f 323 363 364 324
f 324 364 365 325
f 325 365 366 326
f 326 366 367 327
f 327 367 368 328
f 328 368 369 329
f 329 369 370 330
f 330 370 371 331
f 331 371 372 332
f 332 372 373 333
f 333 373 374 334
f 334 374 375 335
f 335 375 376 336
f 336 376 377 337
f 337 377 378 338
f 338 378 379 339
f 339 379 380 340
f 340 380 381 341
f 341 381 382 342
f 342 382 383 343
f 343 383 384 344
f 344 384 385 345
f 345 385 386 346
f 346 386 387 347
f 347 387 388 348
f 348 388 389 349
f 349 389 390 350
f 350 390 391 351
f 351 391 392 352
f 352 392 393 353
f 353 393 394 354
f 354 394 395 355
f 355 395 396 356
f 356 396 397 357
f 357 397 398 358
f 358 398 399 359
f 359 399 400 360
f 361 401 402 362
f 362 402 403 363
f 363 403 404 364
f 364 404 405 365
f 365 405 406 366
f 366 406 407 367
f 367 407 408 368
f 368 408 409 369
f 369 409 410 370
f 370 410 411 371
f 371 411 412 372
f 372 412 413 373
f 373 413 414 374
f 374 414 415 375
f 375 415 416 376
f 376 416 417 377
f 377 417 418 378
f 378 418 419 379
f 379 419 420 380
f 380 420 421 381
f 381 421 422 382
f 382 422 423 383
f 383 423 424 384
f 384 424 425 385
f 385 425 426 386
f 386 426 427 387
f 387 427 428 388
f 388 428 429 389
f 389 429 430 390
f 390 430 431 391
f 391 431 432 392
f 392 432 433 393
f 393 433 434 394
f 394 434 435 395
f 395 435 436 396
f 396 436 437 397
f 397 437 438 398
f 398 438 439 399
f 399 439 440 400
f 401 441 442 402
f 402 442 443 403
f 403 443 444 404
f 404 444 445 405
f 405 445 446 406
f 406 446 447 407
f 407 447 448 408
f 408 448 449 409
f 409 449 450 410
f 410 450 451 411
f 411 451 452 412
f 412 452 453 413
f 413 453 454 414
f 414 454 455 415
f 415 455 456 416
f 416 456 457 417
f 417 457 458 418
f 418 458 459 419
f 419 459 460 420
f 420 460 461 421
f 421 461 462 422
f 422 462 463 423
f 423 463 464 424
f 424 464 465 425
f 425 465 466 426
f 426 466 467 427
f 427 467 468 428
f 428 468 469 429
f 429 469 470 430
f 430 470 471 431
f 431 471 472 432
f 432 472 473 433
f 433 473 474 434
f 434 474 475 435
f 435 475 476 436
f 436 476 477 437
f 437 477 478 438
f 438 478 479 439
f 439 479 480 440
f 441 481 482 442
f 442 482 483 443
f 443 483 484 444
f 444 484 485 445
f 445 485 486 446
f 446 486 487 447
f 447 487 488 448
f 448 488 489 449
f 449 489 490 450
f 450 490 491 451
f 451 491 492 452
f 452 492 493 453
f 453 493 494 454
f 454 494 495 455
f 455 495 496 456
f 456 496 497 457
f 457 497 498 458
f 458 498 499 459
f 459 499 500 460
f 460 500 501 461
f 461 501 502 462
f 462 502 503 463
f 463 503 504 464
f 464 504 505 465
f 465 505 506 466
f 466 506 507 467
f 467 507 508 468
f 468 508 509 469
f 469 509 510 470
f 470 510 511 471
f 471 511 512 472
f 472 512 513 473
f 473 513 514 474
f 474 514 515 475
f 475 515 516 476
f 476 516 517 477
f 477 517 518 478
f 478 518 519 479
f 479 519 520 480
f 481 521 522 482
f 482 522 523 483
f 483 523 524 484
f 484 524 525 485
f 485 525 526 486
f 486 526 527 487
f 487 527 528 488
f 488 528 529 489
f 489 529 530 490
f 490 530 531 491
f 491 531 532 492
f 492 532 533 493
f 493 533 534 494
f 494 534 535 495
f 495 535 536 496
f 496 536 537 497
f 497 537 538 498
f 498 538 539 499
f 499 539 540 500
f 500 540 541 501
f 501 541 542 502
f 502 542 543 503
f 503 543 544 504
f 504 544 545 505
f 505 545 546 506
f 506 546 547 507
f 507 547 548 508
f 508 548 549 509
f 509 549 550 510
f 510 550 551 511
f 511 551 552 512
f 512 552 553 513
f 513 553 554 514
f 514 554 555 515
f 515 555 556 516
f 516 556 557 517
f 517 557 558 518
f 518 558 559 519
f 519 559 560 520
f 521 561 562 522
f 522 562 563 523
f 523 563 564 524
f 524 564 565 525
f 525 565 566 526
f 526 566 567 527
f 527 567 568 528
f 528 568 569 529
f 529 569 570 530
f 530 570 571 531
f 531 571 572 532
f 532 572 573 533
f 533 573 574 534
f 534 574 575 535
f 535 575 576 536
f 536 576 577 537
f 537 577 578 538
f 538 578 579 539
f 539 579 580 540
f 540 580 581 541
f 541 581 582 542
f 542 582 583 543
f 543 583 584 544
f 544 584 585 545
f 545 585 586 546
f 546 586 587 547
f 547 587 588 548
f 548 588 589 549
f 549 589 590 550
f 550 590 591 551
f 551 591 592 552
f 552 592 593 553
f 553 593 594 554
f 554 594 595 555
f 555 595 596 556
f 556 596 597 557
f 557 597 598 558
f 558 598 599 559
f 559 599 600 560
f 561 601 602 562
f 562 602 603 563
f 563 603 604 564
f 564 604 605 565
f 565 605 606 566
f 566 606 607 567
f 567 607 608 568
f 568 608 609 569
f 569 609 610 570
f 570 610 611 571
f 571 611 612 572
f 572 612 613 573
f 573 613 614 574
f 574 614 615 575
f 575 615 616 576
f 576 616 617 577
f 577 617 618 578
f 578 618 619 579
f 579 619 620 580
f 580 620 621 581
f 581 621 622 582
f 582 622 623 583
f 583 623 624 584
f 584 624 625 585
f 585 625 626 586
f 586 626 627 587
f 587 627 628 588
f 588 628 629 589
f 589 629 630 590
f 590 630 631 591
f 591 631 632 592
f 592 632 633 593
f 593 633 634 594
f 594 634 635 595
f 595 635 636 596
f 596 636 637 597
f 597 637 638 598
f 598 638 639 599
f 599 639 640 600
f 601 641 642 602
f 602 642 643 603
f 603 643 644 604
f 604 644 645 605
f 605 645 646 606
f 606 646 647 607
f 607 647 648 608
f 608 648 649 609
f 609 649 650 610
f 610 650 651 611
f 611 651 652 612
f 612 652 653 613
f 613 653 654 614
f 614 654 655 615
f 615 655 656 616
f 616 656 657 617
f 617 657 658 618
f 618 658 659 619
f 619 659 660 620
f 620 660 661 621
f 621 661 662 622
f 622 662 663 623
f 623 663 664 624
f 624 664 665 625
f 625 665 666 626
f 626 666 667 627
f 627 667 668 628
f 628 668 669 629
f 629 669 670 630
f 630 670 671 631
f 631 671 672 632
f 632 672 673 633
f 633 673 674 634
f 634 674 675 635
f 635 675 676 636
f 636 676 677 637
f 637 677 678 638
f 638 678 679 639
f 639 679 680 640
f 641 681 682 642
f 642 682 683 643
f 643 683 684 644
f 644 684 685 645
f 645 685 686 646
f 646 686 687 647
f 647 687 688 648
f 648 688 689 649
f 649 689 690 650
f 650 690 691 651
f 651 691 692 652
f 652 692 693 653
f 653 693 694 654
f 654 694 695 655
f 655 695 696 656
f 656 696 697 657
f 657 697 698 658
f 658 698 699 659
f 659 699 700 660
f 660 700 701 661
f 661 701 702 662
f 662 702 703 663
f 663 703 704 664
f 664 704 705 665
f 665 705 706 666
f 666 706 707 667
f 667 707 708 668
f 668 708 709 669
f 669 709 710 670
f 670 710 711 671
f 671 711 712 672
f 672 712 713 673
f 673 713 714 674
f 674 714 715 675
f 675 715 716 676
f 676 716 717 677
f 677 717 718 678
f 678 718 719 679
f 679 719 720 680
f 681 721 722 682
f 682 722 723 683
f 683 723 724 684
f 684 724 725 685
f 685 725 726 686
f 686 726 727 687
f 687 727 728 688
f 688 728 729 689
f 689 729 730 690
f 690 730 731 691
f 691 731 732 692
f 692 732 733 693
f 693 733 734 694
f 694 734 735 695
f 695 735 736 696
f 696 736 737 697
f 697 737 738 698
f 698 738 739 699
f 699 739 740 700
f 700 740 741 701
f 701 741 742 702
f 702 742 743 703
f 703 743 744 704
f 704 744 745 705
f 705 745 746 706
f 706 746 747 707
f 707 747 748 708
f 708 748 749 709
f 709 749 750 710
f 710 750 751 711
f 711 751 752 712
f 712 752 753 713
f 713 753 754 714
f 714 754 755 715
f 715 755 756 716
f 716 756 757 717
f 717 757 758 718
f 718 758 759 719
f 719 759 760 720
f 721 761 762 722
f 722 762 763 723
f 723 763 764 724
f 724 764 765 725
f 725 765 766 726
f 726 766 767 727
f 727 767 768 728
f 728 768 769 729
f 729 769 770 730
f 730 770 771 731
f 731 771 772 732
f 732 772 773 733
f 733 773 774 734
f 734 774 775 735
f 735 775 776 736
f 736 776 777 737
f 737 777 778 738
f 738 778 779 739
f 739 779 780 740
f 740 780 781 741
f 741 781 782 742
f 742 782 783 743
f 743 783 784 744
f 744 784 785 745
f 745 785 786 746
f 746 786 787 747
f 747 787 788 748
f 748 788 789 749
f 749 789 790 750
f 750 790 791 751
f 751 791 792 752
f 752 792 793 753
f 753 793 794 754
f 754 794 795 755
f 755 795 796 756
f 756 796 797 757
f 757 797 798 758
f 758 798 799 759
f 759 799 800 760
f 761 801 802 762
f 762 802 803 763
f 763 803 804 764
f 764 804 805 765
f 765 805 806 766
f 766 806 807 767
f 767 807 808 768
f 768 808 809 769
f 769 809 810 770
f 770 810 811 771
f 771 811 812 772
f 772 812 813 773
f 773 813 814 774
f 774 814 815 775
f 775 815 816 776
f 776 816 817 777
f 777 817 818 778
f 778 818 819 779
f 779 819 820 780
f 780 820 821 781
f 781 821 822 782
f 782 822 823 783
f 783 823 824 784
f 784 824 825 785
f 785 825 826 786
f 786 826 827 787
f 787 827 828 788
f 788 828 829 789
f 789 829 830 790
f 790 830 831 791
f 791 831 832 792
f 792 832 833 793
f 793 833 834 794
f 794 834 835 795
f 795 835 836 796
f 796 836 837 797
f 797 837 838 798
f 798 838 839 799
f 799 839 840 800
f 801 841 842 802
f 802 842 843 803
f 803 843 844 804
f 804 844 845 805
f 805 845 846 806
f 806 846 847 807
f 807 847 848 808
f 808 848 849 809
f 809 849 850 810
f 810 850 851 811
f 811 851 852 812
f 812 852 853 813
f 813 853 854 814
f 814 854 855 815
f 815 855 856 816
f 816 856 857 817
f 817 857 858 818
f 818 858 859 819
f 819 859 860 820
f 820 860 861 821
f 821 861 862 822
f 822 862 863 823
f 823 863 864 824
f 824 864 865 825
f 825 865 866 826
f 826 866 867 827
f 827 867 868 828
f 828 868 869 829
f 829 869 870 830
f 830 870 871 831
f 831 871 872 832
f 832 872 873 833
f 833 873 874 834
f 834 874 875 835
f 835 875 876 836
f 836 876 877 837
f 837 877 878 838
f 838 878 879 839
f 839 879 880 840
f 841 881 882 842
f 842 882 883 843
f 843 883 884 844
f 844 884 885 845
f 845 885 886 846
f 846 886 887 847
f 847 887 888 848
f 848 888 889 849
f 849 889 890 850
f 850 890 891 851
f 851 891 892 852
f 852 892 893 853
f 853 893 894 854
f 854 894 895 855
f 855 895 896 856
f 856 896 897 857
f 857 897 898 858
f 858 898 899 859
f 859 899 900 860
f 860 900 901 861
f 861 901 902 862
f 862 902 903 863
f 863 903 904 864
f 864 904 905 865
f 865 905 906 866
f 866 906 907 867
f 867 907 908 868
f 868 908 909 869
f 869 909 910 870
f 870 910 911 871
f 871 911 912 872
f 872 912 913 873
f 873 913 914 874
f 874 914 915 875
f 875 915 916 876
f 876 916 917 877
f 877 917 918 878
f 878 918 919 879
f 879 919 920 880
f 881 921 922 882
f 882 922 923 883
f 883 923 924 884
f 884 924 925 885
f 885 925 926 886
f 886 926 927 887
f 887 927 928 888
f 888 928 929 889
f 889 929 930 890
f 890 930 931 891
f 891 931 932 892
f 892 932 933 893
f 893 933 934 894
f 894 934 935 895
f 895 935 936 896
f 896 936 937 897
f 897 937 938 898
f 898 938 939 899
f 899 939 940 900
f 900 940 941 901
f 901 941 942 902
f 902 942 943 903
f 903 943 944 904
f 904 944 945 905
f 905 945 946 906
f 906 946 947 907
f 907 947 948 908
f 908 948 949 909
f 909 949 950 910
f 910 950 951 911
f 911 951 952 912
f 912 952 953 913
f 913 953 954 914
f 914 954 955 915
f 915 955 956 916
f 916 956 957 917
f 917 957 958 918
f 918 958 959 919
f 919 959 960 920
f 921 961 962 922
f 922 962 963 923
f 923 963 964 924
f 924 964 965 925
f 925 965 966 926
f 926 966 967 927
f 927 967 968 928
f 928 968 969 929
f 929 969 970 930
f 930 970 971 931
f 931 971 972 932
f 932 972 973 933
f 933 973 974 934
f 934 974 975 935
f 935 975 976 936
f 936 976 977 937
f 937 977 978 938
f 938 978 979 939
f 939 979 980 940
f 940 980 981 941
f 941 981 982 942
f 942 982 983 943
f 943 983 984 944
f 944 984 985 945
f 945 985 986 946
f 946 986 987 947
f 947 987 988 948
f 948 988 989 949
f 949 989 990 950
f 950 990 991 951
f 951 991 992 952
f 952 992 993 953
f 953 993 994 954
f 954 994 995 955
f 955 995 996 956
f 956 996 997 957
f 957 997 998 958
f 958 998 999 959
f 959 999 1000 960
f 961 1001 1002 962
f 962 1002 1003 963
f 963 1003 1004 964
f 964 1004 1005 965
f 965 1005 1006 966
f 966 1006 1007 967
f 967 1007 1008 968
f 968 1008 1009 969
f 969 1009 1010 970
f 970 1010 1011 971
f 971 1011 1012 972
f 972 1012 1013 973
f 973 1013 1014 974
f 974 1014 1015 975
f 975 1015 1016 976
f 976 1016 1017 977
f 977 1017 1018 978
f 978 1018 1019 979
f 979 1019 1020 980
f 980 1020 1021 981
f 981 1021 1022 982
f 982 1022 1023 983
f 983 1023 1024 984
f 984 1024 1025 985
f 985 1025 1026 986
f 986 1026 1027 987
f 987 1027 1028 988
f 988 1028 1029 989
f 989 1029 1030 990
f 990 1030 1031 991
f 991 1031 1032 992
f 992 1032 1033 993
f 993 1033 1034 994
f 994 1034 1035 995
f 995 1035 1036 996
f 996 1036 1037 997
f 997 1037 1038 998
f 998 1038 1039 999
f 999 1039 1040 1000
f 1001 1041 1042 1002
f 1002 1042 1043 1003
f 1003 1043 1044 1004
f 1004 1044 1045 1005
f 1005 1045 1046 1006
f 1006 1046 1047 1007
f 1007 1047 1048 1008
f 1008 1048 1049 1009
f 1009 1049 1050 1010
f 1010 1050 1051 1011
f 1011 1051 1052 1012
f 1012 1052 1053 1013
f 1013 1053 1054 1014
f 1014 1054 1055 1015
f 1015 1055 1056 1016
f 1016 1056 1057 1017
f 1017 1057 1058 1018
f 1018 1058 1059 1019
f 1019 1059 1060 1020
f 1020 1060 1061 1021
f 1021 1061 1062 1022
f 1022 1062 1063 1023
f 1023 1063 1064 1024
f 1024 1064 1065 1025
f 1025 1065 1066 1026
f 1026 1066 1067 1027
f 1027 1067 1068 1028
f 1028 1068 1069 1029
f 1029 1069 1070 1030
f 1030 1070 1071 1031
f 1031 1071 1072 1032
f 1032 1072 1073 1033
f 1033 1073 1074 1034
f 1034 1074 1075 1035
f 1035 1075 1076 1036
f 1036 1076 1077 1037
f 1037 1077 1078 1038
f 1038 1078 1079 1039
f 1039 1079 1080 1040
f 1041 1081 1082 1042
f 1042 1082 1083 1043
f 1043 1083 1084 1044
f 1044 1084 1085 1045
f 1045 1085 1086 1046
f 1046 1086 1087 1047
f 1047 1087 1088 1048
f 1048 1088 1089 1049
f 1049 1089 1090 1050
f 1050 1090 1091 1051
f 1051 1091 1092 1052
f 1052 1092 1093 1053
f 1053 1093 1094 1054
f 1054 1094 1095 1055
f 1055 1095 1096 1056
f 1056 1096 1097 1057
f 1057 1097 1098 1058
f 1058 1098 1099 1059
f 1059 1099 1100 1060
f 1060 1100 1101 1061
f 1061 1101 1102 1062
f 1062 1102 1103 1063
f 1063 1103 1104 1064
f 1064 1104 1105 1065
f 1065 1105 1106 1066
f 1066 1106 1107 1067
f 1067 1107 1108 1068
f 1068 1108 1109 1069
f 1069 1109 1110 1070
f 1070 1110 1111 1071
f 1071 1111 1112 1072
f 1072 1112 1113 1073
f 1073 1113 1114 1074
f 1074 1114 1115 1075
f 1075 1115 1116 1076
f 1076 1116 1117 1077
f 1077 1117 1118 1078
f 1078 1118 1119 1079
f 1079 1119 1120 1080
f 1081 1121 1122 1082
f 1082 1122 1123 1083
f 1083 1123 1124 1084
f 1084 1124 1125 1085
f 1085 1125 1126 1086
f 1086 1126 1127 1087
f 1087 1127 1128 1088
f 1088 1128 1129 1089
f 1089 1129 1130 1090
f 1090 1130 1131 1091
f 1091 1131 1132 1092
f 1092 1132 1133 1093
f 1093 1133 1134 1094
f 1094 1134 1135 1095
f 1095 1135 1136 1096
f 1096 1136 1137 1097
f 1097 1137 1138 1098
f 1098 1138 1139 1099
f 1099 1139 1140 1100
f 1100 1140 1141 1101
f 1101 1141 1142 1102
f 1102 1142 1143 1103
f 1103 1143 1144 1104
f 1104 1144 1145 1105
f 1105 1145 1146 1106
f 1106 1146 1147 1107
f 1107 1147 1148 1108
f 1108 1148 1149 1109
f 1109 1149 1150 1110
f 1110 1150 1151 1111
f 1111 1151 1152 1112
f 1112 1152 1153 1113
f 1113 1153 1154 1114
f 1114 1154 1155 1115
f 1115 1155 1156 1116
f 1116 1156 1157 1117
f 1117 1157 1158 1118
f 1118 1158 1159 1119
f 1119 1159 1160 1120
f 1121 1161 1162 1122
f 1122 1162 1163 1123
f 1123 1163 1164 1124
f 1124 1164 1165 1125
f 1125 1165 1166 1126
f 1126 1166 1167 1127
f 1127 1167 1168 1128
f 1128 1168 1169 1129
f 1129 1169 1170 1130
f 1130 1170 1171 1131
f 1131 1171 1172 1132
f 1132 1172 1173 1133
f 1133 1173 1174 1134
f 1134 1174 1175 1135
f 1135 1175 1176 1136
f 1136 1176 1177 1137
f 1137 1177 1178 1138
f 1138 1178 1179 1139
f 1139 1179 1180 1140
f 1140 1180 1181 1141
f 1141 1181 1182 1142
f 1142 1182 1183 1143
f 1143 1183 1184 1144
f 1144 1184 1185 1145
f 1145 1185 1186 1146
f 1146 1186 1187 1147
f 1147 1187 1188 1148
f 1148 1188 1189 1149
f 1149 1189 1190 1150
f 1150 1190 1191 1151
f 1151 1191 1192 1152
f 1152 1192 1193 1153
f 1153 1193 1194 1154
f 1154 1194 1195 1155
f 1155 1195 1196 1156
f 1156 1196 1197 1157
f 1157 1197 1198 1158
f 1158 1198 1199 1159
f 1159 1199 1200 1160
f 1161 1201 1202 1162
f 1162 1202 1203 1163
f 1163 1203 1204 1164
f 1164 1204 1205 1165
f 1165 1205 1206 1166
f 1166 1206 1207 1167
f 1167 1207 1208 1168
f 1168 1208 1209 1169
f 1169 1209 1210 1170
f 1170 1210 1211 1171
f 1171 1211 1212 1172
f 1172 1212 1213 1173
f 1173 1213 1214 1174
f 1174 1214 1215 1175
f 1175 1215 1216 1176
f 1176 1216 1217 1177
f 1177 1217 1218 1178
f 1178 1218 1219 1179
f 1179 1219 1220 1180
f 1180 1220 1221 1181
f 1181 1221 1222 1182
f 1182 1222 1223 1183
f 1183 1223 1224 1184
f 1184 1224 1225 1185
f 1185 1225 1226 1186
f 1186 1226 1227 1187
f 1187 1227 1228 1188
f 1188 1228 1229 1189
f 1189 1229 1230 1190
f 1190 1230 1231 1191
f 1191 1231 1232 1192
f 1192 1232 1233 1193
f 1193 1233 1234 1194
f 1194 1234 1235 1195
f 1195 1235 1236 1196
f 1196 1236 1237 1197
f 1197 1237 1238 1198
f 1198 1238 1239 1199
f 1199 1239 1240 1200
f 1201 1241 1242 1202
f 1202 1242 1243 1203
f 1203 1243 1244 1204
f 1204 1244 1245 1205
f 1205 1245 1246 1206
f 1206 1246 1247 1207
f 1207 1247 1248 1208
f 1208 1248 1249 1209
f 1209 1249 1250 1210
f 1210 1250 1251 1211
f 1211 1251 1252 1212
f 1212 1252 1253 1213
f 1213 1253 1254 1214
f 1214 1254 1255 1215
f 1215 1255 1256 1216
f 1216 1256 1257 1217
f 1217 1257 1258 1218
f 1218 1258 1259 1219
f 1219 1259 1260 1220
f 1220 1260 1261 1221
f 1221 1261 1262 1222
f 1222 1262 1263 1223
f 1223 1263 1264 1224
f 1224 1264 1265 1225
f 1225 1265 1266 1226
f 1226 1266 1267 1227
f 1227 1267 1268 1228
f 1228 1268 1269 1229
f 1229 1269 1270 1230
f 1230 1270 1271 1231
f 1231 1271 1272 1232
f 1232 1272 1273 1233
f 1233 1273 1274 1234
f 1234 1274 1275 1235
f 1235 1275 1276 1236
f 1236 1276 1277 1237
f 1237 1277 1278 1238
f 1238 1278 1279 1239
f 1239 1279 1280 1240
f 1241 1281 1282 1242
f 1242 1282 1283 1243
f 1243 1283 1284 1244
f 1244 1284 1285 1245
f 1245 1285 1286 1246
f 1246 1286 1287 1247
f 1247 1287 1288 1248
f 1248 1288 1289 1249
f 1249 1289 1290 1250
f 1250 1290 1291 1251
f 1251 1291 1292 1252
f 1252 1292 1293 1253
f 1253 1293 1294 1254
f 1254 1294 1295 1255
f 1255 1295 1296 1256
f 1256 1296 1297 1257
f 1257 1297 1298 1258
f 1258 1298 1299 1259
f 1259 1299 1300 1260
f 1260 1300 1301 1261
f 1261 1301 1302 1262
f 1262 1302 1303 1263
f 1263 1303 1304 1264
f 1264 1304 1305 1265
f 1265 1305 1306 1266
f 1266 1306 1307 1267
f 1267 1307 1308 1268
f 1268 1308 1309 1269
f 1269 1309 1310 1270
f 1270 1310 1311 1271
f 1271 1311 1312 1272
f 1272 1312 1313 1273
f 1273 1313 1314 1274
f 1274 1314 1315 1275
f 1275 1315 1316 1276
f 1276 1316 1317 1277
f 1277 1317 1318 1278
f 1278 1318 1319 1279
f 1279 1319 1320 1280
f 1281 1321 1322 1282
f 1282 1322 1323 1283
f 1283 1323 1324 1284
f 1284 1324 1325 1285
f 1285 1325 1326 1286
f 1286 1326 1327 1287
f 1287 1327 1328 1288
f 1288 1328 1329 1289
f 1289 1329 1330 1290
f 1290 1330 1331 1291
f 1291 1331 1332 1292
f 1292 1332 1333 1293
f 1293 1333 1334 1294
f 1294 1334 1335 1295
f 1295 1335 1336 1296
f 1296 1336 1337 1297
f 1297 1337 1338 1298
f 1298 1338 1339 1299
f 1299 1339 1340 1300
f 1300 1340 1341 1301
f 1301 1341 1342 1302
f 1302 1342 1343 1303
f 1303 1343 1344 1304
f 1304 1344 1345 1305
f 1305 1345 1346 1306
f 1306 1346 1347 1307
f 1307 1347 1348 1308
f 1308 1348 1349 1309
f 1309 1349 1350 1310
f 1310 1350 1351 1311
f 1311 1351 1352 1312
f 1312 1352 1353 1313
f 1313 1353 1354 1314
f 1314 1354 1355 1315
f 1315 1355 1356 1316
f 1316 1356 1357 1317
f 1317 1357 1358 1318
f 1318 1358 1359 1319
f 1319 1359 1360 1320
f 1321 1361 1362 1322
f 1322 1362 1363 1323
f 1323 1363 1364 1324
f 1324 1364 1365 1325
f 1325 1365 1366 1326
f 1326 1366 1367 1327
f 1327 1367 1368 1328
f 1328 1368 1369 1329
f 1329 1369 1370 1330
f 1330 1370 1371 1331
f 1331 1371 1372 1332
f 1332 1372 1373 1333
f 1333 1373 1374 1334
f 1334 1374 1375 1335
f 1335 1375 1376 1336
f 1336 1376 1377 1337
f 1337 1377 1378 1338
f 1338 1378 1379 1339
f 1339 1379 1380 1340
f 1340 1380 1381 1341
f 1341 1381 1382 1342
f 1342 1382 1383 1343
f 1343 1383 1384 1344
f 1344 1384 1385 1345
f 1345 1385 1386 1346
f 1346 1386 1387 1347
f 1347 1387 1388 1348
f 1348 1388 1389 1349
f 1349 1389 1390 1350
f 1350 1390 1391 1351
f 1351 1391 1392 1352
f 1352 1392 1393 1353
f 1353 1393 1394 1354
f 1354 1394 1395 1355
f 1355 1395 1396 1356
f 1356 1396 1397 1357
f 1357 1397 1398 1358
f 1358 1398 1399 1359
f 1359 1399 1400 1360
f 1361 1401 1402 1362
f 1362 1402 1403 1363
f 1363 1403 1404 1364
f 1364 1404 1405 1365
f 1365 1405 1406 1366
f 1366 1406 1407 1367
f 1367 1407 1408 1368
f 1368 1408 1409 1369
f 1369 1409 1410 1370
f 1370 1410 1411 1371
f 1371 1411 1412 1372
f 1372 1412 1413 1373
f 1373 1413 1414 1374
f 1374 1414 1415 1375
f 1375 1415 1416 1376
f 1376 1416 1417 1377
f 1377 1417 1418 1378
f 1378 1418 1419 1379
f 1379 1419 1420 1380
f 1380 1420 1421 1381
f 1381 1421 1422 1382
f 1382 1422 1423 1383
f 1383 1423 1424 1384
f 1384 1424 1425 1385
f 1385 1425 1426 1386
f 1386 1426 1427 1387
f 1387 1427 1428 1388
f 1388 1428 1429 1389
f 1389 1429 1430 1390
f 1390 1430 1431 1391
f 1391 1431 1432 1392
f 1392 1432 1433 1393
f 1393 1433 1434 1394
f 1394 1434 1435 1395
f 1395 1435 1436 1396
f 1396 1436 1437 1397
f 1397 1437 1438 1398
f 1398 1438 1439 1399
f 1399 1439 1440 1400
f 1401 1441 1442 1402
f 1402 1442 1443 1403
f 1403 1443 1444 1404
f 1404 1444 1445 1405
f 1405 1445 1446 1406
f 1406 1446 1447 1407
f 1407 1447 1448 1408
f 1408 1448 1449 1409
f 1409 1449 1450 1410
f 1410 1450 1451 1411
f 1411 1451 1452 1412
f 1412 1452 1453 1413
f 1413 1453 1454 1414
f 1414 1454 1455 1415
f 1415 1455 1456 1416
f 1416 1456 1457 1417
f 1417 1457 1458 1418
f 1418 1458 1459 1419
f 1419 1459 1460 1420
f 1420 1460 1461 1421
f 1421 1461 1462 1422
f 1422 1462 1463 1423
f 1423 1463 1464 1424
f 1424 1464 1465 1425
f 1425 1465 1466 1426
f 1426 1466 1467 1427
f 1427 1467 1468 1428
f 1428 1468 1469 1429
f 1429 1469 1470 1430
f 1430 1470 1471 1431
f 1431 1471 1472 1432
f 1432 1472 1473 1433
f 1433 1473 1474 1434
f 1434 1474 1475 1435
f 1435 1475 1476 1436
f 1436 1476 1477 1437
f 1437 1477 1478 1438
f 1438 1478 1479 1439
f 1439 1479 1480 1440
f 1441 1481 1482 1442
f 1442 1482 1483 1443
f 1443 1483 1484 1444
f 1444 1484 1485 1445
f 1445 1485 1486 1446
f 1446 1486 1487 1447
f 1447 1487 1488 1448
f 1448 1488 1489 1449
f 1449 1489 1490 1450
f 1450 1490 1491 1451
f 1451 1491 1492 1452
f 1452 1492 1493 1453
f 1453 1493 1494 1454
f 1454 1494 1495 1455
f 1455 1495 1496 1456
f 1456 1496 1497 1457
f 1457 1497 1498 1458
f 1458 1498 1499 1459
f 1459 1499 1500 1460
f 1460 1500 1501 1461
f 1461 1501 1502 1462
f 1462 1502 1503 1463
f 1463 1503 1504 1464
f 1464 1504 1505 1465
f 1465 1505 1506 1466
f 1466 1506 1507 1467
f 1467 1507 1508 1468
f 1468 1508 1509 1469
f 1469 1509 1510 1470
f 1470 1510 1511 1471
f 1471 1511 1512 1472
f 1472 1512 1513 1473
f 1473 1513 1514 1474
f 1474 1514 1515 1475
f 1475 1515 1516 1476
f 1476 1516 1517 1477
f 1477 1517 1518 1478
f 1478 1518 1519 1479
f 1479 1519 1520 1480
f 1481 1521 1522 1482
f 1482 1522 1523 1483
f 1483 1523 1524 1484
f 1484 1524 1525 1485
f 1485 1525 1526 1486
f 1486 1526 1527 1487
f 1487 1527 1528 1488
f 1488 1528 1529 1489
f 1489 1529 1530 1490
f 1490 1530 1531 1491
f 1491 1531 1532 1492
f 1492 1532 1533 1493
f 1493 1533 1534 1494
f 1494 1534 1535 1495
f 1495 1535 1536 1496
f 1496 1536 1537 1497
f 1497 1537 1538 1498
f 1498 1538 1539 1499
f 1499 1539 1540 1500
f 1500 1540 1541 1501
f 1501 1541 1542 1502
f 1502 1542 1543 1503
f 1503 1543 1544 1504
f 1504 1544 1545 1505
f 1505 1545 1546 1506
f 1506 1546 1547 1507
f 1507 1547 1548 1508
f 1508 1548 1549 1509
f 1509 1549 1550 1510
f 1510 1550 1551 1511
f 1511 1551 1552 1512
f 1512 1552 1553 1513
f 1513 1553 1554 1514
f 1514 1554 1555 1515
f 1515 1555 1556 1516
f 1516 1556 1557 1517
f 1517 1557 1558 1518
f 1518 1558 1559 1519
f 1519 1559 1560 1520
f 1521 1561 1562 1522
f 1522 1562 1563 1523
f 1523 1563 1564 1524
f 1524 1564 1565 1525
f 1525 1565 1566 1526
f 1526 1566 1567 1527
f 1527 1567 1568 1528
f 1528 1568 1569 1529
f 1529 1569 1570 1530
f 1530 1570 1571 1531
f 1531 1571 1572 1532
f 1532 1572 1573 1533
f 1533 1573 1574 1534
f 1534 1574 1575 1535
f 1535 1575 1576 1536
f 1536 1576 1577 1537
f 1537 1577 1578 1538
f 1538 1578 1579 1539
f 1539 1579 1580 1540
f 1540 1580 1581 1541
f 1541 1581 1582 1542
f 1542 1582 1583 1543
f 1543 1583 1584 1544
f 1544 1584 1585 1545
f 1545 1585 1586 1546
f 1546 1586 1587 1547
f 1547 1587 1588 1548
f 1548 1588 1589 1549
f 1549 1589 1590 1550
f 1550 1590 1591 1551
f 1551 1591 1592 1552
f 1552 1592 1593 1553
f 1553 1593 1594 1554
f 1554 1594 1595 1555
f 1555 1595 1596 1556
f 1556 1596 1597 1557
f 1557 1597 1598 1558
f 1558 1598 1599 1559
f 1559 1599 1600 1560
f 1561 1601 1602 1562
f 1562 1602 1603 1563
f 1563 1603 1604 1564
f 1564 1604 1605 1565
f 1565 1605 1606 1566
f 1566 1606 1607 1567
f 1567 1607 1608 1568
f 1568 1608 1609 1569
f 1569 1609 1610 1570
f 1570 1610 1611 1571
f 1571 1611 1612 1572
f 1572 1612 1613 1573
f 1573 1613 1614 1574
f 1574 1614 1615 1575
f 1575 1615 1616 1576
f 1576 1616 1617 1577
f 1577 1617 1618 1578
f 1578 1618 1619 1579
f 1579 1619 1620 1580
f 1580 1620 1621 1581
f 1581 1621 1622 1582
f 1582 1622 1623 1583
f 1583 1623 1624 1584
f 1584 1624 1625 1585
f 1585 1625 1626 1586
f 1586 1626 1627 1587
f 1587 1627 1628 1588
f 1588 1628 1629 1589
f 1589 1629 1630 1590
f 1590 1630 1631 1591
f 1591 1631 1632 1592
f 1592 1632 1633 1593
f 1593 1633 1634 1594
f 1594 1634 1635 1595
f 1595 1635 1636 1596
f 1596 1636 1637 1597
f 1597 1637 1638 1598
f 1598 1638 1639 1599
f 1599 1639 1640 1600
f 1601 1641 1642 1602
f 1602 1642 1643 1603
f 1603 1643 1644 1604
f 1604 1644 1645 1605
f 1605 1645 1646 1606
f 1606 1646 1647 1607
f 1607 1647 1648 1608
f 1608 1648 1649 1609
f 1609 1649 1650 1610
f 1610 1650 1651 1611
f 1611 1651 1652 1612
f 1612 1652 1653 1613
f 1613 1653 1654 1614
f 1614 1654 1655 1615
f 1615 1655 1656 1616
f 1616 1656 1657 1617
f 1617 1657 1658 1618
f 1618 1658 1659 1619
f 1619 1659 1660 1620
f 1620 1660 1661 1621
f 1621 1661 1662 1622
f 1622 1662 1663 1623
f 1623 1663 1664 1624
f 1624 1664 1665 1625
f 1625 1665 1666 1626
f 1626 1666 1667 1627
f 1627 1667 1668 1628
f 1628 1668 1669 1629
f 1629 1669 1670 1630
f 1630 1670 1671 1631
f 1631 1671 1672 1632
f 1632 1672 1673 1633
f 1633 1673 1674 1634
f 1634 1674 1675 1635
f 1635 1675 1676 1636
f 1636 1676 1677 1637
f 1637 1677 1678 1638
f 1638 1678 1679 1639
f 1639 1679 1680 1640
f 1641 1681 1682 1642
f 1642 1682 1683 1643
f 1643 1683 1684 1644
f 1644 1684 1685 1645
f 1645 1685 1686 1646
f 1646 1686 1687 1647
f 1647 1687 1688 1648
f 1648 1688 1689 1649
f 1649 1689 1690 1650
f 1650 1690 1691 1651
f 1651 1691 1692 1652
f 1652 1692 1693 1653
f 1653 1693 1694 1654
f 1654 1694 1695 1655
f 1655 1695 1696 1656
f 1656 1696 1697 1657
f 1657 1697 1698 1658
f 1658 1698 1699 1659
f 1659 1699 1700 1660
f 1660 1700 1701 1661
f 1661 1701 1702 1662
f 1662 1702 1703 1663
f 1663 1703 1704 1664
f 1664 1704 1705 1665
f 1665 1705 1706 1666
f 1666 1706 1707 1667
f 1667 1707 1708 1668
f 1668 1708 1709 1669
f 1669 1709 1710 1670
f 1670 1710 1711 1671
f 1671 1711 1712 1672
f 1672 1712 1713 1673
f 1673 1713 1714 1674
f 1674 1714 1715 1675
f 1675 1715 1716 1676
f 1676 1716 1717 1677
f 1677 1717 1718 1678
f 1678 1718 1719 1679
f 1679 1719 1720 1680
f 1681 1721 1722 1682
f 1682 1722 1723 1683
f 1683 1723 1724 1684
f 1684 1724 1725 1685
f 1685 1725 1726 1686
f 1686 1726 1727 1687
f 1687 1727 1728 1688
f 1688 1728 1729 1689
f 1689 1729 1730 1690
f 1690 1730 1731 1691
f 1691 1731 1732 1692
f 1692 1732 1733 1693
f 1693 1733 1734 1694
f 1694 1734 1735 1695
f 1695 1735 1736 1696
f 1696 1736 1737 1697
f 1697 1737 1738 1698
f 1698 1738 1739 1699
f 1699 1739 1740 1700
f 1700 1740 1741 1701
f 1701 1741 1742 1702
f 1702 1742 1743 1703
f 1703 1743 1744 1704
f 1704 1744 1745 1705
f 1705 1745 1746 1706
f 1706 1746 1747 1707
f 1707 1747 1748 1708
f 1708 1748 1749 1709
f 1709 1749 1750 1710
f 1710 1750 1751 1711
f 1711 1751 1752 1712
f 1712 1752 1753 1713
f 1713 1753 1754 1714
f 1714 1754 1755 1715
f 1715 1755 1756 1716
f 1716 1756 1757 1717
f 1717 1757 1758 1718
f 1718 1758 1759 1719
f 1719 1759 1760 1720
f 1721 1761 1762 1722
f 1722 1762 1763 1723
f 1723 1763 1764 1724
f 1724 1764 1765 1725
f 1725 1765 1766 1726
f 1726 1766 1767 1727
f 1727 1767 1768 1728
f 1728 1768 1769 1729
f 1729 1769 1770 1730
f 1730 1770 1771 1731
f 1731 1771 1772 1732
f 1732 1772 1773 1733
f 1733 1773 1774 1734
f 1734 1774 1775 1735
f 1735 1775 1776 1736
f 1736 1776 1777 1737
f 1737 1777 1778 1738
f 1738 1778 1779 1739
f 1739 1779 1780 1740
f 1740 1780 1781 1741
f 1741 1781 1782 1742
f 1742 1782 1783 1743
f 1743 1783 1784 1744
f 1744 1784 1785 1745
f 1745 1785 1786 1746
f 1746 1786 1787 1747
f 1747 1787 1788 1748
f 1748 1788 1789 1749
f 1749 1789 1790 1750
f 1750 1790 1791 1751
f 1751 1791 1792 1752
f 1752 1792 1793 1753
f 1753 1793 1794 1754
f 1754 1794 1795 1755
f 1755 1795 1796 1756
f 1756 1796 1797 1757
f 1757 1797 1798 1758
f 1758 1798 1799 1759
f 1759 1799 1800 1760
f 1761 1801 1802 1762
f 1762 1802 1803 1763
f 1763 1803 1804 1764
f 1764 1804 1805 1765
f 1765 1805 1806 1766
f 1766 1806 1807 1767
f 1767 1807 1808 1768
f 1768 1808 1809 1769
f 1769 1809 1810 1770
f 1770 1810 1811 1771
f 1771 1811 1812 1772
f 1772 1812 1813 1773
f 1773 1813 1814 1774
f 1774 1814 1815 1775
f 1775 1815 1816 1776
f 1776 1816 1817 1777
f 1777 1817 1818 1778
f 1778 1818 1819 1779
f 1779 1819 1820 1780
f 1780 1820 1821 1781
f 1781 1821 1822 1782
f 1782 1822 1823 1783
f 1783 1823 1824 1784
f 1784 1824 1825 1785
f 1785 1825 1826 1786
f 1786 1826 1827 1787
f 1787 1827 1828 1788
f 1788 1828 1829 1789
f 1789 1829 1830 1790
f 1790 1830 1831 1791
f 1791 1831 1832 1792
f 1792 1832 1833 1793
f 1793 1833 1834 1794
f 1794 1834 1835 1795
f 1795 1835 1836 1796
f 1796 1836 1837 1797
f 1797 1837 1838 1798
f 1798 1838 1839 1799
f 1799 1839 1840 1800
f 1801 1841 1842 1802
f 1802 1842 1843 1803
f 1803 1843 1844 1804
f 1804 1844 1845 1805
f 1805 1845 1846 1806
f 1806 1846 1847 1807
f 1807 1847 1848 1808
f 1808 1848 1849 1809
f 1809 1849 1850 1810
f 1810 1850 1851 1811
f 1811 1851 1852 1812
f 1812 1852 1853 1813
f 1813 1853 1854 1814
f 1814 1854 1855 1815
f 1815 1855 1856 1816
f 1816 1856 1857 1817
f 1817 1857 1858 1818
f 1818 1858 1859 1819
f 1819 1859 1860 1820
f 1820 1860 1861 1821
f 1821 1861 1862 1822
f 1822 1862 1863 1823
f 1823 1863 1864 1824
f 1824 1864 1865 1825
f 1825 1865 1866 1826
f 1826 1866 1867 1827
f 1827 1867 1868 1828
f 1828 1868 1869 1829
f 1829 1869 1870 1830
f 1830 1870 1871 1831
f 1831 1871 1872 1832
f 1832 1872 1873 1833
f 1833 1873 1874 1834
f 1834 1874 1875 1835
f 1835 1875 1876 1836
f 1836 1876 1877 1837
f 1837 1877 1878 1838
f 1838 1878 1879 1839
f 1839 1879 1880 1840
f 1841 1881 1882 1842
f 1842 1882 1883 1843
f 1843 1883 1884 1844
f 1844 1884 1885 1845
f 1845 1885 1886 1846
f 1846 1886 1887 1847
f 1847 1887 1888 1848
f 1848 1888 1889 1849
f 1849 1889 1890 1850
f 1850 1890 1891 1851
f 1851 1891 1892 1852
f 1852 1892 1893 1853
f 1853 1893 1894 1854
f 1854 1894 1895 1855
f 1855 1895 1896 1856
f 1856 1896 1897 1857
f 1857 1897 1898 1858
f 1858 1898 1899 1859
f 1859 1899 1900 1860
f 1860 1900 1901 1861
f 1861 1901 1902 1862
f 1862 1902 1903 1863
f 1863 1903 1904 1864
f 1864 1904 1905 1865
f 1865 1905 1906 1866
f 1866 1906 1907 1867
f 1867 1907 1908 1868
f 1868 1908 1909 1869
f 1869 1909 1910 1870
f 1870 1910 1911 1871
f 1871 1911 1912 1872
f 1872 1912 1913 1873
f 1873 1913 1914 1874
f 1874 1914 1915 1875
f 1875 1915 1916 1876
f 1876 1916 1917 1877
f 1877 1917 1918 1878
f 1878 1918 1919 1879
f 1879 1919 1920 1880
f 1881 1921 1922 1882
f 1882 1922 1923 1883
f 1883 1923 1924 1884
f 1884 1924 1925 1885
f 1885 1925 1926 1886
f 1886 1926 1927 1887
f 1887 1927 1928 1888
f 1888 1928 1929 1889
f 1889 1929 1930 1890
f 1890 1930 1931 1891
f 1891 1931 1932 1892
f 1892 1932 1933 1893
f 1893 1933 1934 1894
f 1894 1934 1935 1895
f 1895 1935 1936 1896
f 1896 1936 1937 1897
f 1897 1937 1938 1898
f 1898 1938 1939 1899
f 1899 1939 1940 1900
f 1900 1940 1941 1901
f 1901 1941 1942 1902
f 1902 1942 1943 1903
f 1903 1943 1944 1904
f 1904 1944 1945 1905
f 1905 1945 1946 1906
f 1906 1946 1947 1907
f 1907 1947 1948 1908
f 1908 1948 1949 1909
f 1909 1949 1950 1910
f 1910 1950 1951 1911
f 1911 1951 1952 1912
f 1912 1952 1953 1913
f 1913 1953 1954 1914
f 1914 1954 1955 1915
f 1915 1955 1956 1916
f 1916 1956 1957 1917
f 1917 1957 1958 1918
f 1918 1958 1959 1919
f 1919 1959 1960 1920
f 1921 1961 1962 1922
f 1922 1962 1963 1923
f 1923 1963 1964 1924
f 1924 1964 1965 1925
f 1925 1965 1966 1926
f 1926 1966 1967 1927
f 1927 1967 1968 1928
f 1928 1968 1969 1929
f 1929 1969 1970 1930
f 1930 1970 1971 1931
f 1931 1971 1972 1932
f 1932 1972 1973 1933
f 1933 1973 1974 1934
f 1934 1974 1975 1935
f 1935 1975 1976 1936
f 1936 1976 1977 1937
f 1937 1977 1978 1938
f 1938 1978 1979 1939
f 1939 1979 1980 1940
f 1940 1980 1981 1941
f 1941 1981 1982 1942
f 1942 1982 1983 1943
f 1943 1983 1984 1944
f 1944 1984 1985 1945
f 1945 1985 1986 1946
f 1946 1986 1987 1947
f 1947 1987 1988 1948
f 1948 1988 1989 1949
f 1949 1989 1990 1950
f 1950 1990 1991 1951
f 1951 1991 1992 1952
f 1952 1992 1993 1953
f 1953 1993 1994 1954
f 1954 1994 1995 1955
f 1955 1995 1996 1956
f 1956 1996 1997 1957
f 1957 1997 1998 1958
f 1958 1998 1999 1959
f 1959 1999 2000 1960
f 1961 2001 2002 1962
f 1962 2002 2003 1963
f 1963 2003 2004 1964
f 1964 2004 2005 1965
f 1965 2005 2006 1966
f 1966 2006 2007 1967
f 1967 2007 2008 1968
f 1968 2008 2009 1969
f 1969 2009 2010 1970
f 1970 2010 2011 1971
f 1971 2011 2012 1972
f 1972 2012 2013 1973
f 1973 2013 2014 1974
f 1974 2014 2015 1975
f 1975 2015 2016 1976
f 1976 2016 2017 1977
f 1977 2017 2018 1978
f 1978 2018 2019 1979
f 1979 2019 2020 1980
f 1980 2020 2021 1981
f 1981 2021 2022 1982
f 1982 2022 2023 1983
f 1983 2023 2024 1984
f 1984 2024 2025 1985
f 1985 2025 2026 1986
f 1986 2026 2027 1987
f 1987 2027 2028 1988
f 1988 2028 2029 1989
f 1989 2029 2030 1990
f 1990 2030 2031 1991
f 1991 2031 2032 1992
f 1992 2032 2033 1993
f 1993 2033 2034 1994
f 1994 2034 2035 1995
f 1995 2035 2036 1996
f 1996 2036 2037 1997
f 1997 2037 2038 1998
f 1998 2038 2039 1999
f 1999 2039 2040 2000
f 2001 2041 2042 2002
f 2002 2042 2043 2003
f 2003 2043 2044 2004
f 2004 2044 2045 2005
f 2005 2045 2046 2006
f 2006 2046 2047 2007
f 2007 2047 2048 2008
f 2008 2048 2049 2009
f 2009 2049 2050 2010
f 2010 2050 2051 2011
f 2011 2051 2052 2012
f 2012 2052 2053 2013
f 2013 2053 2054 2014
f 2014 2054 2055 2015
f 2015 2055 2056 2016
f 2016 2056 2057 2017
f 2017 2057 2058 2018
f 2018 2058 2059 2019
f 2019 2059 2060 2020
f 2020 2060 2061 2021
f 2021 2061 2062 2022
f 2022 2062 2063 2023
f 2023 2063 2064 2024
f 2024 2064 2065 2025
f 2025 2065 2066 2026
f 2026 2066 2067 2027
f 2027 2067 2068 2028
f 2028 2068 2069 2029
f 2029 2069 2070 2030
f 2030 2070 2071 2031
f 2031 2071 2072 2032
f 2032 2072 2073 2033
f 2033 2073 2074 2034
f 2034 2074 2075 2035
f 2035 2075 2076 2036
f 2036 2076 2077 2037
f 2037 2077 2078 2038
f 2038 2078 2079 2039
f 2039 2079 2080 2040
f 2041 2081 2082 2042
f 2042 2082 2083 2043
f 2043 2083 2084 2044
f 2044 2084 2085 2045
f 2045 2085 2086 2046
f 2046 2086 2087 2047
f 2047 2087 2088 2048
f 2048 2088 2089 2049
f 2049 2089 2090 2050
f 2050 2090 2091 2051
f 2051 2091 2092 2052
f 2052 2092 2093 2053
f 2053 2093 2094 2054
f 2054 2094 2095 2055
f 2055 2095 2096 2056
f 2056 2096 2097 2057
f 2057 2097 2098 2058
f 2058 2098 2099 2059
f 2059 2099 2100 2060
f 2060 2100 2101 2061
f 2061 2101 2102 2062
f 2062 2102 2103 2063
f 2063 2103 2104 2064
f 2064 2104 2105 2065
f 2065 2105 2106 2066
f 2066 2106 2107 2067
f 2067 2107 2108 2068
f 2068 2108 2109 2069
f 2069 2109 2110 2070
f 2070 2110 2111 2071
f 2071 2111 2112 2072
f 2072 2112 2113 2073
f 2073 2113 2114 2074
f 2074 2114 2115 2075
f 2075 2115 2116 2076
f 2076 2116 2117 2077
f 2077 2117 2118 2078
f 2078 2118 2119 2079
f 2079 2119 2120 2080
f 2081 2121 2122 2082
f 2082 2122 2123 2083
f 2083 2123 2124 2084
f 2084 2124 2125 2085
f 2085 2125 2126 2086
f 2086 2126 2127 2087
f 2087 2127 2128 2088
f 2088 2128 2129 2089
f 2089 2129 2130 2090
f 2090 2130 2131 2091
f 2091 2131 2132 2092
f 2092 2132 2133 2093
f 2093 2133 2134 2094
f 2094 2134 2135 2095
f 2095 2135 2136 2096
f 2096 2136 2137 2097
f 2097 2137 2138 2098
f 2098 2138 2139 2099
f 2099 2139 2140 2100
f 2100 2140 2141 2101
f 2101 2141 2142 2102
f 2102 2142 2143 2103
f 2103 2143 2144 2104
f 2104 2144 2145 2105
f 2105 2145 2146 2106
f 2106 2146 2147 2107
f 2107 2147 2148 2108
f 2108 2148 2149 2109
f 2109 2149 2150 2110
f 2110 2150 2151 2111
f 2111 2151 2152 2112
f 2112 2152 2153 2113
f 2113 2153 2154 2114
f 2114 2154 2155 2115
f 2115 2155 2156 2116
f 2116 2156 2157 2117
f 2117 2157 2158 2118
f 2118 2158 2159 2119
f 2119 2159 2160 2120
f 2121 2161 2162 2122
f 2122 2162 2163 2123
f 2123 2163 2164 2124
f 2124 2164 2165 2125
f 2125 2165 2166 2126
f 2126 2166 2167 2127
f 2127 2167 2168 2128
f 2128 2168 2169 2129
f 2129 2169 2170 2130
f 2130 2170 2171 2131
f 2131 2171 2172 2132
f 2132 2172 2173 2133
f 2133 2173 2174 2134
f 2134 2174 2175 2135
f 2135 2175 2176 2136
f 2136 2176 2177 2137
f 2137 2177 2178 2138
f 2138 2178 2179 2139
f 2139 2179 2180 2140
f 2140 2180 2181 2141
f 2141 2181 2182 2142
f 2142 2182 2183 2143
f 2143 2183 2184 2144
f 2144 2184 2185 2145
f 2145 2185 2186 2146
f 2146 2186 2187 2147
f 2147 2187 2188 2148
f 2148 2188 2189 2149
f 2149 2189 2190 2150
f 2150 2190 2191 2151
f 2151 2191 2192 2152
f 2152 2192 2193 2153
f 2153 2193 2194 2154
f 2154 2194 2195 2155
f 2155 2195 2196 2156
f 2156 2196 2197 2157
f 2157 2197 2198 2158
f 2158 2198 2199 2159
f 2159 2199 2200 2160
f 2161 2201 2202 2162
f 2162 2202 2203 2163
f 2163 2203 2204 2164
f 2164 2204 2205 2165
f 2165 2205 2206 2166
f 2166 2206 2207 2167
f 2167 2207 2208 2168
f 2168 2208 2209 2169
f 2169 2209 2210 2170
f 2170 2210 2211 2171
f 2171 2211 2212 2172
f 2172 2212 2213 2173
f 2173 2213 2214 2174
f 2174 2214 2215 2175
f 2175 2215 2216 2176
f 2176 2216 2217 2177
f 2177 2217 2218 2178
f 2178 2218 2219 2179
f 2179 2219 2220 2180
f 2180 2220 2221 2181
f 2181 2221 2222 2182
f 2182 2222 2223 2183
f 2183 2223 2224 2184
f 2184 2224 2225 2185
f 2185 2225 2226 2186
f 2186 2226 2227 2187
f 2187 2227 2228 2188
f 2188 2228 2229 2189
f 2189 2229 2230 2190
f 2190 2230 2231 2191
f 2191 2231 2232 2192
f 2192 2232 2233 2193
f 2193 2233 2234 2194
f 2194 2234 2235 2195
f 2195 2235 2236 2196
f 2196 2236 2237 2197
f 2197 2237 2238 2198
f 2198 2238 2239 2199
f 2199 2239 2240 2200
f 1 2 2241 2242
f 2244 2243 79 80
f 2 81 2245 2241
f 2243 2246 120 79
f 81 121 2247 2245
f 2246 2248 160 120
f 121 161 2249 2247
f 2248 2250 200 160
f 161 201 2251 2249
f 2250 2252 240 200
f 201 241 2253 2251
f 2252 2254 280 240
f 241 281 2255 2253
f 2254 2256 320 280
f 281 321 2257 2255
f 2256 2258 360 320
f 321 361 2259 2257
f 2258 2260 400 360
f 361 401 2261 2259
f 2260 2262 440 400
f 401 441 2263 2261
f 2262 2264 480 440
f 441 481 2265 2263
f 2264 2266 520 480
f 481 521 2267 2265
f 2266 2268 560 520
f 521 561 2269 2267
f 2268 2270 600 560
f 561 601 2271 2269
f 2270 2272 640 600
f 601 641 2273 2271
f 2272 2274 680 640
f 641 681 2275 2273
f 2274 2276 720 680
f 681 721 2277 2275
f 2276 2278 760 720
f 721 761 2279 2277
f 2278 2280 800 760
f 761 801 2281 2279
f 2280 2282 840 800
f 801 841 2283 2281
f 2282 2284 880 840
f 841 881 2285 2283
f 2284 2286 920 880
f 881 921 2287 2285
f 2286 2288 960 920
f 921 961 2289 2287
f 2288 2290 1000 960
f 961 1001 2291 2289
f 2290 2292 1040 1000
f 1001 1041 2293 2291
f 2292 2294 1080 1040
f 1041 1081 2295 2293
f 2294 2296 1120 1080
f 1081 1121 2297 2295
f 2296 2298 1160 1120
f 1121 1161 2299 2297
f 2298 2300 1200 1160
f 1161 1201 2301 2299
f 2300 2302 1240 1200
f 1201 1241 2303 2301
f 2302 2304 1280 1240
f 1241 1281 2305 2303
f 2304 2306 1320 1280
f 1281 1321 2307 2305
f 2306 2308 1360 1320
f 1321 1361 2309 2307
f 2308 2310 1400 1360
f 1361 1401 2311 2309
f 2310 2312 1440 1400
f 1401 1441 2313 2311
f 2312 2314 1480 1440
f 1441 1481 2315 2313
f 2314 2316 1520 1480
f 1481 1521 2317 2315
f 2316 2318 1560 1520
f 1521 1561 2319 2317
f 2318 2320 1600 1560
f 1561 1601 2321 2319
f 2320 2322 1640 1600
f 1601 1641 2323 2321
f 2322 2324 1680 1640
f 1641 1681 2325 2323
f 2324 2326 1720 1680
f 1681 1721 2327 2325
f 2326 2328 1760 1720
f 1721 1761 2329 2327
f 2328 2330 1800 1760
f 1761 1801 2331 2329
f 2330 2332 1840 1800
f 1801 1841 2333 2331
f 2332 2334 1880 1840
f 1841 1881 2335 2333
f 2334 2336 1920 1880
f 1881 1921 2337 2335
f 2336 2338 1960 1920
f 1921 1961 2339 2337
f 2338 2340 2000 1960
f 1961 2001 2341 2339
f 2340 2342 2040 2000
f 2001 2041 2343 2341
f 2342 2344 2080 2040
f 2041 2081 2345 2343
f 2344 2346 2120 2080
f 2081 2121 2347 2345
f 2346 2348 2160 2120
f 2121 2161 2349 2347
f 2348 2350 2200 2160
f 2161 2201 2351 2349
f 2350 2352 2240 2200
f 2242 2353 4 1
f 2201 2202 2354 2351
f 2353 2355 6 4
f 2202 2203 2356 2354
f 2355 2357 8 6
f 2203 2204 2358 2356
f 2357 2359 10 8
f 2204 2205 2360 2358
f 2359 2361 12 10
f 2205 2206 2362 2360
f 2361 2363 14 12
f 2206 2207 2364 2362
f 2363 2365 16 14
f 2207 2208 2366 2364
f 2365 2367 18 16
f 2208 2209 2368 2366
f 2367 2369 20 18
f 2209 2210 2370 2368
f 2369 2371 22 20
f 2210 2211 2372 2370
f 2371 2373 24 22
f 2211 2212 2374 2372
f 2373 2375 26 24
f 2212 2213 2376 2374
f 2375 2377 28 26
f 2213 2214 2378 2376
f 2377 2379 30 28
f 2214 2215 2380 2378
f 2379 2381 32 30
f 2215 2216 2382 2380
f 2381 2383 34 32
f 2216 2217 2384 2382
f 2383 2385 36 34
f 2217 2218 2386 2384
f 2385 2387 38 36
f 2218 2219 2388 2386
f 2387 2389 40 38
f 2219 2220 2390 2388
f 2389 2391 42 40
f 2220 2221 2392 2390
f 2391 2393 44 42
f 2221 2222 2394 2392
f 2393 2395 46 44
f 2222 2223 2396 2394
f 2395 2397 48 46
f 2223 2224 2398 2396
f 2397 2399 50 48
f 2224 2225 2400 2398
f 2399 2401 52 50
f 2225 2226 2402 2400
f 2401 2403 54 52
f 2226 2227 2404 2402
f 2403 2405 56 54
f 2227 2228 2406 2404
f 2405 2407 58 56
f 2228 2229 2408 2406
f 2407 2409 60 58
f 2229 2230 2410 2408
f 2409 2411 62 60
f 2230 2231 2412 2410
f 2411 2413 64 62
f 2231 2232 2414 2412
f 2413 2415 66 64
f 2232 2233 2416 2414
f 2415 2417 68 66
f 2233 2234 2418 2416
f 2417 2419 70 68
f 2234 2235 2420 2418
f 2419 2421 72 70
f 2235 2236 2422 2420
f 2421 2423 74 72
f 2236 2237 2424 2422
f 2423 2425 76 74
f 2237 2238 2426 2424
f 2425 2427 78 76
f 2238 2239 2428 2426
f 2427 2244 80 78
f 2239 2240 2352 2428
f 2242 2244 2352 2351
